offset,weight,cost,method,day,exposure,return_pct
0,0.05,0.2,high,2016-06-30,0.25,2.8817729566668504
0,0.05,0.2,high,2016-08-01,0.25,0.12183639116030154
0,0.05,0.2,high,2016-08-30,0.25,-0.6172451343607332
0,0.05,0.2,high,2016-09-29,0.25,-0.4225129112301884
0,0.05,0.2,high,2016-10-28,0.25,1.9912985325929222
0,0.05,0.2,high,2016-11-29,0.25,0.06144084356272117
0,0.05,0.2,high,2016-12-29,0.25,0.07672336529354062
0,0.05,0.2,high,2017-01-31,0.25,0.13642929530062187
0,0.05,0.2,high,2017-03-02,0.25,0.4936203873477485
0,0.05,0.2,high,2017-03-31,0.25,0.6722473067632961
0,0.05,0.2,high,2017-05-02,0.25,1.025829086868013
0,0.05,0.2,high,2017-06-01,0.25,-0.5424541532607519
0,0.05,0.2,high,2017-06-30,0.25,0.5561751034715678
0,0.05,0.2,high,2017-08-01,0.25,-0.4822452302256308
0,0.05,0.2,high,2017-08-30,0.25,0.22896942924368613
0,0.05,0.2,high,2017-09-29,0.25,0.7958063643990876
0,0.05,0.2,high,2017-10-30,0.25,2.124271677285816
0,0.05,0.2,high,2017-11-29,0.25,0.6746449105755614
0,0.05,0.2,high,2017-12-29,0.25,1.1182338495963284
0,0.05,0.2,high,2018-01-31,0.25,-0.07403640077119356
0,0.05,0.2,high,2018-03-02,0.25,-1.3103778458711246
0,0.05,0.2,high,2018-04-03,0.25,0.4687199404342257
0,0.05,0.2,high,2018-05-02,0.25,1.714960718166525
0,0.05,0.2,high,2018-06-01,0.25,-0.18790138905442344
0,0.05,0.2,high,2018-07-02,0.25,-0.1690640627856399
0,0.05,0.2,high,2018-08-01,0.25,1.637023218592315
0,0.05,0.2,high,2018-08-30,0.25,0.505628793630164
0,0.05,0.2,high,2018-10-01,0.25,-2.879980855416764
0,0.05,0.2,high,2018-10-30,0.0,0.0
0,0.05,0.2,high,2018-11-29,0.0,0.0
0,0.05,0.2,high,2019-01-02,0.0,0.0
0,0.05,0.2,high,2019-02-01,0.0,0.0
0,0.05,0.2,high,2019-03-05,0.25,0.6332354494173575
0,0.05,0.2,high,2019-04-03,0.25,0.39414166280193896
0,0.05,0.2,high,2019-05-03,0.25,-0.158803527766338
0,0.05,0.2,high,2019-06-04,0.25,1.0392256636685637
0,0.05,0.2,high,2019-07-03,0.25,-0.2200313419233102
0,0.05,0.2,high,2019-08-02,0.25,1.3476655427678175
0,0.05,0.2,high,2019-09-03,0.25,0.32021028857678324
0,0.05,0.2,high,2019-10-02,0.25,0.8145644804474772
0,0.05,0.2,high,2019-10-31,0.25,0.2827045212324464
0,0.05,0.2,high,2019-12-02,0.25,1.5096326505523283
0,0.05,0.2,high,2020-01-02,0.25,-0.020936051135678202
0,0.05,0.2,high,2020-02-03,0.25,-1.1561182912353862
0,0.05,0.2,high,2020-03-04,0.25,-5.359789366070567
0,0.05,0.2,high,2020-04-02,0.0,0.0
0,0.05,0.2,high,2020-05-04,0.25,2.518600427548656
0,0.05,0.2,high,2020-06-03,0.25,0.5661040882208201
0,0.05,0.2,high,2020-07-02,0.25,-0.15073743639432147
0,0.05,0.2,high,2020-08-03,0.25,3.336804264397064
0,0.05,0.2,high,2020-09-01,0.25,-2.471025985921227
0,0.05,0.2,high,2020-10-01,0.25,0.47009984769539326
0,0.05,0.2,high,2020-10-30,0.25,1.2696355910855717
0,0.05,0.2,high,2020-12-01,0.25,1.158710958363951
0,0.05,0.2,high,2020-12-31,0.25,0.24087801851833124
0,0.05,0.2,high,2021-02-02,0.25,-0.17598383496113534
0,0.05,0.2,high,2021-03-04,0.25,0.15024966063761358
0,0.05,0.2,high,2021-04-05,0.25,0.4039931338209124
0,0.05,0.2,high,2021-05-04,0.25,0.46785949019032547
0,0.05,0.2,high,2021-06-03,0.25,0.2919640095110809
0,0.05,0.2,high,2021-07-02,0.25,0.49483189226016133
0,0.05,0.2,high,2021-08-03,0.25,0.7839510221149482
0,0.05,0.2,high,2021-09-01,0.25,-1.8181079062864924
0,0.05,0.2,high,2021-10-01,0.25,0.9281257404886389
0,0.05,0.2,high,2021-11-01,0.25,1.5233687709555577
0,0.05,0.2,high,2021-12-01,0.25,1.9685852304120344
0,0.05,0.2,high,2021-12-31,0.25,-1.401362544022089
0,0.05,0.2,high,2022-02-01,0.25,1.286644088856348
0,0.05,0.2,high,2022-03-03,0.0,0.0
0,0.05,0.2,high,2022-04-01,0.0,0.0
0,0.05,0.2,high,2022-05-03,0.0,0.0
0,0.05,0.2,high,2022-06-02,0.0,0.0
0,0.05,0.2,high,2022-07-05,0.0,0.0
0,0.05,0.2,high,2022-08-03,0.0,0.0
0,0.05,0.2,high,2022-09-01,0.0,0.0
0,0.05,0.2,high,2022-10-03,0.0,0.0
0,0.05,0.2,high,2022-11-01,0.0,0.0
0,0.05,0.2,high,2022-12-01,0.0,0.0
0,0.05,0.2,high,2023-01-03,0.0,0.0
0,0.05,0.2,high,2023-02-02,0.25,-0.16793488998563255
0,0.05,0.2,high,2023-03-06,0.25,-0.24658321517843085
0,0.05,0.2,high,2023-04-04,0.25,0.9148710420123329
0,0.05,0.2,high,2023-05-04,0.25,-0.3326388420025972
0,0.05,0.2,high,2023-06-05,0.25,0.9740473811772565
0,0.05,0.2,high,2023-07-06,0.25,0.6614814226877153
0,0.05,0.2,high,2023-08-04,0.25,1.6506433011815425
0,0.05,0.2,high,2023-09-05,0.25,-1.7664117733376061
0,0.05,0.2,high,2023-10-04,0.25,-0.02314356306323262
0,0.05,0.2,high,2023-11-02,0.25,0.4999118579844142
0,0.05,0.2,high,2023-12-04,0.25,-0.049770112455282955
0,0.05,0.2,high,2024-01-04,0.25,1.2451940793338334
0,0.05,0.2,high,2024-02-05,0.25,0.5694061862762556
0,0.05,0.2,high,2024-03-06,0.25,-2.260084304636023
0,0.05,0.2,high,2024-04-05,0.25,-1.3160691942386116
0,0.05,0.2,high,2024-05-06,0.25,0.7330718101225875
0,0.05,0.2,high,2024-06-05,0.25,-0.8333705103402145
0,0.05,0.2,high,2024-07-08,0.25,-4.001772737966814
0,0.05,0.2,high,2024-08-06,0.25,1.4234473795744051
0,0.05,0.2,high,2024-09-05,0.25,0.1138536172935023
0,0.05,0.2,high,2024-10-04,0.25,-0.2361742065647321
0,0.05,0.2,high,2024-11-04,0.25,1.1919727782631284
0,0.05,0.2,high,2024-12-04,0.25,-1.3609277496984817
0,0.05,0.2,high,2025-01-06,0.25,-0.0958735159419799
0,0.05,0.2,high,2025-02-06,0.25,-2.1431051287529423
0,0.05,0.2,high,2025-03-10,0.0,0.0
0,0.05,0.2,high,2025-04-08,0.0,0.0
0,0.05,0.2,high,2025-05-08,0.0,0.0
0,0.05,0.2,high,2025-06-09,0.25,2.603018069418783
0,0.05,0.2,high,2025-07-10,0.25,0.4569846767744412
0,0.05,0.2,high,2025-08-08,0.25,0.6273082179803158
0,0.05,0.2,high,2025-09-09,0.25,1.5443849522515096
0,0.05,0.2,high,2025-10-08,0.25,-1.4035501273460094
0,0.05,0.2,high,2025-11-06,0.25,0.20246897588749313
0,0.05,0.2,high,2025-12-08,0.25,2.0307817051400168
0,0.05,0.2,high,2026-01-08,0.25,0.29543872162363094
0,0.05,0.2,high,2026-02-09,0.25,-0.5377924021765734
0,0.05,0.2,high,2026-03-11,0.25,0.472691527841973
0,0.05,0.2,high,2026-04-10,0.25,0.6249024377809498
0,0.05,0.2,high,2026-05-11,0.25,-0.021134795581589927
0,0.05,0.2,high,2026-06-10,0.25,0.7622880183420166
0,0.05,0.2,high,2026-07-13,0.25,-0.5594720463133918
0,0.05,0.2,momentum,2016-06-30,0.25,3.470564496824169
0,0.05,0.2,momentum,2016-08-01,0.25,0.47488542675633294
0,0.05,0.2,momentum,2016-08-30,0.25,-0.255006098930155
0,0.05,0.2,momentum,2016-09-29,0.25,0.27673491223649815
0,0.05,0.2,momentum,2016-10-28,0.25,3.367440096971608
0,0.05,0.2,momentum,2016-11-29,0.25,2.0945261441195573
0,0.05,0.2,momentum,2016-12-29,0.25,0.7417026221402168
0,0.05,0.2,momentum,2017-01-31,0.25,1.7302325074043168
0,0.05,0.2,momentum,2017-03-02,0.25,1.195118743384871
0,0.05,0.2,momentum,2017-03-31,0.25,-1.2266080486072695
0,0.05,0.2,momentum,2017-05-02,0.25,3.308544503144928
0,0.05,0.2,momentum,2017-06-01,0.25,0.5425643363964117
0,0.05,0.2,momentum,2017-06-30,0.25,1.3115943527033158
0,0.05,0.2,momentum,2017-08-01,0.25,0.7767700059148064
0,0.05,0.2,momentum,2017-08-30,0.25,1.1912911138086457
0,0.05,0.2,momentum,2017-09-29,0.25,2.2667975028956455
0,0.05,0.2,momentum,2017-10-30,0.25,2.892613445983594
0,0.05,0.2,momentum,2017-11-29,0.25,0.6766797109308165
0,0.05,0.2,momentum,2017-12-29,0.25,1.9608314478675393
0,0.05,0.2,momentum,2018-01-31,0.25,0.569974488430014
0,0.05,0.2,momentum,2018-03-02,0.25,-0.025719630207798883
0,0.05,0.2,momentum,2018-04-03,0.25,1.2246052597766566
0,0.05,0.2,momentum,2018-05-02,0.25,4.1355796594002125
0,0.05,0.2,momentum,2018-06-01,0.25,-1.233558637005916
0,0.05,0.2,momentum,2018-07-02,0.25,-1.7645846167437473
0,0.05,0.2,momentum,2018-08-01,0.25,3.145821271861937
0,0.05,0.2,momentum,2018-08-30,0.25,0.27836428730216856
0,0.05,0.2,momentum,2018-10-01,0.25,-6.176174848084881
0,0.05,0.2,momentum,2018-10-30,0.0,0.0
0,0.05,0.2,momentum,2018-11-29,0.0,0.0
0,0.05,0.2,momentum,2019-01-02,0.0,0.0
0,0.05,0.2,momentum,2019-02-01,0.0,0.0
0,0.05,0.2,momentum,2019-03-05,0.25,2.7090621977231333
0,0.05,0.2,momentum,2019-04-03,0.25,-0.1653583558647309
0,0.05,0.2,momentum,2019-05-03,0.25,0.10756592156035971
0,0.05,0.2,momentum,2019-06-04,0.25,2.3138798294257246
0,0.05,0.2,momentum,2019-07-03,0.25,2.154437582850055
0,0.05,0.2,momentum,2019-08-02,0.25,-0.0007254754549435027
0,0.05,0.2,momentum,2019-09-03,0.25,-5.012245617245137
0,0.05,0.2,momentum,2019-10-02,0.25,0.3438733658898796
0,0.05,0.2,momentum,2019-10-31,0.25,1.2120028362688329
0,0.05,0.2,momentum,2019-12-02,0.25,2.8440721585560658
0,0.05,0.2,momentum,2020-01-02,0.25,-0.5092661866653025
0,0.05,0.2,momentum,2020-02-03,0.25,2.7089932604937195
0,0.05,0.2,momentum,2020-03-04,0.25,-7.615025491343575
0,0.05,0.2,momentum,2020-04-02,0.0,0.0
0,0.05,0.2,momentum,2020-05-04,0.25,3.798453500225518
0,0.05,0.2,momentum,2020-06-03,0.25,1.0406079444109206
0,0.05,0.2,momentum,2020-07-02,0.25,4.389564941123303
0,0.05,0.2,momentum,2020-08-03,0.25,4.100117669686165
0,0.05,0.2,momentum,2020-09-01,0.25,0.5584530084411066
0,0.05,0.2,momentum,2020-10-01,0.25,-0.3981244557036079
0,0.05,0.2,momentum,2020-10-30,0.25,11.999023077256176
0,0.05,0.2,momentum,2020-12-01,0.25,3.9322012325451183
0,0.05,0.2,momentum,2020-12-31,0.25,4.779816268140724
0,0.05,0.2,momentum,2021-02-02,0.25,-5.428336609200802
0,0.05,0.2,momentum,2021-03-04,0.25,1.474559983579149
0,0.05,0.2,momentum,2021-04-05,0.25,-1.8806738408419954
0,0.05,0.2,momentum,2021-05-04,0.25,-1.0708678274739647
0,0.05,0.2,momentum,2021-06-03,0.25,8.989399383158304
0,0.05,0.2,momentum,2021-07-02,0.25,1.2319418672019466
0,0.05,0.2,momentum,2021-08-03,0.25,2.0595059845513575
0,0.05,0.2,momentum,2021-09-01,0.25,-4.261885233240303
0,0.05,0.2,momentum,2021-10-01,0.25,5.512574108305657
0,0.05,0.2,momentum,2021-11-01,0.25,-0.7009838801900314
0,0.05,0.2,momentum,2021-12-01,0.25,-0.8905029847888102
0,0.05,0.2,momentum,2021-12-31,0.25,-4.690506426110463
0,0.05,0.2,momentum,2022-02-01,0.25,1.229658604064432
0,0.05,0.2,momentum,2022-03-03,0.0,0.0
0,0.05,0.2,momentum,2022-04-01,0.0,0.0
0,0.05,0.2,momentum,2022-05-03,0.0,0.0
0,0.05,0.2,momentum,2022-06-02,0.0,0.0
0,0.05,0.2,momentum,2022-07-05,0.0,0.0
0,0.05,0.2,momentum,2022-08-03,0.0,0.0
0,0.05,0.2,momentum,2022-09-01,0.0,0.0
0,0.05,0.2,momentum,2022-10-03,0.0,0.0
0,0.05,0.2,momentum,2022-11-01,0.0,0.0
0,0.05,0.2,momentum,2022-12-01,0.0,0.0
0,0.05,0.2,momentum,2023-01-03,0.0,0.0
0,0.05,0.2,momentum,2023-02-02,0.25,1.5702841020758251
0,0.05,0.2,momentum,2023-03-06,0.25,-0.8604726120187922
0,0.05,0.2,momentum,2023-04-04,0.25,-2.3299593921355277
0,0.05,0.2,momentum,2023-05-04,0.25,3.5204648195362065
0,0.05,0.2,momentum,2023-06-05,0.25,-0.33495801803751224
0,0.05,0.2,momentum,2023-07-06,0.25,4.198483106005502
0,0.05,0.2,momentum,2023-08-04,0.25,-0.36995631472516166
0,0.05,0.2,momentum,2023-09-05,0.25,-3.381382142461453
0,0.05,0.2,momentum,2023-10-04,0.25,-1.0208921235113522
0,0.05,0.2,momentum,2023-11-02,0.25,4.3464949852475065
0,0.05,0.2,momentum,2023-12-04,0.25,-0.7279932380544474
0,0.05,0.2,momentum,2024-01-04,0.25,-0.34977150973988236
0,0.05,0.2,momentum,2024-02-05,0.25,7.152763951955987
0,0.05,0.2,momentum,2024-03-06,0.25,0.3811714310610892
0,0.05,0.2,momentum,2024-04-05,0.25,-1.312574538894895
0,0.05,0.2,momentum,2024-05-06,0.25,3.328522080113605
0,0.05,0.2,momentum,2024-06-05,0.25,-2.0122153241680762
0,0.05,0.2,momentum,2024-07-08,0.25,-4.508496699265985
0,0.05,0.2,momentum,2024-08-06,0.25,1.8459777663310861
0,0.05,0.2,momentum,2024-09-05,0.25,5.436239844499613
0,0.05,0.2,momentum,2024-10-04,0.25,0.5619049132048248
0,0.05,0.2,momentum,2024-11-04,0.25,6.112191044395643
0,0.05,0.2,momentum,2024-12-04,0.25,-1.5788686614362835
0,0.05,0.2,momentum,2025-01-06,0.25,1.077170846913944
0,0.05,0.2,momentum,2025-02-06,0.25,-3.7109104999351494
0,0.05,0.2,momentum,2025-03-10,0.0,0.0
0,0.05,0.2,momentum,2025-04-08,0.0,0.0
0,0.05,0.2,momentum,2025-05-08,0.0,0.0
0,0.05,0.2,momentum,2025-06-09,0.25,3.039660438489733
0,0.05,0.2,momentum,2025-07-10,0.25,3.872552846486621
0,0.05,0.2,momentum,2025-08-08,0.25,-0.6084949123892014
0,0.05,0.2,momentum,2025-09-09,0.25,20.180571193681107
0,0.05,0.2,momentum,2025-10-08,0.25,-2.8583425120496164
0,0.05,0.2,momentum,2025-11-06,0.25,-0.00933673104763777
0,0.05,0.2,momentum,2025-12-08,0.25,0.13625773797163454
0,0.05,0.2,momentum,2026-01-08,0.25,-3.4894774301463816
0,0.05,0.2,momentum,2026-02-09,0.25,-1.9250256415872413
0,0.05,0.2,momentum,2026-03-11,0.25,0.9073683813370037
0,0.05,0.2,momentum,2026-04-10,0.25,4.434952034147521
0,0.05,0.2,momentum,2026-05-11,0.25,-0.5601618275507758
0,0.05,0.2,momentum,2026-06-10,0.25,-0.639622042506327
0,0.05,0.2,momentum,2026-07-13,0.25,-2.797267094485145
0,0.05,0.2,qqq,2016-06-30,0.25,1.7466219971045582
0,0.05,0.2,qqq,2016-08-01,0.25,0.2239859298230229
0,0.05,0.2,qqq,2016-08-30,0.25,0.5111794639818923
0,0.05,0.2,qqq,2016-09-29,0.25,-0.11541402116760358
0,0.05,0.2,qqq,2016-10-28,0.25,0.16233756980739145
0,0.05,0.2,qqq,2016-11-29,0.25,0.1898329623017725
0,0.05,0.2,qqq,2016-12-29,0.25,0.9651931190050922
0,0.05,0.2,qqq,2017-01-31,0.25,1.141369057533903
0,0.05,0.2,qqq,2017-03-02,0.25,0.3424676806839777
0,0.05,0.2,qqq,2017-03-31,0.25,0.8370182672336135
0,0.05,0.2,qqq,2017-05-02,0.25,0.7088165482524111
0,0.05,0.2,qqq,2017-06-01,0.25,-0.8168443446006757
0,0.05,0.2,qqq,2017-06-30,0.25,0.845055452268717
0,0.05,0.2,qqq,2017-08-01,0.25,-0.3124154980511884
0,0.05,0.2,qqq,2017-08-30,0.25,-0.1073778983779139
0,0.05,0.2,qqq,2017-09-29,0.25,0.9040611088407813
0,0.05,0.2,qqq,2017-10-30,0.25,0.6916559006757694
0,0.05,0.2,qqq,2017-11-29,0.25,0.3614515503945537
0,0.05,0.2,qqq,2017-12-29,0.25,1.8847329734757112
0,0.05,0.2,qqq,2018-01-31,0.25,-0.5872475092473128
0,0.05,0.2,qqq,2018-03-02,0.25,-1.476758106207643
0,0.05,0.2,qqq,2018-04-03,0.25,1.3348902844547483
0,0.05,0.2,qqq,2018-05-02,0.25,1.355626964652168
0,0.05,0.2,qqq,2018-06-01,0.25,-0.2174377165479524
0,0.05,0.2,qqq,2018-07-02,0.25,0.3815824492760411
0,0.05,0.2,qqq,2018-08-01,0.25,1.4921445267876976
0,0.05,0.2,qqq,2018-08-30,0.25,-0.05740560964961894
0,0.05,0.2,qqq,2018-10-01,0.25,-3.1054976840598547
0,0.05,0.2,qqq,2018-10-30,0.0,0.0
0,0.05,0.2,qqq,2018-11-29,0.0,0.0
0,0.05,0.2,qqq,2019-01-02,0.0,0.0
0,0.05,0.2,qqq,2019-02-01,0.0,0.0
0,0.05,0.2,qqq,2019-03-05,0.25,1.1413672303150824
0,0.05,0.2,qqq,2019-04-03,0.25,0.5309500687096458
0,0.05,0.2,qqq,2019-05-03,0.25,-2.30818645066877
0,0.05,0.2,qqq,2019-06-04,0.25,1.9070071835388003
0,0.05,0.2,qqq,2019-07-03,0.25,-0.04732739696353683
0,0.05,0.2,qqq,2019-08-02,0.25,0.4995694553193486
0,0.05,0.2,qqq,2019-09-03,0.25,-0.02230534037431786
0,0.05,0.2,qqq,2019-10-02,0.25,1.707117764049526
0,0.05,0.2,qqq,2019-10-31,0.25,0.8538660551244526
0,0.05,0.2,qqq,2019-12-02,0.25,1.5527737283012266
0,0.05,0.2,qqq,2020-01-02,0.25,0.624980601314129
0,0.05,0.2,qqq,2020-02-03,0.25,-1.8142295984428292
0,0.05,0.2,qqq,2020-03-04,0.25,-3.568167042998416
0,0.05,0.2,qqq,2020-04-02,0.0,0.0
0,0.05,0.2,qqq,2020-05-04,0.25,2.0372550607926865
0,0.05,0.2,qqq,2020-06-03,0.25,1.4909478775493534
0,0.05,0.2,qqq,2020-07-02,0.25,0.9599634480848662
0,0.05,0.2,qqq,2020-08-03,0.25,2.3646906887487162
0,0.05,0.2,qqq,2020-09-01,0.25,-2.1428419060492088
0,0.05,0.2,qqq,2020-10-01,0.25,-0.016503341883200573
0,0.05,0.2,qqq,2020-10-30,0.25,2.4987381967034983
0,0.05,0.2,qqq,2020-12-01,0.25,0.8817817588615329
0,0.05,0.2,qqq,2020-12-31,0.25,0.5288489721018808
0,0.05,0.2,qqq,2021-02-02,0.25,-1.6128280082440494
0,0.05,0.2,qqq,2021-03-04,0.25,1.4284999341502846
0,0.05,0.2,qqq,2021-04-05,0.25,0.36194971947158816
0,0.05,0.2,qqq,2021-05-04,0.25,0.04166051226790479
0,0.05,0.2,qqq,2021-06-03,0.25,1.6891666671147387
0,0.05,0.2,qqq,2021-07-02,0.25,0.32090331664167415
0,0.05,0.2,qqq,2021-08-03,0.25,0.8466352590919657
0,0.05,0.2,qqq,2021-09-01,0.25,-1.5923511679144187
0,0.05,0.2,qqq,2021-10-01,0.25,1.8700810934344503
0,0.05,0.2,qqq,2021-11-01,0.25,0.40286442243246956
0,0.05,0.2,qqq,2021-12-01,0.25,0.9240787901551917
0,0.05,0.2,qqq,2021-12-31,0.25,-2.3008088723095566
0,0.05,0.2,qqq,2022-02-01,0.25,-1.5708638765967842
0,0.05,0.2,qqq,2022-03-03,0.0,0.0
0,0.05,0.2,qqq,2022-04-01,0.0,0.0
0,0.05,0.2,qqq,2022-05-03,0.0,0.0
0,0.05,0.2,qqq,2022-06-02,0.0,0.0
0,0.05,0.2,qqq,2022-07-05,0.0,0.0
0,0.05,0.2,qqq,2022-08-03,0.0,0.0
0,0.05,0.2,qqq,2022-09-01,0.0,0.0
0,0.05,0.2,qqq,2022-10-03,0.0,0.0
0,0.05,0.2,qqq,2022-11-01,0.0,0.0
0,0.05,0.2,qqq,2022-12-01,0.0,0.0
0,0.05,0.2,qqq,2023-01-03,0.0,0.0
0,0.05,0.2,qqq,2023-02-02,0.25,-0.4803192746446361
0,0.05,0.2,qqq,2023-03-06,0.25,1.6608480409612936
0,0.05,0.2,qqq,2023-04-04,0.25,-0.1134798459955122
0,0.05,0.2,qqq,2023-05-04,0.25,2.7845115056897685
0,0.05,0.2,qqq,2023-06-05,0.25,1.112612522301104
0,0.05,0.2,qqq,2023-07-06,0.25,0.39574550935908004
0,0.05,0.2,qqq,2023-08-04,0.25,0.1976271515365724
0,0.05,0.2,qqq,2023-09-05,0.25,-1.4946681305947118
0,0.05,0.2,qqq,2023-10-04,0.25,-0.24275946782088553
0,0.05,0.2,qqq,2023-11-02,0.25,1.673121962971602
0,0.05,0.2,qqq,2023-12-04,0.25,0.9201346993273685
0,0.05,0.2,qqq,2024-01-04,0.25,1.9991688845705013
0,0.05,0.2,qqq,2024-02-05,0.25,0.32406010384289363
0,0.05,0.2,qqq,2024-03-06,0.25,-0.4167581516657415
0,0.05,0.2,qqq,2024-04-05,0.25,-0.3851353487139053
0,0.05,0.2,qqq,2024-05-06,0.25,0.7239743123150122
0,0.05,0.2,qqq,2024-06-05,0.25,1.7090848643360745
0,0.05,0.2,qqq,2024-07-08,0.25,-3.225783867258125
0,0.05,0.2,qqq,2024-08-06,0.25,0.7390808335880461
0,0.05,0.2,qqq,2024-09-05,0.25,1.1390302986154843
0,0.05,0.2,qqq,2024-10-04,0.25,0.05491022946946256
0,0.05,0.2,qqq,2024-11-04,0.25,1.4472253824892922
0,0.05,0.2,qqq,2024-12-04,0.25,-0.23559471896397177
0,0.05,0.2,qqq,2025-01-06,0.25,0.009864698903938596
0,0.05,0.2,qqq,2025-02-06,0.25,-1.8548202940614877
0,0.05,0.2,qqq,2025-03-10,0.0,0.0
0,0.05,0.2,qqq,2025-04-08,0.0,0.0
0,0.05,0.2,qqq,2025-05-08,0.0,0.0
0,0.05,0.2,qqq,2025-06-09,0.25,1.1574468079481592
0,0.05,0.2,qqq,2025-07-10,0.25,0.668835474630769
0,0.05,0.2,qqq,2025-08-08,0.25,0.13152551782977806
0,0.05,0.2,qqq,2025-09-09,0.25,0.867746802938707
0,0.05,0.2,qqq,2025-10-08,0.25,0.4315269181592196
0,0.05,0.2,qqq,2025-11-06,0.25,0.6542816962016751
0,0.05,0.2,qqq,2025-12-08,0.25,0.02269860840500293
0,0.05,0.2,qqq,2026-01-08,0.25,-0.5221206213446239
0,0.05,0.2,qqq,2026-02-09,0.25,-0.3556862255394089
0,0.05,0.2,qqq,2026-03-11,0.25,0.2894471549564681
0,0.05,0.2,qqq,2026-04-10,0.25,4.115350337486023
0,0.05,0.2,qqq,2026-05-11,0.25,-0.06368865410092406
0,0.05,0.2,qqq,2026-06-10,0.25,0.9140051357935608
0,0.05,0.2,qqq,2026-07-13,0.25,-0.02743173296451129
0,0.05,0.5,high,2016-06-30,0.25,2.7982527093671994
0,0.05,0.5,high,2016-08-01,0.25,0.04658357308187089
0,0.05,0.5,high,2016-08-30,0.25,-0.6902840232215879
0,0.05,0.5,high,2016-09-29,0.25,-0.49613512323402054
0,0.05,0.5,high,2016-10-28,0.25,1.910445714090847
0,0.05,0.5,high,2016-11-29,0.25,-0.013631058794161266
0,0.05,0.5,high,2016-12-29,0.25,0.0016056839255096378
0,0.05,0.5,high,2017-01-31,0.25,0.061132763970417336
0,0.05,0.5,high,2017-03-02,0.25,0.4172538850229168
0,0.05,0.5,high,2017-03-31,0.25,0.5953457249617378
0,0.05,0.5,high,2017-05-02,0.25,0.9478683458171266
0,0.05,0.5,high,2017-06-01,0.25,-0.6157170795688338
0,0.05,0.5,high,2017-06-30,0.25,0.4796212176052528
0,0.05,0.5,high,2017-08-01,0.25,-0.5556885132186662
0,0.05,0.5,high,2017-08-30,0.25,0.15339569262653452
0,0.05,0.5,high,2017-09-29,0.25,0.7185346596837006
0,0.05,0.5,high,2017-10-30,0.25,2.043020535838269
0,0.05,0.5,high,2017-11-29,0.25,0.59773614671772
0,0.05,0.5,high,2017-12-29,0.25,1.0399963087649455
0,0.05,0.5,high,2018-01-31,0.25,-0.1487024791165581
0,0.05,0.5,high,2018-03-02,0.25,-1.3813404458400513
0,0.05,0.5,high,2018-04-03,0.25,0.39242802775214525
0,0.05,0.5,high,2018-05-02,0.25,1.63493567351638
0,0.05,0.5,high,2018-06-01,0.25,-0.2622263832085081
0,0.05,0.5,high,2018-07-02,0.25,-0.24344548441838088
0,0.05,0.5,high,2018-08-01,0.25,1.5572316368302364
0,0.05,0.5,high,2018-08-30,0.25,0.4292263199536128
0,0.05,0.5,high,2018-10-01,0.25,-2.946241687254836
0,0.05,0.5,high,2018-10-30,0.0,0.0
0,0.05,0.5,high,2018-11-29,0.0,0.0
0,0.05,0.5,high,2019-01-02,0.0,0.0
0,0.05,0.5,high,2019-02-01,0.0,0.0
0,0.05,0.5,high,2019-03-05,0.25,0.5564507281891284
0,0.05,0.5,high,2019-04-03,0.25,0.31807315041083584
0,0.05,0.5,high,2019-05-03,0.25,-0.2332156849776279
0,0.05,0.5,high,2019-06-04,0.25,0.9612247929813966
0,0.05,0.5,high,2019-07-03,0.25,-0.29426009034676515
0,0.05,0.5,high,2019-08-02,0.25,1.2687407360375769
0,0.05,0.5,high,2019-09-03,0.25,0.24436323866829923
0,0.05,0.5,high,2019-10-02,0.25,0.7372365855287777
0,0.05,0.5,high,2019-10-31,0.25,0.20696982038330702
0,0.05,0.5,high,2019-12-02,0.25,1.430222669047998
0,0.05,0.5,high,2020-01-02,0.25,-0.09576119233333236
0,0.05,0.5,high,2020-02-03,0.25,-1.2275429778934144
0,0.05,0.5,high,2020-03-04,0.25,-5.4186218962584025
0,0.05,0.5,high,2020-04-02,0.0,0.0
0,0.05,0.5,high,2020-05-04,0.25,2.4361680687233545
0,0.05,0.5,high,2020-06-03,0.25,0.48952045993950755
0,0.05,0.5,high,2020-07-02,0.25,-0.2251737556969946
0,0.05,0.5,high,2020-08-03,0.25,3.2519209643457003
0,0.05,0.5,high,2020-09-01,0.25,-2.538511847885183
0,0.05,0.5,high,2020-10-01,0.25,0.39380380148150707
0,0.05,0.5,high,2020-10-30,0.25,1.1909445241850003
0,0.05,0.5,high,2020-12-01,0.25,1.080352167777754
0,0.05,0.5,high,2020-12-31,0.25,0.1652686095527045
0,0.05,0.5,high,2021-02-02,0.25,-0.2503445283179584
0,0.05,0.5,high,2021-03-04,0.25,0.0749117302065283
0,0.05,0.5,high,2021-04-05,0.25,0.3278951112082984
0,0.05,0.5,high,2021-05-04,0.25,0.391570154999199
0,0.05,0.5,high,2021-06-03,0.25,0.21620157173314336
0,0.05,0.5,high,2021-07-02,0.25,0.41846176085515996
0,0.05,0.5,high,2021-08-03,0.25,0.7067148302459358
0,0.05,0.5,high,2021-09-01,0.25,-1.8875495936408138
0,0.05,0.5,high,2021-10-01,0.25,0.8504576712009548
0,0.05,0.5,high,2021-11-01,0.25,1.4439176427072598
0,0.05,0.5,high,2021-12-01,0.25,1.8878004499295775
0,0.05,0.5,high,2021-12-31,0.25,-1.4720525980341348
0,0.05,0.5,high,2022-02-01,0.25,1.207902072758893
0,0.05,0.5,high,2022-03-03,0.0,0.0
0,0.05,0.5,high,2022-04-01,0.0,0.0
0,0.05,0.5,high,2022-05-03,0.0,0.0
0,0.05,0.5,high,2022-06-02,0.0,0.0
0,0.05,0.5,high,2022-07-05,0.0,0.0
0,0.05,0.5,high,2022-08-03,0.0,0.0
0,0.05,0.5,high,2022-09-01,0.0,0.0
0,0.05,0.5,high,2022-10-03,0.0,0.0
0,0.05,0.5,high,2022-11-01,0.0,0.0
0,0.05,0.5,high,2022-12-01,0.0,0.0
0,0.05,0.5,high,2023-01-03,0.0,0.0
0,0.05,0.5,high,2023-02-02,0.25,-0.24231969407155773
0,0.05,0.5,high,2023-03-06,0.25,-0.32073242708805516
0,0.05,0.5,high,2023-04-04,0.25,0.8372426773623598
0,0.05,0.5,high,2023-05-04,0.25,-0.4065302730585807
0,0.05,0.5,high,2023-06-05,0.25,0.8962417529619904
0,0.05,0.5,high,2023-07-06,0.25,0.5846120902450069
0,0.05,0.5,high,2023-08-04,0.25,1.5708109202684284
0,0.05,0.5,high,2023-09-05,0.25,-1.8360083171931607
0,0.05,0.5,high,2023-10-04,0.25,-0.09796209162752367
0,0.05,0.5,high,2023-11-02,0.25,0.4235265094698626
0,0.05,0.5,high,2023-12-04,0.25,-0.12450888081230183
0,0.05,0.5,high,2024-01-04,0.25,1.166576227329208
0,0.05,0.5,high,2024-02-05,0.25,0.49281266651326483
0,0.05,0.5,high,2024-03-06,0.25,-2.3282020454053143
0,0.05,0.5,high,2024-04-05,0.25,-1.387014745692594
0,0.05,0.5,high,2024-05-06,0.25,0.6559880276564733
0,0.05,0.5,high,2024-06-05,0.25,-0.9057619925645688
0,0.05,0.5,high,2024-07-08,0.25,-4.064673226271676
0,0.05,0.5,high,2024-08-06,0.25,1.3442955672746004
0,0.05,0.5,high,2024-09-05,0.25,0.038624711727708316
0,0.05,0.5,high,2024-10-04,0.25,-0.3103545988076495
0,0.05,0.5,high,2024-11-04,0.25,1.1135143514225287
0,0.05,0.5,high,2024-12-04,0.25,-1.431738926711812
0,0.05,0.5,high,2025-01-06,0.25,-0.1704741808983834
0,0.05,0.5,high,2025-02-06,0.25,-2.2115732823067336
0,0.05,0.5,high,2025-03-10,0.0,0.0
0,0.05,0.5,high,2025-04-08,0.0,0.0
0,0.05,0.5,high,2025-05-08,0.0,0.0
0,0.05,0.5,high,2025-06-09,0.25,2.520332836347028
0,0.05,0.5,high,2025-07-10,0.25,0.3807279172415079
0,0.05,0.5,high,2025-08-08,0.25,0.5505412518581609
0,0.05,0.5,high,2025-09-09,0.25,1.4648708697333257
0,0.05,0.5,high,2025-10-08,0.25,-1.4742336284211177
0,0.05,0.5,high,2025-11-06,0.25,0.12697462175512708
0,0.05,0.5,high,2025-12-08,0.25,1.9498106142332494
0,0.05,0.5,high,2026-01-08,0.25,0.2196658752961156
0,0.05,0.5,high,2026-02-09,0.25,-0.6110692928263051
0,0.05,0.5,high,2026-03-11,0.25,0.3963877182133535
0,0.05,0.5,high,2026-04-10,0.25,0.5481426782075527
0,0.05,0.5,high,2026-05-11,0.25,-0.0959593414374238
0,0.05,0.5,high,2026-06-10,0.25,0.6851167183087759
0,0.05,0.5,high,2026-07-13,0.25,-0.6326839952808805
0,0.05,0.5,momentum,2016-06-30,0.25,3.3852805160948574
0,0.05,0.5,momentum,2016-08-01,0.25,0.39857504527236465
0,0.05,0.5,momentum,2016-08-30,0.25,-0.32913007997175114
0,0.05,0.5,momentum,2016-09-29,0.25,0.20101809343593402
0,0.05,0.5,momentum,2016-10-28,0.25,3.2824650268481914
0,0.05,0.5,momentum,2016-11-29,0.25,2.0133641058395213
0,0.05,0.5,momentum,2016-12-29,0.25,0.6645929859539823
0,0.05,0.5,momentum,2017-01-31,0.25,1.6501617158924065
0,0.05,0.5,momentum,2017-03-02,0.25,1.1166508927610286
0,0.05,0.5,momentum,2017-03-31,0.25,-1.2978215821949024
0,0.05,0.5,momentum,2017-05-02,0.25,3.2237458556101606
0,0.05,0.5,momentum,2017-06-01,0.25,0.4660512217763646
0,0.05,0.5,momentum,2017-06-30,0.25,1.232777597735768
0,0.05,0.5,momentum,2017-08-01,0.25,0.6995553248819286
0,0.05,0.5,momentum,2017-08-30,0.25,1.1128347289036222
0,0.05,0.5,momentum,2017-09-29,0.25,2.1851194233111437
0,0.05,0.5,momentum,2017-10-30,0.25,2.809060725844037
0,0.05,0.5,momentum,2017-11-29,0.25,0.5997648517996002
0,0.05,0.5,momentum,2017-12-29,0.25,1.8800698939509086
0,0.05,0.5,momentum,2018-01-31,0.25,0.49337926630983464
0,0.05,0.5,momentum,2018-03-02,0.25,-0.10053044212633422
0,0.05,0.5,momentum,2018-04-03,0.25,1.1460490818737457
0,0.05,0.5,momentum,2018-05-02,0.25,4.048303616296556
0,0.05,0.5,momentum,2018-06-01,0.25,-1.3047513500071939
0,0.05,0.5,momentum,2018-07-02,0.25,-1.8341866338728585
0,0.05,0.5,momentum,2018-08-01,0.25,3.0615100640799975
0,0.05,0.5,momentum,2018-08-30,0.25,0.20264258768543097
0,0.05,0.5,momentum,2018-10-01,0.25,-6.232561883954412
0,0.05,0.5,momentum,2018-10-30,0.0,0.0
0,0.05,0.5,momentum,2018-11-29,0.0,0.0
0,0.05,0.5,momentum,2019-01-02,0.0,0.0
0,0.05,0.5,momentum,2019-02-01,0.0,0.0
0,0.05,0.5,momentum,2019-03-05,0.25,2.6260593079573846
0,0.05,0.5,momentum,2019-04-03,0.25,-0.2397508779952484
0,0.05,0.5,momentum,2019-05-03,0.25,0.03235585087653092
0,0.05,0.5,momentum,2019-06-04,0.25,2.2320607140627002
0,0.05,0.5,momentum,2019-07-03,0.25,2.0730960790035002
0,0.05,0.5,momentum,2019-08-02,0.25,-0.07561115771937965
0,0.05,0.5,momentum,2019-09-03,0.25,-5.072119219673754
0,0.05,0.5,momentum,2019-10-02,0.25,0.2679554328968825
0,0.05,0.5,momentum,2019-10-31,0.25,1.1334844091047014
0,0.05,0.5,momentum,2019-12-02,0.25,2.7606648445331228
0,0.05,0.5,momentum,2020-01-02,0.25,-0.5826285279991628
0,0.05,0.5,momentum,2020-02-03,0.25,2.625990577230408
0,0.05,0.5,momentum,2020-03-04,0.25,-7.667102429654415
0,0.05,0.5,momentum,2020-04-02,0.0,0.0
0,0.05,0.5,momentum,2020-05-04,0.25,3.712187323324767
0,0.05,0.5,momentum,2020-06-03,0.25,0.9626029330821684
0,0.05,0.5,momentum,2020-07-02,0.25,4.301528081497241
0,0.05,0.5,momentum,2020-08-03,0.25,4.012947853476878
0,0.05,0.5,momentum,2020-09-01,0.25,0.4818922990780683
0,0.05,0.5,momentum,2020-10-01,0.25,-0.4718197236727062
0,0.05,0.5,momentum,2020-10-30,0.25,11.88819197759614
0,0.05,0.5,momentum,2020-12-01,0.25,3.8455344124106228
0,0.05,0.5,momentum,2020-12-31,0.25,4.690610405116158
0,0.05,0.5,momentum,2021-02-02,0.25,-5.486963805147271
0,0.05,0.5,momentum,2021-03-04,0.25,1.395255062747358
0,0.05,0.5,momentum,2021-04-05,0.25,-1.9499281110498257
0,0.05,0.5,momentum,2021-05-04,0.25,-1.1425478831082247
0,0.05,0.5,momentum,2021-06-03,0.25,8.887583654063146
0,0.05,0.5,momentum,2021-07-02,0.25,1.1533637123871898
0,0.05,0.5,momentum,2021-08-03,0.25,1.9784488496572106
0,0.05,0.5,momentum,2021-09-01,0.25,-4.324006550867443
0,0.05,0.5,momentum,2021-10-01,0.25,5.4211732587529315
0,0.05,0.5,momentum,2021-11-01,0.25,-0.7737719284471978
0,0.05,0.5,momentum,2021-12-01,0.25,-0.9627233258736712
0,0.05,0.5,momentum,2021-12-31,0.25,-4.751343802860452
0,0.05,0.5,momentum,2022-02-01,0.25,1.1510872887968704
0,0.05,0.5,momentum,2022-03-03,0.0,0.0
0,0.05,0.5,momentum,2022-04-01,0.0,0.0
0,0.05,0.5,momentum,2022-05-03,0.0,0.0
0,0.05,0.5,momentum,2022-06-02,0.0,0.0
0,0.05,0.5,momentum,2022-07-05,0.0,0.0
0,0.05,0.5,momentum,2022-08-03,0.0,0.0
0,0.05,0.5,momentum,2022-09-01,0.0,0.0
0,0.05,0.5,momentum,2022-10-03,0.0,0.0
0,0.05,0.5,momentum,2022-11-01,0.0,0.0
0,0.05,0.5,momentum,2022-12-01,0.0,0.0
0,0.05,0.5,momentum,2023-01-03,0.0,0.0
0,0.05,0.5,momentum,2023-02-02,0.25,1.4906924382861009
0,0.05,0.5,momentum,2023-03-06,0.25,-0.9327829095122309
0,0.05,0.5,momentum,2023-04-04,0.25,-2.3978678210867743
0,0.05,0.5,momentum,2023-05-04,0.25,3.4350313616807293
0,0.05,0.5,momentum,2023-06-05,0.25,-0.4088425019687092
0,0.05,0.5,momentum,2023-07-06,0.25,4.111018634733199
0,0.05,0.5,momentum,2023-08-04,0.25,-0.44373596076103805
0,0.05,0.5,momentum,2023-09-05,0.25,-3.446141019615534
0,0.05,0.5,momentum,2023-10-04,0.25,-1.0927218820773632
0,0.05,0.5,momentum,2023-11-02,0.25,4.258587142286596
0,0.05,0.5,momentum,2023-12-04,0.25,-0.8007003793961354
0,0.05,0.5,momentum,2024-01-04,0.25,-0.4236116196460915
0,0.05,0.5,momentum,2024-02-05,0.25,7.056449890407279
0,0.05,0.5,momentum,2024-03-06,0.25,0.305141771183548
0,0.05,0.5,momentum,2024-04-05,0.25,-1.3835305586386348
0,0.05,0.5,momentum,2024-05-06,0.25,3.2436635894629973
0,0.05,0.5,momentum,2024-06-05,0.25,-2.081075559992429
0,0.05,0.5,momentum,2024-07-08,0.25,-4.569879288740452
0,0.05,0.5,momentum,2024-08-06,0.25,1.7655602582504537
0,0.05,0.5,momentum,2024-09-05,0.25,5.345067655319413
0,0.05,0.5,momentum,2024-10-04,0.25,0.48533386361198083
0,0.05,0.5,momentum,2024-11-04,0.25,6.018994033785829
0,0.05,0.5,momentum,2024-12-04,0.25,-1.6490269933499446
0,0.05,0.5,momentum,2025-01-06,0.25,0.9990563108908779
0,0.05,0.5,momentum,2025-02-06,0.25,-3.774682270209362
0,0.05,0.5,momentum,2025-03-10,0.0,0.0
0,0.05,0.5,momentum,2025-04-08,0.0,0.0
0,0.05,0.5,momentum,2025-05-08,0.0,0.0
0,0.05,0.5,momentum,2025-06-09,0.25,2.9556672369934978
0,0.05,0.5,momentum,2025-07-10,0.25,3.786064703940628
0,0.05,0.5,momentum,2025-08-08,0.25,-0.6815600126643728
0,0.05,0.5,momentum,2025-09-09,0.25,20.045232150317503
0,0.05,0.5,momentum,2025-10-08,0.25,-2.9246681618528947
0,0.05,0.5,momentum,2025-11-06,0.25,-0.08419661817352653
0,0.05,0.5,momentum,2025-12-08,0.25,0.06096172054381732
0,0.05,0.5,momentum,2026-01-08,0.25,-3.5539125063293597
0,0.05,0.5,momentum,2026-02-09,0.25,-1.9941470553453855
0,0.05,0.5,momentum,2026-03-11,0.25,0.8297624910137413
0,0.05,0.5,momentum,2026-04-10,0.25,4.346779216838992
0,0.05,0.5,momentum,2026-05-11,0.25,-0.6333717102687486
0,0.05,0.5,momentum,2026-06-10,0.25,-0.7125939010206861
0,0.05,0.5,momentum,2026-07-13,0.25,-2.86377569657007
0,0.05,0.5,qqq,2016-06-30,0.25,1.666502110643231
0,0.05,0.5,qqq,2016-08-01,0.25,0.14842712134921499
0,0.05,0.5,qqq,2016-08-30,0.25,0.4347603631933872
0,0.05,0.5,qqq,2016-09-29,0.25,-0.1899561522627935
0,0.05,0.5,qqq,2016-10-28,0.25,0.08696342987253303
0,0.05,0.5,qqq,2016-11-29,0.25,0.1143764595277652
0,0.05,0.5,qqq,2016-12-29,0.25,0.8874140138580344
0,0.05,0.5,qqq,2017-01-31,0.25,1.0630622148582125
0,0.05,0.5,qqq,2017-03-02,0.25,0.26655395844097374
0,0.05,0.5,qqq,2017-03-31,0.25,0.7596231116773655
0,0.05,0.5,qqq,2017-05-02,0.25,0.6318054227680836
0,0.05,0.5,qqq,2017-06-01,0.25,-0.8892853311894489
0,0.05,0.5,qqq,2017-06-30,0.25,0.7676362212104326
0,0.05,0.5,qqq,2017-08-01,0.25,-0.38636750842151457
0,0.05,0.5,qqq,2017-08-30,0.25,-0.18194410179316334
0,0.05,0.5,qqq,2017-09-29,0.25,0.8264651254992872
0,0.05,0.5,qqq,2017-10-30,0.25,0.6146961801552164
0,0.05,0.5,qqq,2017-11-29,0.25,0.2854809616999354
0,0.05,0.5,qqq,2017-12-29,0.25,1.8041993736210626
0,0.05,0.5,qqq,2018-01-31,0.25,-0.6603762564206805
0,0.05,0.5,qqq,2018-03-02,0.25,-1.5472223117412476
0,0.05,0.5,qqq,2018-04-03,0.25,1.2560037461924356
0,0.05,0.5,qqq,2018-05-02,0.25,1.2766783093695055
0,0.05,0.5,qqq,2018-06-01,0.25,-0.2916742342131129
0,0.05,0.5,qqq,2018-07-02,0.25,0.30555155818763335
0,0.05,0.5,qqq,2018-08-01,0.25,1.412786931206722
0,0.05,0.5,qqq,2018-08-30,0.25,-0.13212150576623616
0,0.05,0.5,qqq,2018-10-01,0.25,-3.1710829770314475
0,0.05,0.5,qqq,2018-10-30,0.0,0.0
0,0.05,0.5,qqq,2018-11-29,0.0,0.0
0,0.05,0.5,qqq,2019-01-02,0.0,0.0
0,0.05,0.5,qqq,2019-02-01,0.0,0.0
0,0.05,0.5,qqq,2019-03-05,0.25,1.0630603931128357
0,0.05,0.5,qqq,2019-04-03,0.25,0.4544717447935609
0,0.05,0.5,qqq,2019-05-03,0.25,-2.376160100775737
0,0.05,0.5,qqq,2019-06-04,0.25,1.8264068609712192
0,0.05,0.5,qqq,2019-07-03,0.25,-0.12207348250954375
0,0.05,0.5,qqq,2019-08-02,0.25,0.4231851324768554
0,0.05,0.5,qqq,2019-09-03,0.25,-0.09712637984659045
0,0.05,0.5,qqq,2019-10-02,0.25,1.62711621307996
0,0.05,0.5,qqq,2019-10-31,0.25,0.7764204317800338
0,0.05,0.5,qqq,2019-12-02,0.25,1.4732345170851202
0,0.05,0.5,qqq,2020-01-02,0.25,0.5482206076007801
0,0.05,0.5,qqq,2020-02-03,0.25,-1.883682903323447
0,0.05,0.5,qqq,2020-03-04,0.25,-3.632366403327325
0,0.05,0.5,qqq,2020-04-02,0.0,0.0
0,0.05,0.5,qqq,2020-05-04,0.25,1.9562645788570254
0,0.05,0.5,qqq,2020-06-03,0.25,1.4115938665481886
0,0.05,0.5,qqq,2020-07-02,0.25,0.8822000084913961
0,0.05,0.5,qqq,2020-08-03,0.25,2.282719368734165
0,0.05,0.5,qqq,2020-09-01,0.25,-2.211310848090353
0,0.05,0.5,qqq,2020-10-01,0.25,-0.09134176132442606
0,0.05,0.5,qqq,2020-10-30,0.25,2.416365335473092
0,0.05,0.5,qqq,2020-12-01,0.25,0.8042525136296552
0,0.05,0.5,qqq,2020-12-31,0.25,0.45237694205058077
0,0.05,0.5,qqq,2021-02-02,0.25,-1.6828846144515186
0,0.05,0.5,qqq,2021-03-04,0.25,1.3493329868514259
0,0.05,0.5,qqq,2021-04-05,0.25,0.28597763850441993
0,0.05,0.5,qqq,2021-05-04,0.25,-0.03335213782541535
0,0.05,0.5,qqq,2021-06-03,0.25,1.6092188889112347
0,0.05,0.5,qqq,2021-07-02,0.25,0.24505419075775414
0,0.05,0.5,qqq,2021-08-03,0.25,0.7692112956998676
0,0.05,0.5,qqq,2021-09-01,0.25,-1.662469112788223
0,0.05,0.5,qqq,2021-10-01,0.25,1.7895913834947486
0,0.05,0.5,qqq,2021-11-01,0.25,0.3267697808908787
0,0.05,0.5,qqq,2021-12-01,0.25,0.8464228435647536
0,0.05,0.5,qqq,2021-12-31,0.25,-2.3688046220573744
0,0.05,0.5,qqq,2022-02-01,0.25,-1.6410461869572401
0,0.05,0.5,qqq,2022-03-03,0.0,0.0
0,0.05,0.5,qqq,2022-04-01,0.0,0.0
0,0.05,0.5,qqq,2022-05-03,0.0,0.0
0,0.05,0.5,qqq,2022-06-02,0.0,0.0
0,0.05,0.5,qqq,2022-07-05,0.0,0.0
0,0.05,0.5,qqq,2022-08-03,0.0,0.0
0,0.05,0.5,qqq,2022-09-01,0.0,0.0
0,0.05,0.5,qqq,2022-10-03,0.0,0.0
0,0.05,0.5,qqq,2022-11-01,0.0,0.0
0,0.05,0.5,qqq,2022-12-01,0.0,0.0
0,0.05,0.5,qqq,2023-01-03,0.0,0.0
0,0.05,0.5,qqq,2023-02-02,0.25,-0.5537683268649896
0,0.05,0.5,qqq,2023-03-06,0.25,1.5809850916050694
0,0.05,0.5,qqq,2023-04-04,0.25,-0.18802777093991363
0,0.05,0.5,qqq,2023-05-04,0.25,2.7012826064493067
0,0.05,0.5,qqq,2023-06-05,0.25,1.0343918202355251
0,0.05,0.5,qqq,2023-07-06,0.25,0.31967219262278856
0,0.05,0.5,qqq,2023-08-04,0.25,0.1221473011578933
0,0.05,0.5,qqq,2023-09-05,0.25,-1.5650786863956156
0,0.05,0.5,qqq,2023-10-04,0.25,-0.31692013382008666
0,0.05,0.5,qqq,2023-11-02,0.25,1.5932222469074775
0,0.05,0.5,qqq,2023-12-04,0.25,0.8424905673170668
0,0.05,0.5,qqq,2024-01-04,0.25,1.918292490317186
0,0.05,0.5,qqq,2024-02-05,0.25,0.24820152175804022
0,0.05,0.5,qqq,2024-03-06,0.25,-0.4903976021336742
0,0.05,0.5,qqq,2024-04-05,0.25,-0.4588695257376707
0,0.05,0.5,qqq,2024-05-06,0.25,0.6469177815329186
0,0.05,0.5,qqq,2024-06-05,0.25,1.6290774208896242
0,0.05,0.5,qqq,2024-07-08,0.25,-3.291008841257803
0,0.05,0.5,qqq,2024-08-06,0.25,0.6619790510066892
0,0.05,0.5,qqq,2024-09-05,0.25,1.0607304617253677
0,0.05,0.5,qqq,2024-10-04,0.25,-0.02014211034009339
0,0.05,0.5,qqq,2024-11-04,0.25,1.3680023428437105
0,0.05,0.5,qqq,2024-12-04,0.25,-0.3097768470702311
0,0.05,0.5,qqq,2025-01-06,0.25,-0.06505270637837679
0,0.05,0.5,qqq,2025-02-06,0.25,-1.9241520089362751
0,0.05,0.5,qqq,2025-03-10,0.0,0.0
0,0.05,0.5,qqq,2025-04-08,0.0,0.0
0,0.05,0.5,qqq,2025-05-08,0.0,0.0
0,0.05,0.5,qqq,2025-06-09,0.25,1.079091804142518
0,0.05,0.5,qqq,2025-07-10,0.25,0.5919441130208591
0,0.05,0.5,qqq,2025-08-08,0.25,0.05624367583465517
0,0.05,0.5,qqq,2025-09-09,0.25,0.7902595996168715
0,0.05,0.5,qqq,2025-10-08,0.25,0.355346417704161
0,0.05,0.5,qqq,2025-11-06,0.25,0.5774339306419796
0,0.05,0.5,qqq,2025-12-08,0.25,-0.0522572410356803
0,0.05,0.5,qqq,2026-01-08,0.25,-0.5954444570366313
0,0.05,0.5,qqq,2026-02-09,0.25,-0.4295086178303431
0,0.05,0.5,qqq,2026-03-11,0.25,0.21369225645211376
0,0.05,0.5,qqq,2026-04-10,0.25,4.028134891603763
0,0.05,0.5,qqq,2026-05-11,0.25,-0.13838572926855308
0,0.05,0.5,qqq,2026-06-10,0.25,0.8363793649779794
0,0.05,0.5,qqq,2026-07-13,0.25,-0.10223741625488003
0,0.05,1.0,high,2016-06-30,0.25,2.6596063286922877
0,0.05,1.0,high,2016-08-01,0.25,-0.07833860087580469
0,0.05,1.0,high,2016-08-30,0.25,-0.811531001247634
0,0.05,1.0,high,2016-09-29,0.25,-0.6183504370247839
0,0.05,1.0,high,2016-10-28,0.25,1.7762273536918949
0,0.05,1.0,high,2016-11-29,0.25,-0.13825290665364642
0,0.05,1.0,high,2016-12-29,0.25,-0.12309215861079359
0,0.05,1.0,high,2017-01-31,0.25,-0.06386197543516436
0,0.05,1.0,high,2017-03-02,0.25,0.29048295827809323
0,0.05,1.0,high,2017-03-31,0.25,0.46768654853830416
0,0.05,1.0,high,2017-05-02,0.25,0.8184509299101084
0,0.05,1.0,high,2017-06-01,0.25,-0.7373359671880242
0,0.05,1.0,high,2017-06-30,0.25,0.352539227966453
0,0.05,1.0,high,2017-08-01,0.25,-0.6776067989168966
0,0.05,1.0,high,2017-08-30,0.25,0.02794078325047966
0,0.05,1.0,high,2017-09-29,0.25,0.5902610669472175
0,0.05,1.0,high,2017-10-30,0.25,1.9081409461384924
0,0.05,1.0,high,2017-11-29,0.25,0.47006504784259384
0,0.05,1.0,high,2017-12-29,0.25,0.910119396041531
0,0.05,1.0,high,2018-01-31,0.25,-0.2726506456567135
0,0.05,1.0,high,2018-03-02,0.25,-1.499140715440228
0,0.05,1.0,high,2018-04-03,0.25,0.265780922288239
0,0.05,1.0,high,2018-05-02,0.25,1.50209144516682
0,0.05,1.0,high,2018-06-01,0.25,-0.38560833867823385
0,0.05,1.0,high,2018-07-02,0.25,-0.366921111374241
0,0.05,1.0,high,2018-08-01,0.25,1.424774964618214
0,0.05,1.0,high,2018-08-30,0.25,0.3023956795717986
0,0.05,1.0,high,2018-10-01,0.25,-3.05623686581189
0,0.05,1.0,high,2018-10-30,0.0,0.0
0,0.05,1.0,high,2018-11-29,0.0,0.0
0,0.05,1.0,high,2019-01-02,0.0,0.0
0,0.05,1.0,high,2019-02-01,0.0,0.0
0,0.05,1.0,high,2019-03-05,0.25,0.4289855441933721
0,0.05,1.0,high,2019-04-03,0.25,0.1917968968395245
0,0.05,1.0,high,2019-05-03,0.25,-0.3567423340132603
0,0.05,1.0,high,2019-06-04,0.25,0.8317407605471505
0,0.05,1.0,high,2019-07-03,0.25,-0.41748227471143373
0,0.05,1.0,high,2019-08-02,0.25,1.137722939127217
0,0.05,1.0,high,2019-09-03,0.25,0.1184546201634662
0,0.05,1.0,high,2019-10-02,0.25,0.608869715191096
0,0.05,1.0,high,2019-10-31,0.25,0.08124770504327472
0,0.05,1.0,high,2019-12-02,0.25,1.2983994659205411
0,0.05,1.0,high,2020-01-02,0.25,-0.2199734084839866
0,0.05,1.0,high,2020-02-03,0.25,-1.3461103267237262
0,0.05,1.0,high,2020-03-04,0.25,-5.51628584769791
0,0.05,1.0,high,2020-04-02,0.0,0.0
0,0.05,1.0,high,2020-05-04,0.25,2.2993276189984257
0,0.05,1.0,high,2020-06-03,0.25,0.3623890969053578
0,0.05,1.0,high,2020-07-02,0.25,-0.34874051460571653
0,0.05,1.0,high,2020-08-03,0.25,3.111011870893954
0,0.05,1.0,high,2020-09-01,0.25,-2.6505406170823864
0,0.05,1.0,high,2020-10-01,0.25,0.2671498342176504
0,0.05,1.0,high,2020-10-30,0.25,1.0603147431444304
0,0.05,1.0,high,2020-12-01,0.25,0.9502739764398083
0,0.05,1.0,high,2020-12-31,0.25,0.039754482894993615
0,0.05,1.0,high,2021-02-02,0.25,-0.3737857456482585
0,0.05,1.0,high,2021-03-04,0.25,-0.050151733079584204
0,0.05,1.0,high,2021-04-05,0.25,0.20156986969053214
0,0.05,1.0,high,2021-05-04,0.25,0.2649273282557374
0,0.05,1.0,high,2021-06-03,0.25,0.09043341217138678
0,0.05,1.0,high,2021-07-02,0.25,0.2916848097168412
0,0.05,1.0,high,2021-08-03,0.25,0.5785001900122877
0,0.05,1.0,high,2021-09-01,0.25,-2.002825097855876
0,0.05,1.0,high,2021-10-01,0.25,0.7215261001279671
0,0.05,1.0,high,2021-11-01,0.25,1.3120261346200701
0,0.05,1.0,high,2021-12-01,0.25,1.753695034899816
0,0.05,1.0,high,2021-12-31,0.25,-1.5894004323062094
0,0.05,1.0,high,2022-02-01,0.25,1.0771877143616049
0,0.05,1.0,high,2022-03-03,0.0,0.0
0,0.05,1.0,high,2022-04-01,0.0,0.0
0,0.05,1.0,high,2022-05-03,0.0,0.0
0,0.05,1.0,high,2022-06-02,0.0,0.0
0,0.05,1.0,high,2022-07-05,0.0,0.0
0,0.05,1.0,high,2022-08-03,0.0,0.0
0,0.05,1.0,high,2022-09-01,0.0,0.0
0,0.05,1.0,high,2022-10-03,0.0,0.0
0,0.05,1.0,high,2022-11-01,0.0,0.0
0,0.05,1.0,high,2022-12-01,0.0,0.0
0,0.05,1.0,high,2023-01-03,0.0,0.0
0,0.05,1.0,high,2023-02-02,0.25,-0.3658009360118841
0,0.05,1.0,high,2023-03-06,0.25,-0.44382257820172466
0,0.05,1.0,high,2023-04-04,0.25,0.7083770173049508
0,0.05,1.0,high,2023-05-04,0.25,-0.529192499405251
0,0.05,1.0,high,2023-06-05,0.25,0.767081829506755
0,0.05,1.0,high,2023-07-06,0.25,0.45700644882678
0,0.05,1.0,high,2023-08-04,0.25,1.438286520112464
0,0.05,1.0,high,2023-09-05,0.25,-1.9515408883364782
0,0.05,1.0,high,2023-10-04,0.25,-0.22216333058747706
0,0.05,1.0,high,2023-11-02,0.25,0.2967242974249551
0,0.05,1.0,high,2023-12-04,0.25,-0.24857771518275174
0,0.05,1.0,high,2024-01-04,0.25,1.0360679854442445
0,0.05,1.0,high,2024-02-05,0.25,0.3656648832914833
0,0.05,1.0,high,2024-03-06,0.25,-2.4412797543772236
0,0.05,1.0,high,2024-04-05,0.25,-1.5047867141924853
0,0.05,1.0,high,2024-05-06,0.25,0.5280263920866446
0,0.05,1.0,high,2024-06-05,0.25,-1.0259342541011685
0,0.05,1.0,high,2024-07-08,0.25,-4.169090123109431
0,0.05,1.0,high,2024-08-06,0.25,1.2129009335895224
0,0.05,1.0,high,2024-09-05,0.25,-0.08625776666592033
0,0.05,1.0,high,2024-10-04,0.25,-0.4334965103087618
0,0.05,1.0,high,2024-11-04,0.25,0.9832707605976099
0,0.05,1.0,high,2024-12-04,0.25,-1.5492878291833434
0,0.05,1.0,high,2025-01-06,0.25,-0.2943137590432521
0,0.05,1.0,high,2025-02-06,0.25,-2.3252326881232355
0,0.05,1.0,high,2025-03-10,0.0,0.0
0,0.05,1.0,high,2025-04-08,0.0,0.0
0,0.05,1.0,high,2025-05-08,0.0,0.0
0,0.05,1.0,high,2025-06-09,0.25,2.3830726069858477
0,0.05,1.0,high,2025-07-10,0.25,0.25413916717109686
0,0.05,1.0,high,2025-08-08,0.25,0.42310554192730443
0,0.05,1.0,high,2025-09-09,0.25,1.3328748554701564
0,0.05,1.0,high,2025-10-08,0.25,-1.5915705846005102
0,0.05,1.0,high,2025-11-06,0.25,0.0016514899367825464
0,0.05,1.0,high,2025-12-08,0.25,1.8153959177196644
0,0.05,1.0,high,2026-01-08,0.25,0.09388043719691375
0,0.05,1.0,high,2026-02-09,0.25,-0.7327113617158099
0,0.05,1.0,high,2026-03-11,0.25,0.2697208634235837
0,0.05,1.0,high,2026-04-10,0.25,0.4207189313867321
0,0.05,1.0,high,2026-05-11,0.25,-0.22017056930092593
0,0.05,1.0,high,2026-06-10,0.25,0.557009800674857
0,0.05,1.0,high,2026-07-13,0.25,-0.7542182588239021
0,0.05,1.0,momentum,2016-06-30,0.25,3.2437062794280713
0,0.05,1.0,momentum,2016-08-01,0.25,0.2718972809846454
0,0.05,1.0,momentum,2016-08-30,0.25,-0.4521783470076479
0,0.05,1.0,momentum,2016-09-29,0.25,0.07532566288974696
0,0.05,1.0,momentum,2016-10-28,0.25,3.141403592033054
0,0.05,1.0,momentum,2016-11-29,0.25,1.8786324303530666
0,0.05,1.0,momentum,2016-12-29,0.25,0.5365884323513148
0,0.05,1.0,momentum,2017-01-31,0.25,1.5172415462349598
0,0.05,1.0,momentum,2017-03-02,0.25,0.9863916581433596
0,0.05,1.0,momentum,2017-03-31,0.25,-1.4160384099249579
0,0.05,1.0,momentum,2017-05-02,0.25,3.0829772881436845
0,0.05,1.0,momentum,2017-06-01,0.25,0.3390369137586724
0,0.05,1.0,momentum,2017-06-30,0.25,1.1019391703352532
0,0.05,1.0,momentum,2017-08-01,0.25,0.5713763933496985
0,0.05,1.0,momentum,2017-08-30,0.25,0.9825945277594395
0,0.05,1.0,momentum,2017-09-29,0.25,2.049531102143498
0,0.05,1.0,momentum,2017-10-30,0.25,2.670360439177877
0,0.05,1.0,momentum,2017-11-29,0.25,0.47208363456845426
0,0.05,1.0,momentum,2017-12-29,0.25,1.746003035790844
0,0.05,1.0,momentum,2018-01-31,0.25,0.36622865711863906
0,0.05,1.0,momentum,2018-03-02,0.25,-0.22471887119838163
0,0.05,1.0,momentum,2018-04-03,0.25,1.015643221043172
0,0.05,1.0,momentum,2018-05-02,0.25,3.9034224900166947
0,0.05,1.0,momentum,2018-06-01,0.25,-1.4229336148733007
0,0.05,1.0,momentum,2018-07-02,0.25,-1.9497282908318092
0,0.05,1.0,momentum,2018-08-01,0.25,2.921550662770356
0,0.05,1.0,momentum,2018-08-30,0.25,0.07694205482251526
0,0.05,1.0,momentum,2018-10-01,0.25,-6.3261662337146145
0,0.05,1.0,momentum,2018-10-30,0.0,0.0
0,0.05,1.0,momentum,2018-11-29,0.0,0.0
0,0.05,1.0,momentum,2019-01-02,0.0,0.0
0,0.05,1.0,momentum,2019-02-01,0.0,0.0
0,0.05,1.0,momentum,2019-03-05,0.25,2.4882717579482794
0,0.05,1.0,momentum,2019-04-03,0.25,-0.36324493214556774
0,0.05,1.0,momentum,2019-05-03,0.25,-0.09249536098835387
0,0.05,1.0,momentum,2019-06-04,0.25,2.0962382688249237
0,0.05,1.0,momentum,2019-07-03,0.25,1.9380664847242546
0,0.05,1.0,momentum,2019-08-02,0.25,-0.19992387404891288
0,0.05,1.0,momentum,2019-09-03,0.25,-5.171511385562733
0,0.05,1.0,momentum,2019-10-02,0.25,0.14192914612074503
0,0.05,1.0,momentum,2019-10-31,0.25,1.0031412157526454
0,0.05,1.0,momentum,2019-12-02,0.25,2.6222059368433692
0,0.05,1.0,momentum,2020-01-02,0.25,-0.7044124478585156
0,0.05,1.0,momentum,2020-02-03,0.25,2.4882033700222017
0,0.05,1.0,momentum,2020-03-04,0.25,-7.753551874512066
0,0.05,1.0,momentum,2020-04-02,0.0,0.0
0,0.05,1.0,momentum,2020-05-04,0.25,3.5689826084364107
0,0.05,1.0,momentum,2020-06-03,0.25,0.8331120270455239
0,0.05,1.0,momentum,2020-07-02,0.25,4.155383974555771
0,0.05,1.0,momentum,2020-08-03,0.25,3.8682430673649293
0,0.05,1.0,momentum,2020-09-01,0.25,0.3547989822083819
0,0.05,1.0,momentum,2020-10-01,0.25,-0.5941563127889182
0,0.05,1.0,momentum,2020-10-30,0.25,11.704208676170458
0,0.05,1.0,momentum,2020-12-01,0.25,3.701664616465994
0,0.05,1.0,momentum,2020-12-31,0.25,4.542525713760348
0,0.05,1.0,momentum,2021-02-02,0.25,-5.5842868949356745
0,0.05,1.0,momentum,2021-03-04,0.25,1.2636062638209378
0,0.05,1.0,momentum,2021-04-05,0.25,-2.0648924965855575
0,0.05,1.0,momentum,2021-05-04,0.25,-1.2615391529090525
0,0.05,1.0,momentum,2021-06-03,0.25,8.718566166792407
0,0.05,1.0,momentum,2021-07-02,0.25,1.0229213691540284
0,0.05,1.0,momentum,2021-08-03,0.25,1.8438913172707405
0,0.05,1.0,momentum,2021-09-01,0.25,-4.427129998537016
0,0.05,1.0,momentum,2021-10-01,0.25,5.269444816958124
0,0.05,1.0,momentum,2021-11-01,0.25,-0.8946025027513738
0,0.05,1.0,momentum,2021-12-01,0.25,-1.0826114874423975
0,0.05,1.0,momentum,2021-12-31,0.25,-4.852335866088864
0,0.05,1.0,momentum,2022-02-01,0.25,1.0206562994389268
0,0.05,1.0,momentum,2022-03-03,0.0,0.0
0,0.05,1.0,momentum,2022-04-01,0.0,0.0
0,0.05,1.0,momentum,2022-05-03,0.0,0.0
0,0.05,1.0,momentum,2022-06-02,0.0,0.0
0,0.05,1.0,momentum,2022-07-05,0.0,0.0
0,0.05,1.0,momentum,2022-08-03,0.0,0.0
0,0.05,1.0,momentum,2022-09-01,0.0,0.0
0,0.05,1.0,momentum,2022-10-03,0.0,0.0
0,0.05,1.0,momentum,2022-11-01,0.0,0.0
0,0.05,1.0,momentum,2022-12-01,0.0,0.0
0,0.05,1.0,momentum,2023-01-03,0.0,0.0
0,0.05,1.0,momentum,2023-02-02,0.25,1.3585676365390098
0,0.05,1.0,momentum,2023-03-06,0.25,-1.0528204017028475
0,0.05,1.0,momentum,2023-04-04,0.25,-2.5105980654983595
0,0.05,1.0,momentum,2023-05-04,0.25,3.293208988026808
0,0.05,1.0,momentum,2023-06-05,0.25,-0.531493195857824
0,0.05,1.0,momentum,2023-07-06,0.25,3.9658247114437106
0,0.05,1.0,momentum,2023-08-04,0.25,-0.5662126202667039
0,0.05,1.0,momentum,2023-09-05,0.25,-3.5536429035811
0,0.05,1.0,momentum,2023-10-04,0.25,-1.2119616637101593
0,0.05,1.0,momentum,2023-11-02,0.25,4.1126572072884615
0,0.05,1.0,momentum,2023-12-04,0.25,-0.9213966455371203
0,0.05,1.0,momentum,2024-01-04,0.25,-0.5461886511819114
0,0.05,1.0,momentum,2024-02-05,0.25,6.896565353740214
0,0.05,1.0,momentum,2024-03-06,0.25,0.17893001407345288
0,0.05,1.0,momentum,2024-04-05,0.25,-1.501319904846754
0,0.05,1.0,momentum,2024-05-06,0.25,3.1027956804394075
0,0.05,1.0,momentum,2024-06-05,0.25,-2.195385835382424
0,0.05,1.0,momentum,2024-07-08,0.25,-4.671776423174833
0,0.05,1.0,momentum,2024-08-06,0.25,1.6320645275892165
0,0.05,1.0,momentum,2024-09-05,0.25,5.193718797327063
0,0.05,1.0,momentum,2024-10-04,0.25,0.3582233816178837
0,0.05,1.0,momentum,2024-11-04,0.25,5.8642839050621065
0,0.05,1.0,momentum,2024-12-04,0.25,-1.7654921513027833
0,0.05,1.0,momentum,2025-01-06,0.25,0.8693835902290559
0,0.05,1.0,momentum,2025-02-06,0.25,-3.880545524014467
0,0.05,1.0,momentum,2025-03-10,0.0,0.0
0,0.05,1.0,momentum,2025-04-08,0.0,0.0
0,0.05,1.0,momentum,2025-05-08,0.0,0.0
0,0.05,1.0,momentum,2025-06-09,0.25,2.8162357366656066
0,0.05,1.0,momentum,2025-07-10,0.25,3.642491518719182
0,0.05,1.0,momentum,2025-08-08,0.25,-0.8028505025075683
0,0.05,1.0,momentum,2025-09-09,0.25,19.82056484947674
0,0.05,1.0,momentum,2025-10-08,0.25,-3.0347709403820256
0,0.05,1.0,momentum,2025-11-06,0.25,-0.20846651371749791
0,0.05,1.0,momentum,2025-12-08,0.25,-0.06403216576669202
0,0.05,1.0,momentum,2026-01-08,0.25,-3.6608768699432304
0,0.05,1.0,momentum,2026-02-09,0.25,-2.1088908947681007
0,0.05,1.0,momentum,2026-03-11,0.25,0.7009341390840973
0,0.05,1.0,momentum,2026-04-10,0.25,4.200409415635287
0,0.05,1.0,momentum,2026-05-11,0.25,-0.754902543769076
0,0.05,1.0,momentum,2026-06-10,0.25,-0.8337296064483302
0,0.05,1.0,momentum,2026-07-13,0.25,-2.9741821819548098
0,0.05,1.0,qqq,2016-06-30,0.25,1.5335004417413867
0,0.05,1.0,qqq,2016-08-01,0.25,0.02299699318628612
0,0.05,1.0,qqq,2016-08-30,0.25,0.3079021212542443
0,0.05,1.0,qqq,2016-09-29,0.25,-0.31369856225661463
0,0.05,1.0,qqq,2016-10-28,0.25,-0.038160142390830654
0,0.05,1.0,qqq,2016-11-29,0.25,-0.010883837780317762
0,0.05,1.0,qqq,2016-12-29,0.25,0.758298119575751
0,0.05,1.0,qqq,2017-01-31,0.25,0.9330702587746709
0,0.05,1.0,qqq,2017-03-02,0.25,0.14053466164956063
0,0.05,1.0,qqq,2017-03-31,0.25,0.6311445864504606
0,0.05,1.0,qqq,2017-05-02,0.25,0.5039644001978871
0,0.05,1.0,qqq,2017-06-01,0.25,-1.009539771612955
0,0.05,1.0,qqq,2017-06-30,0.25,0.6391177298516126
0,0.05,1.0,qqq,2017-08-01,0.25,-0.509130298439231
0,0.05,1.0,qqq,2017-08-30,0.25,-0.3057264726367137
0,0.05,1.0,qqq,2017-09-29,0.25,0.6976532194880258
0,0.05,1.0,qqq,2017-10-30,0.25,0.48694049152988583
0,0.05,1.0,qqq,2017-11-29,0.25,0.15936726471268425
0,0.05,1.0,qqq,2017-12-29,0.25,1.6705109267645346
0,0.05,1.0,qqq,2018-01-31,0.25,-0.7817724022258776
0,0.05,1.0,qqq,2018-03-02,0.25,-1.6641952300482377
0,0.05,1.0,qqq,2018-04-03,0.25,1.125049476208062
0,0.05,1.0,qqq,2018-05-02,0.25,1.1456209230710668
0,0.05,1.0,qqq,2018-06-01,0.25,-0.4149093157766681
0,0.05,1.0,qqq,2018-07-02,0.25,0.17933775722658307
0,0.05,1.0,qqq,2018-08-01,0.25,1.2810506904495478
0,0.05,1.0,qqq,2018-08-30,0.25,-0.2561523714589953
0,0.05,1.0,qqq,2018-10-01,0.25,-3.279956738664236
0,0.05,1.0,qqq,2018-10-30,0.0,0.0
0,0.05,1.0,qqq,2018-11-29,0.0,0.0
0,0.05,1.0,qqq,2019-01-02,0.0,0.0
0,0.05,1.0,qqq,2019-02-01,0.0,0.0
0,0.05,1.0,qqq,2019-03-05,0.25,0.9330684461154481
0,0.05,1.0,qqq,2019-04-03,0.25,0.3275151904983842
0,0.05,1.0,qqq,2019-05-03,0.25,-2.4889986144690512
0,0.05,1.0,qqq,2019-06-04,0.25,1.692607652198208
0,0.05,1.0,qqq,2019-07-03,0.25,-0.2461544636563895
0,0.05,1.0,qqq,2019-08-02,0.25,0.2963846230815692
0,0.05,1.0,qqq,2019-09-03,0.25,-0.2213317869970588
0,0.05,1.0,qqq,2019-10-02,0.25,1.4943109850193537
0,0.05,1.0,qqq,2019-10-31,0.25,0.647858128350931
0,0.05,1.0,qqq,2019-12-02,0.25,1.341196788349941
0,0.05,1.0,qqq,2020-01-02,0.25,0.42079647209982696
0,0.05,1.0,qqq,2020-02-03,0.25,-1.9989776930174563
0,0.05,1.0,qqq,2020-03-04,0.25,-3.738939470805336
0,0.05,1.0,qqq,2020-04-02,0.0,0.0
0,0.05,1.0,qqq,2020-05-04,0.25,1.8218176925923313
0,0.05,1.0,qqq,2020-06-03,0.25,1.2798635763124233
0,0.05,1.0,qqq,2020-07-02,0.25,0.7531101195477063
0,0.05,1.0,qqq,2020-08-03,0.25,2.14664425872666
0,0.05,1.0,qqq,2020-09-01,0.25,-2.324971562822009
0,0.05,1.0,qqq,2020-10-01,0.25,-0.21557601979985686
0,0.05,1.0,qqq,2020-10-30,0.25,2.279623653729068
0,0.05,1.0,qqq,2020-12-01,0.25,0.6755513950938541
0,0.05,1.0,qqq,2020-12-31,0.25,0.325430835779672
0,0.05,1.0,qqq,2021-02-02,0.25,-1.7991809043581108
0,0.05,1.0,qqq,2021-03-04,0.25,1.2179132285658811
0,0.05,1.0,qqq,2021-04-05,0.25,0.15986146429525228
0,0.05,1.0,qqq,2021-05-04,0.25,-0.1578756249620339
0,0.05,1.0,qqq,2021-06-03,0.25,1.476502925425871
0,0.05,1.0,qqq,2021-07-02,0.25,0.11914212606489727
0,0.05,1.0,qqq,2021-08-03,0.25,0.6406849485100174
0,0.05,1.0,qqq,2021-09-01,0.25,-1.7788672269153927
0,0.05,1.0,qqq,2021-10-01,0.25,1.6559757953527932
0,0.05,1.0,qqq,2021-11-01,0.25,0.20045015206313632
0,0.05,1.0,qqq,2021-12-01,0.25,0.7175113965713242
0,0.05,1.0,qqq,2021-12-31,0.25,-2.481679821887517
0,0.05,1.0,qqq,2022-02-01,0.25,-1.7575511499270613
0,0.05,1.0,qqq,2022-03-03,0.0,0.0
0,0.05,1.0,qqq,2022-04-01,0.0,0.0
0,0.05,1.0,qqq,2022-05-03,0.0,0.0
0,0.05,1.0,qqq,2022-06-02,0.0,0.0
0,0.05,1.0,qqq,2022-07-05,0.0,0.0
0,0.05,1.0,qqq,2022-08-03,0.0,0.0
0,0.05,1.0,qqq,2022-09-01,0.0,0.0
0,0.05,1.0,qqq,2022-10-03,0.0,0.0
0,0.05,1.0,qqq,2022-11-01,0.0,0.0
0,0.05,1.0,qqq,2022-12-01,0.0,0.0
0,0.05,1.0,qqq,2023-01-03,0.0,0.0
0,0.05,1.0,qqq,2023-02-02,0.25,-0.6756961896719371
0,0.05,1.0,qqq,2023-03-06,0.25,1.4484099468197176
0,0.05,1.0,qqq,2023-04-04,0.25,-0.31177979891563457
0,0.05,1.0,qqq,2023-05-04,0.25,2.5631198732159577
0,0.05,1.0,qqq,2023-06-05,0.25,0.9045428604218975
0,0.05,1.0,qqq,2023-07-06,0.25,0.19338796367918132
0,0.05,1.0,qqq,2023-08-04,0.25,-0.0031517539483272294
0,0.05,1.0,qqq,2023-09-05,0.25,-1.6819625443669328
0,0.05,1.0,qqq,2023-10-04,0.25,-0.44002929910235133
0,0.05,1.0,qqq,2023-11-02,0.25,1.4605860681675686
0,0.05,1.0,qqq,2023-12-04,0.25,0.7135987329185633
0,0.05,1.0,qqq,2024-01-04,0.25,1.7840349933892163
0,0.05,1.0,qqq,2024-02-05,0.25,0.12227375945796926
0,0.05,1.0,qqq,2024-03-06,0.25,-0.6126415323466028
0,0.05,1.0,qqq,2024-04-05,0.25,-0.5812707051751187
0,0.05,1.0,qqq,2024-05-06,0.25,0.5190013846624764
0,0.05,1.0,qqq,2024-06-05,0.25,1.4962624111219958
0,0.05,1.0,qqq,2024-07-08,0.25,-3.3992844614462836
0,0.05,1.0,qqq,2024-08-06,0.25,0.5339875346485945
0,0.05,1.0,qqq,2024-09-05,0.25,0.9307501354782755
0,0.05,1.0,qqq,2024-10-04,0.25,-0.14473148372211586
0,0.05,1.0,qqq,2024-11-04,0.25,1.2364894694021578
0,0.05,1.0,qqq,2024-12-04,0.25,-0.432921640162065
0,0.05,1.0,qqq,2025-01-06,0.25,-0.18941808396971682
0,0.05,1.0,qqq,2025-02-06,0.25,-2.039244955187791
0,0.05,1.0,qqq,2025-03-10,0.0,0.0
0,0.05,1.0,qqq,2025-04-08,0.0,0.0
0,0.05,1.0,qqq,2025-05-08,0.0,0.0
0,0.05,1.0,qqq,2025-06-09,0.25,0.9490198989858811
0,0.05,1.0,qqq,2025-07-10,0.25,0.4643019024545447
0,0.05,1.0,qqq,2025-08-08,0.25,-0.0687266787873897
0,0.05,1.0,qqq,2025-09-09,0.25,0.661628272046122
0,0.05,1.0,qqq,2025-10-08,0.25,0.22888426023235375
0,0.05,1.0,qqq,2025-11-06,0.25,0.4498640909649687
0,0.05,1.0,qqq,2025-12-08,0.25,-0.1766864372050203
0,0.05,1.0,qqq,2026-01-08,0.25,-0.7171644562533941
0,0.05,1.0,qqq,2026-02-09,0.25,-0.5520562375371796
0,0.05,1.0,qqq,2026-03-11,0.25,0.08793661233459371
0,0.05,1.0,qqq,2026-04-10,0.25,3.8833543587212915
0,0.05,1.0,qqq,2026-05-11,0.25,-0.2623853515617558
0,0.05,1.0,qqq,2026-06-10,0.25,0.7075180107716905
0,0.05,1.0,qqq,2026-07-13,0.25,-0.22641733163411004
0,0.1,0.2,high,2016-06-30,0.5,5.763545913333701
0,0.1,0.2,high,2016-08-01,0.5,0.24367278232058087
0,0.1,0.2,high,2016-08-30,0.5,-1.2344902687214887
0,0.1,0.2,high,2016-09-29,0.5,-0.8450258224603768
0,0.1,0.2,high,2016-10-28,0.5,3.9825970651858222
0,0.1,0.2,high,2016-11-29,0.5,0.12288168712548675
0,0.1,0.2,high,2016-12-29,0.5,0.15344673058708125
0,0.1,0.2,high,2017-01-31,0.5,0.27285859060126594
0,0.1,0.2,high,2017-03-02,0.5,0.987240774695497
0,0.1,0.2,high,2017-03-31,0.5,1.3444946135265923
0,0.1,0.2,high,2017-05-02,0.5,2.051658173736004
0,0.1,0.2,high,2017-06-01,0.5,-1.0849083065215037
0,0.1,0.2,high,2017-06-30,0.5,1.112350206943158
0,0.1,0.2,high,2017-08-01,0.5,-0.9644904604512505
0,0.1,0.2,high,2017-08-30,0.5,0.45793885848737226
0,0.1,0.2,high,2017-09-29,0.5,1.591612728798153
0,0.1,0.2,high,2017-10-30,0.5,4.248543354571632
0,0.1,0.2,high,2017-11-29,0.5,1.349289821151145
0,0.1,0.2,high,2017-12-29,0.5,2.2364676991927013
0,0.1,0.2,high,2018-01-31,0.5,-0.1480728015423871
0,0.1,0.2,high,2018-03-02,0.5,-2.620755691742238
0,0.1,0.2,high,2018-04-03,0.5,0.9374398808684292
0,0.1,0.2,high,2018-05-02,0.5,3.4299214363330277
0,0.1,0.2,high,2018-06-01,0.5,-0.3758027781088469
0,0.1,0.2,high,2018-07-02,0.5,-0.3381281255712798
0,0.1,0.2,high,2018-08-01,0.5,3.27404643718463
0,0.1,0.2,high,2018-08-30,0.5,1.011257587260328
0,0.1,0.2,high,2018-10-01,0.5,-5.7599617108335055
0,0.1,0.2,high,2018-10-30,0.0,0.0
0,0.1,0.2,high,2018-11-29,0.0,0.0
0,0.1,0.2,high,2019-01-02,0.0,0.0
0,0.1,0.2,high,2019-02-01,0.0,0.0
0,0.1,0.2,high,2019-03-05,0.5,1.266470898834715
0,0.1,0.2,high,2019-04-03,0.5,0.7882833256038557
0,0.1,0.2,high,2019-05-03,0.5,-0.317607055532676
0,0.1,0.2,high,2019-06-04,0.5,2.0784513273371052
0,0.1,0.2,high,2019-07-03,0.5,-0.4400626838466093
0,0.1,0.2,high,2019-08-02,0.5,2.6953310855356127
0,0.1,0.2,high,2019-09-03,0.5,0.6404205771535665
0,0.1,0.2,high,2019-10-02,0.5,1.6291289608949544
0,0.1,0.2,high,2019-10-31,0.5,0.5654090424649372
0,0.1,0.2,high,2019-12-02,0.5,3.019265301104679
0,0.1,0.2,high,2020-01-02,0.5,-0.041872102271367506
0,0.1,0.2,high,2020-02-03,0.5,-2.3122365824707836
0,0.1,0.2,high,2020-03-04,0.5,-10.719578732141144
0,0.1,0.2,high,2020-04-02,0.0,0.0
0,0.1,0.2,high,2020-05-04,0.5,5.037200855097335
0,0.1,0.2,high,2020-06-03,0.5,1.1322081764416403
0,0.1,0.2,high,2020-07-02,0.5,-0.30147487278864293
0,0.1,0.2,high,2020-08-03,0.5,6.6736085287941505
0,0.1,0.2,high,2020-09-01,0.5,-4.942051971842465
0,0.1,0.2,high,2020-10-01,0.5,0.9401996953907643
0,0.1,0.2,high,2020-10-30,0.5,2.5392711821711433
0,0.1,0.2,high,2020-12-01,0.5,2.31742191672788
0,0.1,0.2,high,2020-12-31,0.5,0.48175603703664027
0,0.1,0.2,high,2021-02-02,0.5,-0.3519676699222818
0,0.1,0.2,high,2021-03-04,0.5,0.30049932127524936
0,0.1,0.2,high,2021-04-05,0.5,0.8079862676418026
0,0.1,0.2,high,2021-05-04,0.5,0.9357189803806509
0,0.1,0.2,high,2021-06-03,0.5,0.5839280190221618
0,0.1,0.2,high,2021-07-02,0.5,0.9896637845203449
0,0.1,0.2,high,2021-08-03,0.5,1.5679020442299185
0,0.1,0.2,high,2021-09-01,0.5,-3.636215812572985
0,0.1,0.2,high,2021-10-01,0.5,1.8562514809772779
0,0.1,0.2,high,2021-11-01,0.5,3.0467375419111153
0,0.1,0.2,high,2021-12-01,0.5,3.937170460824091
0,0.1,0.2,high,2021-12-31,0.5,-2.802725088044178
0,0.1,0.2,high,2022-02-01,0.5,2.573288177712696
0,0.1,0.2,high,2022-03-03,0.0,0.0
0,0.1,0.2,high,2022-04-01,0.0,0.0
0,0.1,0.2,high,2022-05-03,0.0,0.0
0,0.1,0.2,high,2022-06-02,0.0,0.0
0,0.1,0.2,high,2022-07-05,0.0,0.0
0,0.1,0.2,high,2022-08-03,0.0,0.0
0,0.1,0.2,high,2022-09-01,0.0,0.0
0,0.1,0.2,high,2022-10-03,0.0,0.0
0,0.1,0.2,high,2022-11-01,0.0,0.0
0,0.1,0.2,high,2022-12-01,0.0,0.0
0,0.1,0.2,high,2023-01-03,0.0,0.0
0,0.1,0.2,high,2023-02-02,0.5,-0.3358697799712762
0,0.1,0.2,high,2023-03-06,0.5,-0.4931664303568617
0,0.1,0.2,high,2023-04-04,0.5,1.829742084024688
0,0.1,0.2,high,2023-05-04,0.5,-0.6652776840051944
0,0.1,0.2,high,2023-06-05,0.5,1.948094762354513
0,0.1,0.2,high,2023-07-06,0.5,1.3229628453754305
0,0.1,0.2,high,2023-08-04,0.5,3.301286602363085
0,0.1,0.2,high,2023-09-05,0.5,-3.532823546675201
0,0.1,0.2,high,2023-10-04,0.5,-0.04628712612645414
0,0.1,0.2,high,2023-11-02,0.5,0.9998237159688061
0,0.1,0.2,high,2023-12-04,0.5,-0.09954022491056591
0,0.1,0.2,high,2024-01-04,0.5,2.4903881586676446
0,0.1,0.2,high,2024-02-05,0.5,1.1388123725525112
0,0.1,0.2,high,2024-03-06,0.5,-4.520168609272057
0,0.1,0.2,high,2024-04-05,0.5,-2.632138388477223
0,0.1,0.2,high,2024-05-06,0.5,1.4661436202451528
0,0.1,0.2,high,2024-06-05,0.5,-1.66674102068044
0,0.1,0.2,high,2024-07-08,0.5,-8.003545475933615
0,0.1,0.2,high,2024-08-06,0.5,2.8468947591488325
0,0.1,0.2,high,2024-09-05,0.5,0.2277072345870046
0,0.1,0.2,high,2024-10-04,0.5,-0.4723484131294642
0,0.1,0.2,high,2024-11-04,0.5,2.383945556526279
0,0.1,0.2,high,2024-12-04,0.5,-2.7218554993969635
0,0.1,0.2,high,2025-01-06,0.5,-0.1917470318839487
0,0.1,0.2,high,2025-02-06,0.5,-4.286210257505896
0,0.1,0.2,high,2025-03-10,0.0,0.0
0,0.1,0.2,high,2025-04-08,0.0,0.0
0,0.1,0.2,high,2025-05-08,0.0,0.0
0,0.1,0.2,high,2025-06-09,0.5,5.206036138837566
0,0.1,0.2,high,2025-07-10,0.5,0.9139693535488602
0,0.1,0.2,high,2025-08-08,0.5,1.2546164359606538
0,0.1,0.2,high,2025-09-09,0.5,3.0887699045030637
0,0.1,0.2,high,2025-10-08,0.5,-2.8071002546920187
0,0.1,0.2,high,2025-11-06,0.5,0.40493795177498626
0,0.1,0.2,high,2025-12-08,0.5,4.0615634102800335
0,0.1,0.2,high,2026-01-08,0.5,0.5908774432472397
0,0.1,0.2,high,2026-02-09,0.5,-1.0755848043531469
0,0.1,0.2,high,2026-03-11,0.5,0.945383055683946
0,0.1,0.2,high,2026-04-10,0.5,1.2498048755618996
0,0.1,0.2,high,2026-05-11,0.5,-0.042269591163179854
0,0.1,0.2,high,2026-06-10,0.5,1.5245760366840333
0,0.1,0.2,high,2026-07-13,0.5,-1.1189440926267724
0,0.1,0.2,momentum,2016-06-30,0.5,6.94112899364836
0,0.1,0.2,momentum,2016-08-01,0.5,0.9497708535126881
0,0.1,0.2,momentum,2016-08-30,0.5,-0.51001219786031
0,0.1,0.2,momentum,2016-09-29,0.5,0.5534698244730185
0,0.1,0.2,momentum,2016-10-28,0.5,6.734880193943216
0,0.1,0.2,momentum,2016-11-29,0.5,4.189052288239092
0,0.1,0.2,momentum,2016-12-29,0.5,1.4834052442804557
0,0.1,0.2,momentum,2017-01-31,0.5,3.4604650148086558
0,0.1,0.2,momentum,2017-03-02,0.5,2.390237486769764
0,0.1,0.2,momentum,2017-03-31,0.5,-2.45321609721455
0,0.1,0.2,momentum,2017-05-02,0.5,6.617089006289856
0,0.1,0.2,momentum,2017-06-01,0.5,1.0851286727928011
0,0.1,0.2,momentum,2017-06-30,0.5,2.6231887054066316
0,0.1,0.2,momentum,2017-08-01,0.5,1.5535400118296128
0,0.1,0.2,momentum,2017-08-30,0.5,2.3825822276173136
0,0.1,0.2,momentum,2017-09-29,0.5,4.533595005791313
0,0.1,0.2,momentum,2017-10-30,0.5,5.785226891967166
0,0.1,0.2,momentum,2017-11-29,0.5,1.353359421861633
0,0.1,0.2,momentum,2017-12-29,0.5,3.9216628957350785
0,0.1,0.2,momentum,2018-01-31,0.5,1.1399489768599835
0,0.1,0.2,momentum,2018-03-02,0.5,-0.051439260415597765
0,0.1,0.2,momentum,2018-04-03,0.5,2.449210519553313
0,0.1,0.2,momentum,2018-05-02,0.5,8.271159318800404
0,0.1,0.2,momentum,2018-06-01,0.5,-2.467117274011832
0,0.1,0.2,momentum,2018-07-02,0.5,-3.5291692334874836
0,0.1,0.2,momentum,2018-08-01,0.5,6.291642543723874
0,0.1,0.2,momentum,2018-08-30,0.5,0.5567285746043371
0,0.1,0.2,momentum,2018-10-01,0.5,-12.352349696169762
0,0.1,0.2,momentum,2018-10-30,0.0,0.0
0,0.1,0.2,momentum,2018-11-29,0.0,0.0
0,0.1,0.2,momentum,2019-01-02,0.0,0.0
0,0.1,0.2,momentum,2019-02-01,0.0,0.0
0,0.1,0.2,momentum,2019-03-05,0.5,5.418124395446267
0,0.1,0.2,momentum,2019-04-03,0.5,-0.3307167117294618
0,0.1,0.2,momentum,2019-05-03,0.5,0.21513184312074163
0,0.1,0.2,momentum,2019-06-04,0.5,4.627759658851427
0,0.1,0.2,momentum,2019-07-03,0.5,4.308875165700088
0,0.1,0.2,momentum,2019-08-02,0.5,-0.0014509509098759032
0,0.1,0.2,momentum,2019-09-03,0.5,-10.024491234490263
0,0.1,0.2,momentum,2019-10-02,0.5,0.6877467317797814
0,0.1,0.2,momentum,2019-10-31,0.5,2.4240056725376657
0,0.1,0.2,momentum,2019-12-02,0.5,5.688144317112109
0,0.1,0.2,momentum,2020-01-02,0.5,-1.018532373330605
0,0.1,0.2,momentum,2020-02-03,0.5,5.417986520987439
0,0.1,0.2,momentum,2020-03-04,0.5,-15.23005098268715
0,0.1,0.2,momentum,2020-04-02,0.0,0.0
0,0.1,0.2,momentum,2020-05-04,0.5,7.596907000451036
0,0.1,0.2,momentum,2020-06-03,0.5,2.0812158888218635
0,0.1,0.2,momentum,2020-07-02,0.5,8.779129882246629
0,0.1,0.2,momentum,2020-08-03,0.5,8.20023533937233
0,0.1,0.2,momentum,2020-09-01,0.5,1.1169060168822131
0,0.1,0.2,momentum,2020-10-01,0.5,-0.7962489114072047
0,0.1,0.2,momentum,2020-10-30,0.5,23.99804615451233
0,0.1,0.2,momentum,2020-12-01,0.5,7.864402465090259
0,0.1,0.2,momentum,2020-12-31,0.5,9.559632536281404
0,0.1,0.2,momentum,2021-02-02,0.5,-10.85667321840159
0,0.1,0.2,momentum,2021-03-04,0.5,2.949119967158298
0,0.1,0.2,momentum,2021-04-05,0.5,-3.7613476816839686
0,0.1,0.2,momentum,2021-05-04,0.5,-2.1417356549479183
0,0.1,0.2,momentum,2021-06-03,0.5,17.978798766316608
0,0.1,0.2,momentum,2021-07-02,0.5,2.4638837344039155
0,0.1,0.2,momentum,2021-08-03,0.5,4.119011969102715
0,0.1,0.2,momentum,2021-09-01,0.5,-8.523770466480606
0,0.1,0.2,momentum,2021-10-01,0.5,11.025148216611292
0,0.1,0.2,momentum,2021-11-01,0.5,-1.401967760380074
0,0.1,0.2,momentum,2021-12-01,0.5,-1.7810059695776204
0,0.1,0.2,momentum,2021-12-31,0.5,-9.381012852220916
0,0.1,0.2,momentum,2022-02-01,0.5,2.459317208128886
0,0.1,0.2,momentum,2022-03-03,0.0,0.0
0,0.1,0.2,momentum,2022-04-01,0.0,0.0
0,0.1,0.2,momentum,2022-05-03,0.0,0.0
0,0.1,0.2,momentum,2022-06-02,0.0,0.0
0,0.1,0.2,momentum,2022-07-05,0.0,0.0
0,0.1,0.2,momentum,2022-08-03,0.0,0.0
0,0.1,0.2,momentum,2022-09-01,0.0,0.0
0,0.1,0.2,momentum,2022-10-03,0.0,0.0
0,0.1,0.2,momentum,2022-11-01,0.0,0.0
0,0.1,0.2,momentum,2022-12-01,0.0,0.0
0,0.1,0.2,momentum,2023-01-03,0.0,0.0
0,0.1,0.2,momentum,2023-02-02,0.5,3.140568204151628
0,0.1,0.2,momentum,2023-03-06,0.5,-1.7209452240375733
0,0.1,0.2,momentum,2023-04-04,0.5,-4.659918784271055
0,0.1,0.2,momentum,2023-05-04,0.5,7.040929639072413
0,0.1,0.2,momentum,2023-06-05,0.5,-0.6699160360750245
0,0.1,0.2,momentum,2023-07-06,0.5,8.396966212010959
0,0.1,0.2,momentum,2023-08-04,0.5,-0.7399126294503011
0,0.1,0.2,momentum,2023-09-05,0.5,-6.762764284922906
0,0.1,0.2,momentum,2023-10-04,0.5,-2.0417842470226932
0,0.1,0.2,momentum,2023-11-02,0.5,8.692989970494992
0,0.1,0.2,momentum,2023-12-04,0.5,-1.4559864761088948
0,0.1,0.2,momentum,2024-01-04,0.5,-0.6995430194797647
0,0.1,0.2,momentum,2024-02-05,0.5,14.305527903911951
0,0.1,0.2,momentum,2024-03-06,0.5,0.7623428621221784
0,0.1,0.2,momentum,2024-04-05,0.5,-2.625149077789779
0,0.1,0.2,momentum,2024-05-06,0.5,6.65704416022721
0,0.1,0.2,momentum,2024-06-05,0.5,-4.024430648336164
0,0.1,0.2,momentum,2024-07-08,0.5,-9.01699339853197
0,0.1,0.2,momentum,2024-08-06,0.5,3.6919555326621945
0,0.1,0.2,momentum,2024-09-05,0.5,10.872479688999226
0,0.1,0.2,momentum,2024-10-04,0.5,1.1238098264096719
0,0.1,0.2,momentum,2024-11-04,0.5,12.224382088791286
0,0.1,0.2,momentum,2024-12-04,0.5,-3.157737322872567
0,0.1,0.2,momentum,2025-01-06,0.5,2.1543416938278437
0,0.1,0.2,momentum,2025-02-06,0.5,-7.421820999870299
0,0.1,0.2,momentum,2025-03-10,0.0,0.0
0,0.1,0.2,momentum,2025-04-08,0.0,0.0
0,0.1,0.2,momentum,2025-05-08,0.0,0.0
0,0.1,0.2,momentum,2025-06-09,0.5,6.079320876979466
0,0.1,0.2,momentum,2025-07-10,0.5,7.745105692973242
0,0.1,0.2,momentum,2025-08-08,0.5,-1.2169898247783917
0,0.1,0.2,momentum,2025-09-09,0.5,40.361142387362214
0,0.1,0.2,momentum,2025-10-08,0.5,-5.7166850240992435
0,0.1,0.2,momentum,2025-11-06,0.5,-0.01867346209528664
0,0.1,0.2,momentum,2025-12-08,0.5,0.2725154759432913
0,0.1,0.2,momentum,2026-01-08,0.5,-6.978954860292774
0,0.1,0.2,momentum,2026-02-09,0.5,-3.8500512831744937
0,0.1,0.2,momentum,2026-03-11,0.5,1.8147367626739852
0,0.1,0.2,momentum,2026-04-10,0.5,8.869904068295021
0,0.1,0.2,momentum,2026-05-11,0.5,-1.1203236551015405
0,0.1,0.2,momentum,2026-06-10,0.5,-1.279244085012654
0,0.1,0.2,momentum,2026-07-13,0.5,-5.594534188970268
0,0.1,0.2,qqq,2016-06-30,0.5,3.4932439942091165
0,0.1,0.2,qqq,2016-08-01,0.5,0.4479718596460014
0,0.1,0.2,qqq,2016-08-30,0.5,1.0223589279637624
0,0.1,0.2,qqq,2016-09-29,0.5,-0.23082804233522936
0,0.1,0.2,qqq,2016-10-28,0.5,0.3246751396147829
0,0.1,0.2,qqq,2016-11-29,0.5,0.3796659246035672
0,0.1,0.2,qqq,2016-12-29,0.5,1.9303862380101844
0,0.1,0.2,qqq,2017-01-31,0.5,2.282738115067806
0,0.1,0.2,qqq,2017-03-02,0.5,0.6849353613679776
0,0.1,0.2,qqq,2017-03-31,0.5,1.674036534467227
0,0.1,0.2,qqq,2017-05-02,0.5,1.4176330965048223
0,0.1,0.2,qqq,2017-06-01,0.5,-1.6336886892013625
0,0.1,0.2,qqq,2017-06-30,0.5,1.690110904537434
0,0.1,0.2,qqq,2017-08-01,0.5,-0.6248309961023768
0,0.1,0.2,qqq,2017-08-30,0.5,-0.21475579675581669
0,0.1,0.2,qqq,2017-09-29,0.5,1.8081222176815626
0,0.1,0.2,qqq,2017-10-30,0.5,1.3833118013515389
0,0.1,0.2,qqq,2017-11-29,0.5,0.7229031007890852
0,0.1,0.2,qqq,2017-12-29,0.5,3.7694659469514447
0,0.1,0.2,qqq,2018-01-31,0.5,-1.1744950184946146
0,0.1,0.2,qqq,2018-03-02,0.5,-2.953516212415297
0,0.1,0.2,qqq,2018-04-03,0.5,2.6697805689094967
0,0.1,0.2,qqq,2018-05-02,0.5,2.711253929304336
0,0.1,0.2,qqq,2018-06-01,0.5,-0.434875433095927
0,0.1,0.2,qqq,2018-07-02,0.5,0.7631648985520822
0,0.1,0.2,qqq,2018-08-01,0.5,2.984289053575373
0,0.1,0.2,qqq,2018-08-30,0.5,-0.11481121929923788
0,0.1,0.2,qqq,2018-10-01,0.5,-6.210995368119709
0,0.1,0.2,qqq,2018-10-30,0.0,0.0
0,0.1,0.2,qqq,2018-11-29,0.0,0.0
0,0.1,0.2,qqq,2019-01-02,0.0,0.0
0,0.1,0.2,qqq,2019-02-01,0.0,0.0
0,0.1,0.2,qqq,2019-03-05,0.5,2.2827344606301647
0,0.1,0.2,qqq,2019-04-03,0.5,1.0619001374192472
0,0.1,0.2,qqq,2019-05-03,0.5,-4.6163729013375505
0,0.1,0.2,qqq,2019-06-04,0.5,3.8140143670776228
0,0.1,0.2,qqq,2019-07-03,0.5,-0.09465479392707365
0,0.1,0.2,qqq,2019-08-02,0.5,0.9991389106386972
0,0.1,0.2,qqq,2019-09-03,0.5,-0.044610680748646825
0,0.1,0.2,qqq,2019-10-02,0.5,3.414235528099052
0,0.1,0.2,qqq,2019-10-31,0.5,1.7077321102489051
0,0.1,0.2,qqq,2019-12-02,0.5,3.1055474566024754
0,0.1,0.2,qqq,2020-01-02,0.5,1.249961202628258
0,0.1,0.2,qqq,2020-02-03,0.5,-3.628459196885647
0,0.1,0.2,qqq,2020-03-04,0.5,-7.136334085996832
0,0.1,0.2,qqq,2020-04-02,0.0,0.0
0,0.1,0.2,qqq,2020-05-04,0.5,4.074510121585373
0,0.1,0.2,qqq,2020-06-03,0.5,2.9818957550987513
0,0.1,0.2,qqq,2020-07-02,0.5,1.9199268961697546
0,0.1,0.2,qqq,2020-08-03,0.5,4.7293813774974325
0,0.1,0.2,qqq,2020-09-01,0.5,-4.285683812098428
0,0.1,0.2,qqq,2020-10-01,0.5,-0.033006683766401146
0,0.1,0.2,qqq,2020-10-30,0.5,4.997476393406997
0,0.1,0.2,qqq,2020-12-01,0.5,1.7635635177230435
0,0.1,0.2,qqq,2020-12-31,0.5,1.0576979442037615
0,0.1,0.2,qqq,2021-02-02,0.5,-3.2256560164880765
0,0.1,0.2,qqq,2021-03-04,0.5,2.8569998683005693
0,0.1,0.2,qqq,2021-04-05,0.5,0.7238994389431985
0,0.1,0.2,qqq,2021-05-04,0.5,0.08332102453576518
0,0.1,0.2,qqq,2021-06-03,0.5,3.3783333342294553
0,0.1,0.2,qqq,2021-07-02,0.5,0.6418066332833483
0,0.1,0.2,qqq,2021-08-03,0.5,1.6932705181839536
0,0.1,0.2,qqq,2021-09-01,0.5,-3.1847023358288262
0,0.1,0.2,qqq,2021-10-01,0.5,3.740162186868856
0,0.1,0.2,qqq,2021-11-01,0.5,0.8057288448649391
0,0.1,0.2,qqq,2021-12-01,0.5,1.8481575803103834
0,0.1,0.2,qqq,2021-12-31,0.5,-4.601617744619102
0,0.1,0.2,qqq,2022-02-01,0.5,-3.1417277531935794
0,0.1,0.2,qqq,2022-03-03,0.0,0.0
0,0.1,0.2,qqq,2022-04-01,0.0,0.0
0,0.1,0.2,qqq,2022-05-03,0.0,0.0
0,0.1,0.2,qqq,2022-06-02,0.0,0.0
0,0.1,0.2,qqq,2022-07-05,0.0,0.0
0,0.1,0.2,qqq,2022-08-03,0.0,0.0
0,0.1,0.2,qqq,2022-09-01,0.0,0.0
0,0.1,0.2,qqq,2022-10-03,0.0,0.0
0,0.1,0.2,qqq,2022-11-01,0.0,0.0
0,0.1,0.2,qqq,2022-12-01,0.0,0.0
0,0.1,0.2,qqq,2023-01-03,0.0,0.0
0,0.1,0.2,qqq,2023-02-02,0.5,-0.9606385492892722
0,0.1,0.2,qqq,2023-03-06,0.5,3.321696081922565
0,0.1,0.2,qqq,2023-04-04,0.5,-0.2269596919910133
0,0.1,0.2,qqq,2023-05-04,0.5,5.569023011379515
0,0.1,0.2,qqq,2023-06-05,0.5,2.225225044602208
0,0.1,0.2,qqq,2023-07-06,0.5,0.7914910187181379
0,0.1,0.2,qqq,2023-08-04,0.5,0.3952543030731226
0,0.1,0.2,qqq,2023-09-05,0.5,-2.9893362611894236
0,0.1,0.2,qqq,2023-10-04,0.5,-0.48551893564177107
0,0.1,0.2,qqq,2023-11-02,0.5,3.346243925943204
0,0.1,0.2,qqq,2023-12-04,0.5,1.840269398654737
0,0.1,0.2,qqq,2024-01-04,0.5,3.998337769141025
0,0.1,0.2,qqq,2024-02-05,0.5,0.6481202076857873
0,0.1,0.2,qqq,2024-03-06,0.5,-0.833516303331483
0,0.1,0.2,qqq,2024-04-05,0.5,-0.7702706974277995
0,0.1,0.2,qqq,2024-05-06,0.5,1.4479486246300244
0,0.1,0.2,qqq,2024-06-05,0.5,3.418169728672149
0,0.1,0.2,qqq,2024-07-08,0.5,-6.451567734516262
0,0.1,0.2,qqq,2024-08-06,0.5,1.4781616671760922
0,0.1,0.2,qqq,2024-09-05,0.5,2.2780605972309464
0,0.1,0.2,qqq,2024-10-04,0.5,0.10982045893890291
0,0.1,0.2,qqq,2024-11-04,0.5,2.8944507649785844
0,0.1,0.2,qqq,2024-12-04,0.5,-0.47118943792793244
0,0.1,0.2,qqq,2025-01-06,0.5,0.01972939780787719
0,0.1,0.2,qqq,2025-02-06,0.5,-3.7096405881229644
0,0.1,0.2,qqq,2025-03-10,0.0,0.0
0,0.1,0.2,qqq,2025-04-08,0.0,0.0
0,0.1,0.2,qqq,2025-05-08,0.0,0.0
0,0.1,0.2,qqq,2025-06-09,0.5,2.3148936158963407
0,0.1,0.2,qqq,2025-07-10,0.5,1.3376709492615158
0,0.1,0.2,qqq,2025-08-08,0.5,0.2630510356595117
0,0.1,0.2,qqq,2025-09-09,0.5,1.7354936058774362
0,0.1,0.2,qqq,2025-10-08,0.5,0.8630538363184392
0,0.1,0.2,qqq,2025-11-06,0.5,1.308563392403328
0,0.1,0.2,qqq,2025-12-08,0.5,0.04539721681002806
0,0.1,0.2,qqq,2026-01-08,0.5,-1.0442412426892367
0,0.1,0.2,qqq,2026-02-09,0.5,-0.71137245107884
0,0.1,0.2,qqq,2026-03-11,0.5,0.5788943099129362
0,0.1,0.2,qqq,2026-04-10,0.5,8.230700674972024
0,0.1,0.2,qqq,2026-05-11,0.5,-0.12737730820183701
0,0.1,0.2,qqq,2026-06-10,0.5,1.8280102715870994
0,0.1,0.2,qqq,2026-07-13,0.5,-0.05486346592901148
0,0.1,0.5,high,2016-06-30,0.5,5.596505418734377
0,0.1,0.5,high,2016-08-01,0.5,0.09316714616374178
0,0.1,0.5,high,2016-08-30,0.5,-1.3805680464431758
0,0.1,0.5,high,2016-09-29,0.5,-0.9922702464680522
0,0.1,0.5,high,2016-10-28,0.5,3.820891428181694
0,0.1,0.5,high,2016-11-29,0.5,-0.027262117588322532
0,0.1,0.5,high,2016-12-29,0.5,0.0032113678510192756
0,0.1,0.5,high,2017-01-31,0.5,0.12226552794081247
0,0.1,0.5,high,2017-03-02,0.5,0.8345077700458781
0,0.1,0.5,high,2017-03-31,0.5,1.1906914499234755
0,0.1,0.5,high,2017-05-02,0.5,1.8957366916342533
0,0.1,0.5,high,2017-06-01,0.5,-1.2314341591376565
0,0.1,0.5,high,2017-06-30,0.5,0.9592424352105056
0,0.1,0.5,high,2017-08-01,0.5,-1.1113770264373324
0,0.1,0.5,high,2017-08-30,0.5,0.30679138525306904
0,0.1,0.5,high,2017-09-29,0.5,1.437069319367379
0,0.1,0.5,high,2017-10-30,0.5,4.0860410716765605
0,0.1,0.5,high,2017-11-29,0.5,1.19547229343544
0,0.1,0.5,high,2017-12-29,0.5,2.079992617529891
0,0.1,0.5,high,2018-01-31,0.5,-0.2974049582331162
0,0.1,0.5,high,2018-03-02,0.5,-2.7626808916801138
0,0.1,0.5,high,2018-04-03,0.5,0.7848560555043127
0,0.1,0.5,high,2018-05-02,0.5,3.26987134703276
0,0.1,0.5,high,2018-06-01,0.5,-0.5244527664170273
0,0.1,0.5,high,2018-07-02,0.5,-0.48689096883676175
0,0.1,0.5,high,2018-08-01,0.5,3.1144632736604283
0,0.1,0.5,high,2018-08-30,0.5,0.8584526399072256
0,0.1,0.5,high,2018-10-01,0.5,-5.892483374509661
0,0.1,0.5,high,2018-10-30,0.0,0.0
0,0.1,0.5,high,2018-11-29,0.0,0.0
0,0.1,0.5,high,2019-01-02,0.0,0.0
0,0.1,0.5,high,2019-02-01,0.0,0.0
0,0.1,0.5,high,2019-03-05,0.5,1.112901456378279
0,0.1,0.5,high,2019-04-03,0.5,0.6361463008216495
0,0.1,0.5,high,2019-05-03,0.5,-0.4664313699552447
0,0.1,0.5,high,2019-06-04,0.5,1.9224495859628155
0,0.1,0.5,high,2019-07-03,0.5,-0.5885201806935414
0,0.1,0.5,high,2019-08-02,0.5,2.537481472075176
0,0.1,0.5,high,2019-09-03,0.5,0.48872647733659846
0,0.1,0.5,high,2019-10-02,0.5,1.4744731710575554
0,0.1,0.5,high,2019-10-31,0.5,0.41393964076656964
0,0.1,0.5,high,2019-12-02,0.5,2.860445338095974
0,0.1,0.5,high,2020-01-02,0.5,-0.1915223846666647
0,0.1,0.5,high,2020-02-03,0.5,-2.4550859557868288
0,0.1,0.5,high,2020-03-04,0.5,-10.837243792516805
0,0.1,0.5,high,2020-04-02,0.0,0.0
0,0.1,0.5,high,2020-05-04,0.5,4.872336137446731
0,0.1,0.5,high,2020-06-03,0.5,0.9790409198790151
0,0.1,0.5,high,2020-07-02,0.5,-0.4503475113939781
0,0.1,0.5,high,2020-08-03,0.5,6.503841928691423
0,0.1,0.5,high,2020-09-01,0.5,-5.077023695770366
0,0.1,0.5,high,2020-10-01,0.5,0.7876076029629919
0,0.1,0.5,high,2020-10-30,0.5,2.3818890483700006
0,0.1,0.5,high,2020-12-01,0.5,2.160704335555508
0,0.1,0.5,high,2020-12-31,0.5,0.3305372191053868
0,0.1,0.5,high,2021-02-02,0.5,-0.5006890566359057
0,0.1,0.5,high,2021-03-04,0.5,0.1498234604130566
0,0.1,0.5,high,2021-04-05,0.5,0.6557902224165968
0,0.1,0.5,high,2021-05-04,0.5,0.7831403099984202
0,0.1,0.5,high,2021-06-03,0.5,0.4324031434662645
0,0.1,0.5,high,2021-07-02,0.5,0.8369235217103199
0,0.1,0.5,high,2021-08-03,0.5,1.4134296604918717
0,0.1,0.5,high,2021-09-01,0.5,-3.7750991872816386
0,0.1,0.5,high,2021-10-01,0.5,1.7009153424018653
0,0.1,0.5,high,2021-11-01,0.5,2.8878352854144973
0,0.1,0.5,high,2021-12-01,0.5,3.7756008998591772
0,0.1,0.5,high,2021-12-31,0.5,-2.9441051960682585
0,0.1,0.5,high,2022-02-01,0.5,2.415804145517786
0,0.1,0.5,high,2022-03-03,0.0,0.0
0,0.1,0.5,high,2022-04-01,0.0,0.0
0,0.1,0.5,high,2022-05-03,0.0,0.0
0,0.1,0.5,high,2022-06-02,0.0,0.0
0,0.1,0.5,high,2022-07-05,0.0,0.0
0,0.1,0.5,high,2022-08-03,0.0,0.0
0,0.1,0.5,high,2022-09-01,0.0,0.0
0,0.1,0.5,high,2022-10-03,0.0,0.0
0,0.1,0.5,high,2022-11-01,0.0,0.0
0,0.1,0.5,high,2022-12-01,0.0,0.0
0,0.1,0.5,high,2023-01-03,0.0,0.0
0,0.1,0.5,high,2023-02-02,0.5,-0.48463938814312657
0,0.1,0.5,high,2023-03-06,0.5,-0.6414648541761103
0,0.1,0.5,high,2023-04-04,0.5,1.6744853547247418
0,0.1,0.5,high,2023-05-04,0.5,-0.8130605461171725
0,0.1,0.5,high,2023-06-05,0.5,1.7924835059239586
0,0.1,0.5,high,2023-07-06,0.5,1.1692241804899695
0,0.1,0.5,high,2023-08-04,0.5,3.1416218405368346
0,0.1,0.5,high,2023-09-05,0.5,-3.6720166343863325
0,0.1,0.5,high,2023-10-04,0.5,-0.19592418325504735
0,0.1,0.5,high,2023-11-02,0.5,0.847053018939703
0,0.1,0.5,high,2023-12-04,0.5,-0.24901776162461475
0,0.1,0.5,high,2024-01-04,0.5,2.3331524546583937
0,0.1,0.5,high,2024-02-05,0.5,0.9856253330265297
0,0.1,0.5,high,2024-03-06,0.5,-4.656404090810639
0,0.1,0.5,high,2024-04-05,0.5,-2.774029491385188
0,0.1,0.5,high,2024-05-06,0.5,1.3119760553129245
0,0.1,0.5,high,2024-06-05,0.5,-1.8115239851291376
0,0.1,0.5,high,2024-07-08,0.5,-8.12934645254334
0,0.1,0.5,high,2024-08-06,0.5,2.688591134549223
0,0.1,0.5,high,2024-09-05,0.5,0.07724942345541663
0,0.1,0.5,high,2024-10-04,0.5,-0.620709197615299
0,0.1,0.5,high,2024-11-04,0.5,2.2270287028450797
0,0.1,0.5,high,2024-12-04,0.5,-2.863477853423635
0,0.1,0.5,high,2025-01-06,0.5,-0.3409483617967557
0,0.1,0.5,high,2025-02-06,0.5,-4.423146564613479
0,0.1,0.5,high,2025-03-10,0.0,0.0
0,0.1,0.5,high,2025-04-08,0.0,0.0
0,0.1,0.5,high,2025-05-08,0.0,0.0
0,0.1,0.5,high,2025-06-09,0.5,5.0406656726941
0,0.1,0.5,high,2025-07-10,0.5,0.7614558344830158
0,0.1,0.5,high,2025-08-08,0.5,1.1010825037162997
0,0.1,0.5,high,2025-09-09,0.5,2.9297417394666736
0,0.1,0.5,high,2025-10-08,0.5,-2.9484672568422243
0,0.1,0.5,high,2025-11-06,0.5,0.2539492435102986
0,0.1,0.5,high,2025-12-08,0.5,3.8996212284664766
0,0.1,0.5,high,2026-01-08,0.5,0.4393317505922312
0,0.1,0.5,high,2026-02-09,0.5,-1.222138585652588
0,0.1,0.5,high,2026-03-11,0.5,0.792775436426707
0,0.1,0.5,high,2026-04-10,0.5,1.0962853564151498
0,0.1,0.5,high,2026-05-11,0.5,-0.1919186828748476
0,0.1,0.5,high,2026-06-10,0.5,1.370233436617574
0,0.1,0.5,high,2026-07-13,0.5,-1.2653679905617499
0,0.1,0.5,momentum,2016-06-30,0.5,6.7705610321896925
0,0.1,0.5,momentum,2016-08-01,0.5,0.7971500905447071
0,0.1,0.5,momentum,2016-08-30,0.5,-0.6582601599434912
0,0.1,0.5,momentum,2016-09-29,0.5,0.40203618687189024
0,0.1,0.5,momentum,2016-10-28,0.5,6.564930053696383
0,0.1,0.5,momentum,2016-11-29,0.5,4.02672821167902
0,0.1,0.5,momentum,2016-12-29,0.5,1.3291859719079868
0,0.1,0.5,momentum,2017-01-31,0.5,3.300323431784813
0,0.1,0.5,momentum,2017-03-02,0.5,2.2333017855220794
0,0.1,0.5,momentum,2017-03-31,0.5,-2.595643164389816
0,0.1,0.5,momentum,2017-05-02,0.5,6.447491711220343
0,0.1,0.5,momentum,2017-06-01,0.5,0.932102443552707
0,0.1,0.5,momentum,2017-06-30,0.5,2.465555195471536
0,0.1,0.5,momentum,2017-08-01,0.5,1.399110649763835
0,0.1,0.5,momentum,2017-08-30,0.5,2.2256694578072223
0,0.1,0.5,momentum,2017-09-29,0.5,4.370238846622265
0,0.1,0.5,momentum,2017-10-30,0.5,5.618121451688074
0,0.1,0.5,momentum,2017-11-29,0.5,1.199529703599178
0,0.1,0.5,momentum,2017-12-29,0.5,3.7601397879018617
0,0.1,0.5,momentum,2018-01-31,0.5,0.9867585326196693
0,0.1,0.5,momentum,2018-03-02,0.5,-0.20106088425266844
0,0.1,0.5,momentum,2018-04-03,0.5,2.292098163747469
0,0.1,0.5,momentum,2018-05-02,0.5,8.096607232593112
0,0.1,0.5,momentum,2018-06-01,0.5,-2.6095027000143767
0,0.1,0.5,momentum,2018-07-02,0.5,-3.668373267745728
0,0.1,0.5,momentum,2018-08-01,0.5,6.123020128160017
0,0.1,0.5,momentum,2018-08-30,0.5,0.40528517537086195
0,0.1,0.5,momentum,2018-10-01,0.5,-12.465123767908825
0,0.1,0.5,momentum,2018-10-30,0.0,0.0
0,0.1,0.5,momentum,2018-11-29,0.0,0.0
0,0.1,0.5,momentum,2019-01-02,0.0,0.0
0,0.1,0.5,momentum,2019-02-01,0.0,0.0
0,0.1,0.5,momentum,2019-03-05,0.5,5.2521186159147915
0,0.1,0.5,momentum,2019-04-03,0.5,-0.4795017559905079
0,0.1,0.5,momentum,2019-05-03,0.5,0.06471170175306185
0,0.1,0.5,momentum,2019-06-04,0.5,4.4641214281254005
0,0.1,0.5,momentum,2019-07-03,0.5,4.1461921580070005
0,0.1,0.5,momentum,2019-08-02,0.5,-0.1512223154387593
0,0.1,0.5,momentum,2019-09-03,0.5,-10.144238439347507
0,0.1,0.5,momentum,2019-10-02,0.5,0.5359108657937428
0,0.1,0.5,momentum,2019-10-31,0.5,2.2669688182094028
0,0.1,0.5,momentum,2019-12-02,0.5,5.521329689066268
0,0.1,0.5,momentum,2020-01-02,0.5,-1.1652570559983255
0,0.1,0.5,momentum,2020-02-03,0.5,5.251981154460816
0,0.1,0.5,momentum,2020-03-04,0.5,-15.334204859308842
0,0.1,0.5,momentum,2020-04-02,0.0,0.0
0,0.1,0.5,momentum,2020-05-04,0.5,7.42437464664949
0,0.1,0.5,momentum,2020-06-03,0.5,1.9252058661643368
0,0.1,0.5,momentum,2020-07-02,0.5,8.60305616299446
0,0.1,0.5,momentum,2020-08-03,0.5,8.025895706953733
0,0.1,0.5,momentum,2020-09-01,0.5,0.9637845981561366
0,0.1,0.5,momentum,2020-10-01,0.5,-0.9436394473454235
0,0.1,0.5,momentum,2020-10-30,0.5,23.776383955192305
0,0.1,0.5,momentum,2020-12-01,0.5,7.6910688248212455
0,0.1,0.5,momentum,2020-12-31,0.5,9.381220810232316
0,0.1,0.5,momentum,2021-02-02,0.5,-10.973927610294542
0,0.1,0.5,momentum,2021-03-04,0.5,2.790510125494694
0,0.1,0.5,momentum,2021-04-05,0.5,-3.8998562220996513
0,0.1,0.5,momentum,2021-05-04,0.5,-2.2850957662164606
0,0.1,0.5,momentum,2021-06-03,0.5,17.775167308126292
0,0.1,0.5,momentum,2021-07-02,0.5,2.3067274247743574
0,0.1,0.5,momentum,2021-08-03,0.5,3.956897699314421
0,0.1,0.5,momentum,2021-09-01,0.5,-8.648013101734875
0,0.1,0.5,momentum,2021-10-01,0.5,10.842346517505863
0,0.1,0.5,momentum,2021-11-01,0.5,-1.5475438568944067
0,0.1,0.5,momentum,2021-12-01,0.5,-1.9254466517473423
0,0.1,0.5,momentum,2021-12-31,0.5,-9.502687605720904
0,0.1,0.5,momentum,2022-02-01,0.5,2.302174577593741
0,0.1,0.5,momentum,2022-03-03,0.0,0.0
0,0.1,0.5,momentum,2022-04-01,0.0,0.0
0,0.1,0.5,momentum,2022-05-03,0.0,0.0
0,0.1,0.5,momentum,2022-06-02,0.0,0.0
0,0.1,0.5,momentum,2022-07-05,0.0,0.0
0,0.1,0.5,momentum,2022-08-03,0.0,0.0
0,0.1,0.5,momentum,2022-09-01,0.0,0.0
0,0.1,0.5,momentum,2022-10-03,0.0,0.0
0,0.1,0.5,momentum,2022-11-01,0.0,0.0
0,0.1,0.5,momentum,2022-12-01,0.0,0.0
0,0.1,0.5,momentum,2023-01-03,0.0,0.0
0,0.1,0.5,momentum,2023-02-02,0.5,2.981384876572224
0,0.1,0.5,momentum,2023-03-06,0.5,-1.8655658190244728
0,0.1,0.5,momentum,2023-04-04,0.5,-4.795735642173538
0,0.1,0.5,momentum,2023-05-04,0.5,6.870062723361459
0,0.1,0.5,momentum,2023-06-05,0.5,-0.8176850039374184
0,0.1,0.5,momentum,2023-07-06,0.5,8.222037269466377
0,0.1,0.5,momentum,2023-08-04,0.5,-0.8874719215220761
0,0.1,0.5,momentum,2023-09-05,0.5,-6.892282039231068
0,0.1,0.5,momentum,2023-10-04,0.5,-2.1854437641547153
0,0.1,0.5,momentum,2023-11-02,0.5,8.517174284573192
0,0.1,0.5,momentum,2023-12-04,0.5,-1.6014007587922596
0,0.1,0.5,momentum,2024-01-04,0.5,-0.8472232392921608
0,0.1,0.5,momentum,2024-02-05,0.5,14.11289978081458
0,0.1,0.5,momentum,2024-03-06,0.5,0.6102835423671182
0,0.1,0.5,momentum,2024-04-05,0.5,-2.7670611172772808
0,0.1,0.5,momentum,2024-05-06,0.5,6.4873271789259945
0,0.1,0.5,momentum,2024-06-05,0.5,-4.16215111998487
0,0.1,0.5,momentum,2024-07-08,0.5,-9.139758577480904
0,0.1,0.5,momentum,2024-08-06,0.5,3.5311205165009074
0,0.1,0.5,momentum,2024-09-05,0.5,10.690135310638826
0,0.1,0.5,momentum,2024-10-04,0.5,0.9706677272239617
0,0.1,0.5,momentum,2024-11-04,0.5,12.037988067571659
0,0.1,0.5,momentum,2024-12-04,0.5,-3.298053986699878
0,0.1,0.5,momentum,2025-01-06,0.5,1.9981126217817557
0,0.1,0.5,momentum,2025-02-06,0.5,-7.549364540418724
0,0.1,0.5,momentum,2025-03-10,0.0,0.0
0,0.1,0.5,momentum,2025-04-08,0.0,0.0
0,0.1,0.5,momentum,2025-05-08,0.0,0.0
0,0.1,0.5,momentum,2025-06-09,0.5,5.9113344739869955
0,0.1,0.5,momentum,2025-07-10,0.5,7.572129407881256
0,0.1,0.5,momentum,2025-08-08,0.5,-1.3631200253287457
0,0.1,0.5,momentum,2025-09-09,0.5,40.09046430063496
0,0.1,0.5,momentum,2025-10-08,0.5,-5.849336323705778
0,0.1,0.5,momentum,2025-11-06,0.5,-0.16839323634706416
0,0.1,0.5,momentum,2025-12-08,0.5,0.12192344108765685
0,0.1,0.5,momentum,2026-01-08,0.5,-7.107825012658731
0,0.1,0.5,momentum,2026-02-09,0.5,-3.988294110690771
0,0.1,0.5,momentum,2026-03-11,0.5,1.6595249820274827
0,0.1,0.5,momentum,2026-04-10,0.5,8.69355843367796
0,0.1,0.5,momentum,2026-05-11,0.5,-1.2667434205374972
0,0.1,0.5,momentum,2026-06-10,0.5,-1.4251878020413722
0,0.1,0.5,momentum,2026-07-13,0.5,-5.727551393140118
0,0.1,0.5,qqq,2016-06-30,0.5,3.333004221286462
0,0.1,0.5,qqq,2016-08-01,0.5,0.2968542426984522
0,0.1,0.5,qqq,2016-08-30,0.5,0.8695207263867522
0,0.1,0.5,qqq,2016-09-29,0.5,-0.379912304525587
0,0.1,0.5,qqq,2016-10-28,0.5,0.17392685974504385
0,0.1,0.5,qqq,2016-11-29,0.5,0.2287529190555304
0,0.1,0.5,qqq,2016-12-29,0.5,1.7748280277160466
0,0.1,0.5,qqq,2017-01-31,0.5,2.1261244297163806
0,0.1,0.5,qqq,2017-03-02,0.5,0.5331079168819697
0,0.1,0.5,qqq,2017-03-31,0.5,1.519246223354731
0,0.1,0.5,qqq,2017-05-02,0.5,1.263610845536145
0,0.1,0.5,qqq,2017-06-01,0.5,-1.7785706623789088
0,0.1,0.5,qqq,2017-06-30,0.5,1.535272442420843
0,0.1,0.5,qqq,2017-08-01,0.5,-0.7727350168430291
0,0.1,0.5,qqq,2017-08-30,0.5,-0.3638882035863267
0,0.1,0.5,qqq,2017-09-29,0.5,1.6529302509986188
0,0.1,0.5,qqq,2017-10-30,0.5,1.2293923603104107
0,0.1,0.5,qqq,2017-11-29,0.5,0.5709619233998486
0,0.1,0.5,qqq,2017-12-29,0.5,3.6083987472421475
0,0.1,0.5,qqq,2018-01-31,0.5,-1.320752512841361
0,0.1,0.5,qqq,2018-03-02,0.5,-3.094444623482484
0,0.1,0.5,qqq,2018-04-03,0.5,2.5120074923848934
0,0.1,0.5,qqq,2018-05-02,0.5,2.553356618738989
0,0.1,0.5,qqq,2018-06-01,0.5,-0.5833484684262258
0,0.1,0.5,qqq,2018-07-02,0.5,0.6111031163752445
0,0.1,0.5,qqq,2018-08-01,0.5,2.825573862413422
0,0.1,0.5,qqq,2018-08-30,0.5,-0.2642430115324834
0,0.1,0.5,qqq,2018-10-01,0.5,-6.342165954062895
0,0.1,0.5,qqq,2018-10-30,0.0,0.0
0,0.1,0.5,qqq,2018-11-29,0.0,0.0
0,0.1,0.5,qqq,2019-01-02,0.0,0.0
0,0.1,0.5,qqq,2019-02-01,0.0,0.0
0,0.1,0.5,qqq,2019-03-05,0.5,2.1261207862256715
0,0.1,0.5,qqq,2019-04-03,0.5,0.9089434895871218
0,0.1,0.5,qqq,2019-05-03,0.5,-4.752320201551474
0,0.1,0.5,qqq,2019-06-04,0.5,3.6528137219424606
0,0.1,0.5,qqq,2019-07-03,0.5,-0.2441469650190875
0,0.1,0.5,qqq,2019-08-02,0.5,0.8463702649537108
0,0.1,0.5,qqq,2019-09-03,0.5,-0.1942527596931698
0,0.1,0.5,qqq,2019-10-02,0.5,3.25423242615992
0,0.1,0.5,qqq,2019-10-31,0.5,1.5528408635600677
0,0.1,0.5,qqq,2019-12-02,0.5,2.9464690341702626
0,0.1,0.5,qqq,2020-01-02,0.5,1.096441215201538
0,0.1,0.5,qqq,2020-02-03,0.5,-3.767365806646872
0,0.1,0.5,qqq,2020-03-04,0.5,-7.26473280665465
0,0.1,0.5,qqq,2020-04-02,0.0,0.0
0,0.1,0.5,qqq,2020-05-04,0.5,3.9125291577140286
0,0.1,0.5,qqq,2020-06-03,0.5,2.8231877330963773
0,0.1,0.5,qqq,2020-07-02,0.5,1.7644000169828145
0,0.1,0.5,qqq,2020-08-03,0.5,4.565438737468375
0,0.1,0.5,qqq,2020-09-01,0.5,-4.422621696180706
0,0.1,0.5,qqq,2020-10-01,0.5,-0.18268352264886323
0,0.1,0.5,qqq,2020-10-30,0.5,4.8327306709461615
0,0.1,0.5,qqq,2020-12-01,0.5,1.6085050272593104
0,0.1,0.5,qqq,2020-12-31,0.5,0.9047538841011393
0,0.1,0.5,qqq,2021-02-02,0.5,-3.365769228903026
0,0.1,0.5,qqq,2021-03-04,0.5,2.6986659737028296
0,0.1,0.5,qqq,2021-04-05,0.5,0.5719552770088621
0,0.1,0.5,qqq,2021-05-04,0.5,-0.0667042756508307
0,0.1,0.5,qqq,2021-06-03,0.5,3.2184377778224693
0,0.1,0.5,qqq,2021-07-02,0.5,0.4901083815155083
0,0.1,0.5,qqq,2021-08-03,0.5,1.5384225913997573
0,0.1,0.5,qqq,2021-09-01,0.5,-3.324938225576446
0,0.1,0.5,qqq,2021-10-01,0.5,3.5791827669895193
0,0.1,0.5,qqq,2021-11-01,0.5,0.6535395617817574
0,0.1,0.5,qqq,2021-12-01,0.5,1.6928456871295072
0,0.1,0.5,qqq,2021-12-31,0.5,-4.7376092441147595
0,0.1,0.5,qqq,2022-02-01,0.5,-3.282092373914469
0,0.1,0.5,qqq,2022-03-03,0.0,0.0
0,0.1,0.5,qqq,2022-04-01,0.0,0.0
0,0.1,0.5,qqq,2022-05-03,0.0,0.0
0,0.1,0.5,qqq,2022-06-02,0.0,0.0
0,0.1,0.5,qqq,2022-07-05,0.0,0.0
0,0.1,0.5,qqq,2022-08-03,0.0,0.0
0,0.1,0.5,qqq,2022-09-01,0.0,0.0
0,0.1,0.5,qqq,2022-10-03,0.0,0.0
0,0.1,0.5,qqq,2022-11-01,0.0,0.0
0,0.1,0.5,qqq,2022-12-01,0.0,0.0
0,0.1,0.5,qqq,2023-01-03,0.0,0.0
0,0.1,0.5,qqq,2023-02-02,0.5,-1.1075366537299902
0,0.1,0.5,qqq,2023-03-06,0.5,3.1619701832101166
0,0.1,0.5,qqq,2023-04-04,0.5,-0.37605554187983836
0,0.1,0.5,qqq,2023-05-04,0.5,5.4025652128986135
0,0.1,0.5,qqq,2023-06-05,0.5,2.0687836404710724
0,0.1,0.5,qqq,2023-07-06,0.5,0.6393443852455993
0,0.1,0.5,qqq,2023-08-04,0.5,0.2442946023157866
0,0.1,0.5,qqq,2023-09-05,0.5,-3.1301573727912313
0,0.1,0.5,qqq,2023-10-04,0.5,-0.6338402676401844
0,0.1,0.5,qqq,2023-11-02,0.5,3.186444493814977
0,0.1,0.5,qqq,2023-12-04,0.5,1.6849811346341559
0,0.1,0.5,qqq,2024-01-04,0.5,3.836584980634372
0,0.1,0.5,qqq,2024-02-05,0.5,0.49640304351605824
0,0.1,0.5,qqq,2024-03-06,0.5,-0.9807952042673374
0,0.1,0.5,qqq,2024-04-05,0.5,-0.9177390514753414
0,0.1,0.5,qqq,2024-05-06,0.5,1.2938355630658371
0,0.1,0.5,qqq,2024-06-05,0.5,3.2581548417792483
0,0.1,0.5,qqq,2024-07-08,0.5,-6.582017682515584
0,0.1,0.5,qqq,2024-08-06,0.5,1.3239581020133784
0,0.1,0.5,qqq,2024-09-05,0.5,2.1214609234507353
0,0.1,0.5,qqq,2024-10-04,0.5,-0.04028422068019788
0,0.1,0.5,qqq,2024-11-04,0.5,2.736004685687421
0,0.1,0.5,qqq,2024-12-04,0.5,-0.6195536941404733
0,0.1,0.5,qqq,2025-01-06,0.5,-0.13010541275675358
0,0.1,0.5,qqq,2025-02-06,0.5,-3.848304017872539
0,0.1,0.5,qqq,2025-03-10,0.0,0.0
0,0.1,0.5,qqq,2025-04-08,0.0,0.0
0,0.1,0.5,qqq,2025-05-08,0.0,0.0
0,0.1,0.5,qqq,2025-06-09,0.5,2.158183608285036
0,0.1,0.5,qqq,2025-07-10,0.5,1.1838882260417627
0,0.1,0.5,qqq,2025-08-08,0.5,0.11248735166931034
0,0.1,0.5,qqq,2025-09-09,0.5,1.580519199233743
0,0.1,0.5,qqq,2025-10-08,0.5,0.710692835408322
0,0.1,0.5,qqq,2025-11-06,0.5,1.154867861283937
0,0.1,0.5,qqq,2025-12-08,0.5,-0.1045144820713384
0,0.1,0.5,qqq,2026-01-08,0.5,-1.1908889140732737
0,0.1,0.5,qqq,2026-02-09,0.5,-0.8590172356606973
0,0.1,0.5,qqq,2026-03-11,0.5,0.4273845129042497
0,0.1,0.5,qqq,2026-04-10,0.5,8.056269783207547
0,0.1,0.5,qqq,2026-05-11,0.5,-0.27677145853710616
0,0.1,0.5,qqq,2026-06-10,0.5,1.6727587299559366
0,0.1,0.5,qqq,2026-07-13,0.5,-0.20447483250976006
0,0.1,1.0,high,2016-06-30,0.5,5.319212657384553
0,0.1,1.0,high,2016-08-01,0.5,-0.15667720175162048
0,0.1,1.0,high,2016-08-30,0.5,-1.623062002495279
0,0.1,1.0,high,2016-09-29,0.5,-1.23670087404959
0,0.1,1.0,high,2016-10-28,0.5,3.5524547073837676
0,0.1,1.0,high,2016-11-29,0.5,-0.27650581330728174
0,0.1,1.0,high,2016-12-29,0.5,-0.24618431722162049
0,0.1,1.0,high,2017-01-31,0.5,-0.12772395087036204
0,0.1,1.0,high,2017-03-02,0.5,0.5809659165561865
0,0.1,1.0,high,2017-03-31,0.5,0.9353730970765861
0,0.1,1.0,high,2017-05-02,0.5,1.6369018598202167
0,0.1,1.0,high,2017-06-01,0.5,-1.4746719343760595
0,0.1,1.0,high,2017-06-30,0.5,0.705078455932906
0,0.1,1.0,high,2017-08-01,0.5,-1.3552135978337931
0,0.1,1.0,high,2017-08-30,0.5,0.05588156650095932
0,0.1,1.0,high,2017-09-29,0.5,1.1805221338944127
0,0.1,1.0,high,2017-10-30,0.5,3.8162818922769404
0,0.1,1.0,high,2017-11-29,0.5,0.9401300956851655
0,0.1,1.0,high,2017-12-29,0.5,1.820238792083062
0,0.1,1.0,high,2018-01-31,0.5,-0.5453012913134159
0,0.1,1.0,high,2018-03-02,0.5,-2.998281430880456
0,0.1,1.0,high,2018-04-03,0.5,0.5315618445764558
0,0.1,1.0,high,2018-05-02,0.5,3.0041828903336176
0,0.1,1.0,high,2018-06-01,0.5,-0.7712166773564677
0,0.1,1.0,high,2018-07-02,0.5,-0.733842222748482
0,0.1,1.0,high,2018-08-01,0.5,2.8495499292364057
0,0.1,1.0,high,2018-08-30,0.5,0.6047913591435972
0,0.1,1.0,high,2018-10-01,0.5,-6.11247373162378
0,0.1,1.0,high,2018-10-30,0.0,0.0
0,0.1,1.0,high,2018-11-29,0.0,0.0
0,0.1,1.0,high,2019-01-02,0.0,0.0
0,0.1,1.0,high,2019-02-01,0.0,0.0
0,0.1,1.0,high,2019-03-05,0.5,0.8579710883867664
0,0.1,1.0,high,2019-04-03,0.5,0.3835937936790712
0,0.1,1.0,high,2019-05-03,0.5,-0.7134846680265094
0,0.1,1.0,high,2019-06-04,0.5,1.6634815210943454
0,0.1,1.0,high,2019-07-03,0.5,-0.8349645494228564
0,0.1,1.0,high,2019-08-02,0.5,2.275445878254434
0,0.1,1.0,high,2019-09-03,0.5,0.2369092403269768
0,0.1,1.0,high,2019-10-02,0.5,1.2177394303821698
0,0.1,1.0,high,2019-10-31,0.5,0.16249541008654944
0,0.1,1.0,high,2019-12-02,0.5,2.59679893184106
0,0.1,1.0,high,2020-01-02,0.5,-0.4399468169679732
0,0.1,1.0,high,2020-02-03,0.5,-2.6922206534474524
0,0.1,1.0,high,2020-03-04,0.5,-11.03257169539581
0,0.1,1.0,high,2020-04-02,0.0,0.0
0,0.1,1.0,high,2020-05-04,0.5,4.598655237996874
0,0.1,1.0,high,2020-06-03,0.5,0.7247781938107378
0,0.1,1.0,high,2020-07-02,0.5,-0.6974810292114331
0,0.1,1.0,high,2020-08-03,0.5,6.222023741787885
0,0.1,1.0,high,2020-09-01,0.5,-5.301081234164762
0,0.1,1.0,high,2020-10-01,0.5,0.534299668435323
0,0.1,1.0,high,2020-10-30,0.5,2.120629486288861
0,0.1,1.0,high,2020-12-01,0.5,1.9005479528796387
0,0.1,1.0,high,2020-12-31,0.5,0.07950896578998723
0,0.1,1.0,high,2021-02-02,0.5,-0.7475714912965059
0,0.1,1.0,high,2021-03-04,0.5,-0.1003034661591573
0,0.1,1.0,high,2021-04-05,0.5,0.4031397393810865
0,0.1,1.0,high,2021-05-04,0.5,0.529854656511497
0,0.1,1.0,high,2021-06-03,0.5,0.18086682434275136
0,0.1,1.0,high,2021-07-02,0.5,0.5833696194337046
0,0.1,1.0,high,2021-08-03,0.5,1.1570003800245976
0,0.1,1.0,high,2021-09-01,0.5,-4.0056501957117625
0,0.1,1.0,high,2021-10-01,0.5,1.4430522002559343
0,0.1,1.0,high,2021-11-01,0.5,2.6240522692401402
0,0.1,1.0,high,2021-12-01,0.5,3.507390069799654
0,0.1,1.0,high,2021-12-31,0.5,-3.17880086461243
0,0.1,1.0,high,2022-02-01,0.5,2.1543754287232098
0,0.1,1.0,high,2022-03-03,0.0,0.0
0,0.1,1.0,high,2022-04-01,0.0,0.0
0,0.1,1.0,high,2022-05-03,0.0,0.0
0,0.1,1.0,high,2022-06-02,0.0,0.0
0,0.1,1.0,high,2022-07-05,0.0,0.0
0,0.1,1.0,high,2022-08-03,0.0,0.0
0,0.1,1.0,high,2022-09-01,0.0,0.0
0,0.1,1.0,high,2022-10-03,0.0,0.0
0,0.1,1.0,high,2022-11-01,0.0,0.0
0,0.1,1.0,high,2022-12-01,0.0,0.0
0,0.1,1.0,high,2023-01-03,0.0,0.0
0,0.1,1.0,high,2023-02-02,0.5,-0.7316018720237571
0,0.1,1.0,high,2023-03-06,0.5,-0.8876451564034493
0,0.1,1.0,high,2023-04-04,0.5,1.4167540346098795
0,0.1,1.0,high,2023-05-04,0.5,-1.0583849988105132
0,0.1,1.0,high,2023-06-05,0.5,1.5341636590135321
0,0.1,1.0,high,2023-07-06,0.5,0.9140128976535822
0,0.1,1.0,high,2023-08-04,0.5,2.87657304022495
0,0.1,1.0,high,2023-09-05,0.5,-3.9030817766729675
0,0.1,1.0,high,2023-10-04,0.5,-0.4443266611749319
0,0.1,1.0,high,2023-11-02,0.5,0.5934485948499324
0,0.1,1.0,high,2023-12-04,0.5,-0.49715543036550347
0,0.1,1.0,high,2024-01-04,0.5,2.072135970888489
0,0.1,1.0,high,2024-02-05,0.5,0.7313297665829444
0,0.1,1.0,high,2024-03-06,0.5,-4.882559508754447
0,0.1,1.0,high,2024-04-05,0.5,-3.0095734283849596
0,0.1,1.0,high,2024-05-06,0.5,1.0560527841733114
0,0.1,1.0,high,2024-06-05,0.5,-2.051868508202348
0,0.1,1.0,high,2024-07-08,0.5,-8.338180246218851
0,0.1,1.0,high,2024-08-06,0.5,2.425801867179067
0,0.1,1.0,high,2024-09-05,0.5,-0.17251553333185177
0,0.1,1.0,high,2024-10-04,0.5,-0.8669930206175014
0,0.1,1.0,high,2024-11-04,0.5,1.9665415211951975
0,0.1,1.0,high,2024-12-04,0.5,-3.098575658366709
0,0.1,1.0,high,2025-01-06,0.5,-0.588627518086493
0,0.1,1.0,high,2025-02-06,0.5,-4.65046537624646
0,0.1,1.0,high,2025-03-10,0.0,0.0
0,0.1,1.0,high,2025-04-08,0.0,0.0
0,0.1,1.0,high,2025-05-08,0.0,0.0
0,0.1,1.0,high,2025-06-09,0.5,4.766145213971695
0,0.1,1.0,high,2025-07-10,0.5,0.5082783343421937
0,0.1,1.0,high,2025-08-08,0.5,0.8462110838546311
0,0.1,1.0,high,2025-09-09,0.5,2.6657497109403128
0,0.1,1.0,high,2025-10-08,0.5,-3.1831411692010203
0,0.1,1.0,high,2025-11-06,0.5,0.0033029798735428884
0,0.1,1.0,high,2025-12-08,0.5,3.6307918354393065
0,0.1,1.0,high,2026-01-08,0.5,0.1877608743938275
0,0.1,1.0,high,2026-02-09,0.5,-1.4654227234316197
0,0.1,1.0,high,2026-03-11,0.5,0.5394417268471674
0,0.1,1.0,high,2026-04-10,0.5,0.8414378627735086
0,0.1,1.0,high,2026-05-11,0.5,-0.44034113860185187
0,0.1,1.0,high,2026-06-10,0.5,1.114019601349714
0,0.1,1.0,high,2026-07-13,0.5,-1.5084365176478043
0,0.1,1.0,momentum,2016-06-30,0.5,6.487412558856165
0,0.1,1.0,momentum,2016-08-01,0.5,0.543794561969313
0,0.1,1.0,momentum,2016-08-30,0.5,-0.9043566940152847
0,0.1,1.0,momentum,2016-09-29,0.5,0.15065132577951612
0,0.1,1.0,momentum,2016-10-28,0.5,6.282807184066108
0,0.1,1.0,momentum,2016-11-29,0.5,3.7572648607061554
0,0.1,1.0,momentum,2016-12-29,0.5,1.0731768647026074
0,0.1,1.0,momentum,2017-01-31,0.5,3.0344830924699417
0,0.1,1.0,momentum,2017-03-02,0.5,1.9727833162866748
0,0.1,1.0,momentum,2017-03-31,0.5,-2.8320768198499158
0,0.1,1.0,momentum,2017-05-02,0.5,6.165954576287369
0,0.1,1.0,momentum,2017-06-01,0.5,0.6780738275173226
0,0.1,1.0,momentum,2017-06-30,0.5,2.2038783406704843
0,0.1,1.0,momentum,2017-08-01,0.5,1.1427527866993747
0,0.1,1.0,momentum,2017-08-30,0.5,1.965189055518879
0,0.1,1.0,momentum,2017-09-29,0.5,4.099062204286974
0,0.1,1.0,momentum,2017-10-30,0.5,5.340720878355798
0,0.1,1.0,momentum,2017-11-29,0.5,0.9441672691369085
0,0.1,1.0,momentum,2017-12-29,0.5,3.492006071581688
0,0.1,1.0,momentum,2018-01-31,0.5,0.7324573142372781
0,0.1,1.0,momentum,2018-03-02,0.5,-0.44943774239676326
0,0.1,1.0,momentum,2018-04-03,0.5,2.0312864420863663
0,0.1,1.0,momentum,2018-05-02,0.5,7.8068449800333894
0,0.1,1.0,momentum,2018-06-01,0.5,-2.8458672297465903
0,0.1,1.0,momentum,2018-07-02,0.5,-3.8994565816636295
0,0.1,1.0,momentum,2018-08-01,0.5,5.843101325540734
0,0.1,1.0,momentum,2018-08-30,0.5,0.15388410964503052
0,0.1,1.0,momentum,2018-10-01,0.5,-12.652332467429217
0,0.1,1.0,momentum,2018-10-30,0.0,0.0
0,0.1,1.0,momentum,2018-11-29,0.0,0.0
0,0.1,1.0,momentum,2019-01-02,0.0,0.0
0,0.1,1.0,momentum,2019-02-01,0.0,0.0
0,0.1,1.0,momentum,2019-03-05,0.5,4.976543515896514
0,0.1,1.0,momentum,2019-04-03,0.5,-0.7264898642911355
0,0.1,1.0,momentum,2019-05-03,0.5,-0.18499072197668553
0,0.1,1.0,momentum,2019-06-04,0.5,4.192476537649825
0,0.1,1.0,momentum,2019-07-03,0.5,3.876132969448509
0,0.1,1.0,momentum,2019-08-02,0.5,-0.39984774809782575
0,0.1,1.0,momentum,2019-09-03,0.5,-10.343022771125476
0,0.1,1.0,momentum,2019-10-02,0.5,0.28385829224151227
0,0.1,1.0,momentum,2019-10-31,0.5,2.0062824315052685
0,0.1,1.0,momentum,2019-12-02,0.5,5.244411873686694
0,0.1,1.0,momentum,2020-01-02,0.5,-1.4088248957170313
0,0.1,1.0,momentum,2020-02-03,0.5,4.976406740044403
0,0.1,1.0,momentum,2020-03-04,0.5,-15.507103749024132
0,0.1,1.0,momentum,2020-04-02,0.0,0.0
0,0.1,1.0,momentum,2020-05-04,0.5,7.137965216872799
0,0.1,1.0,momentum,2020-06-03,0.5,1.6662240540910256
0,0.1,1.0,momentum,2020-07-02,0.5,8.310767949111542
0,0.1,1.0,momentum,2020-08-03,0.5,7.736486134729881
0,0.1,1.0,momentum,2020-09-01,0.5,0.7095979644167638
0,0.1,1.0,momentum,2020-10-01,0.5,-1.1883126255778254
0,0.1,1.0,momentum,2020-10-30,0.5,23.408417352340937
0,0.1,1.0,momentum,2020-12-01,0.5,7.40332923293201
0,0.1,1.0,momentum,2020-12-31,0.5,9.085051427520652
0,0.1,1.0,momentum,2021-02-02,0.5,-11.168573789871362
0,0.1,1.0,momentum,2021-03-04,0.5,2.5272125276418977
0,0.1,1.0,momentum,2021-04-05,0.5,-4.129784993171115
0,0.1,1.0,momentum,2021-05-04,0.5,-2.523078305818116
0,0.1,1.0,momentum,2021-06-03,0.5,17.437132333584838
0,0.1,1.0,momentum,2021-07-02,0.5,2.045842738308079
0,0.1,1.0,momentum,2021-08-03,0.5,3.687782634541481
0,0.1,1.0,momentum,2021-09-01,0.5,-8.854259997074044
0,0.1,1.0,momentum,2021-10-01,0.5,10.53888963391627
0,0.1,1.0,momentum,2021-11-01,0.5,-1.7892050055027586
0,0.1,1.0,momentum,2021-12-01,0.5,-2.165222974884795
0,0.1,1.0,momentum,2021-12-31,0.5,-9.704671732177717
0,0.1,1.0,momentum,2022-02-01,0.5,2.041312598877809
0,0.1,1.0,momentum,2022-03-03,0.0,0.0
0,0.1,1.0,momentum,2022-04-01,0.0,0.0
0,0.1,1.0,momentum,2022-05-03,0.0,0.0
0,0.1,1.0,momentum,2022-06-02,0.0,0.0
0,0.1,1.0,momentum,2022-07-05,0.0,0.0
0,0.1,1.0,momentum,2022-08-03,0.0,0.0
0,0.1,1.0,momentum,2022-09-01,0.0,0.0
0,0.1,1.0,momentum,2022-10-03,0.0,0.0
0,0.1,1.0,momentum,2022-11-01,0.0,0.0
0,0.1,1.0,momentum,2022-12-01,0.0,0.0
0,0.1,1.0,momentum,2023-01-03,0.0,0.0
0,0.1,1.0,momentum,2023-02-02,0.5,2.717135273078042
0,0.1,1.0,momentum,2023-03-06,0.5,-2.105640803405695
0,0.1,1.0,momentum,2023-04-04,0.5,-5.021196130996719
0,0.1,1.0,momentum,2023-05-04,0.5,6.5864179760535935
0,0.1,1.0,momentum,2023-06-05,0.5,-1.0629863917156368
0,0.1,1.0,momentum,2023-07-06,0.5,7.931649422887399
0,0.1,1.0,momentum,2023-08-04,0.5,-1.13242524053343
0,0.1,1.0,momentum,2023-09-05,0.5,-7.107285807162178
0,0.1,1.0,momentum,2023-10-04,0.5,-2.4239233274203187
0,0.1,1.0,momentum,2023-11-02,0.5,8.225314414576946
0,0.1,1.0,momentum,2023-12-04,0.5,-1.8427932910742295
0,0.1,1.0,momentum,2024-01-04,0.5,-1.0923773023638228
0,0.1,1.0,momentum,2024-02-05,0.5,13.793130707480405
0,0.1,1.0,momentum,2024-03-06,0.5,0.35786002814690576
0,0.1,1.0,momentum,2024-04-05,0.5,-3.002639809693508
0,0.1,1.0,momentum,2024-05-06,0.5,6.205591360878793
0,0.1,1.0,momentum,2024-06-05,0.5,-4.39077167076487
0,0.1,1.0,momentum,2024-07-08,0.5,-9.343552846349679
0,0.1,1.0,momentum,2024-08-06,0.5,3.264129055178433
0,0.1,1.0,momentum,2024-09-05,0.5,10.387437594654125
0,0.1,1.0,momentum,2024-10-04,0.5,0.7164467632357896
0,0.1,1.0,momentum,2024-11-04,0.5,11.728567810124213
0,0.1,1.0,momentum,2024-12-04,0.5,-3.5309843026055776
0,0.1,1.0,momentum,2025-01-06,0.5,1.738767180458134
0,0.1,1.0,momentum,2025-02-06,0.5,-7.761091048028945
0,0.1,1.0,momentum,2025-03-10,0.0,0.0
0,0.1,1.0,momentum,2025-04-08,0.0,0.0
0,0.1,1.0,momentum,2025-05-08,0.0,0.0
0,0.1,1.0,momentum,2025-06-09,0.5,5.632471473331213
0,0.1,1.0,momentum,2025-07-10,0.5,7.284983037438342
0,0.1,1.0,momentum,2025-08-08,0.5,-1.6057010050151366
0,0.1,1.0,momentum,2025-09-09,0.5,39.64112969895348
0,0.1,1.0,momentum,2025-10-08,0.5,-6.069541880764062
0,0.1,1.0,momentum,2025-11-06,0.5,-0.41693302743499583
0,0.1,1.0,momentum,2025-12-08,0.5,-0.12806433153337293
0,0.1,1.0,momentum,2026-01-08,0.5,-7.32175373988645
0,0.1,1.0,momentum,2026-02-09,0.5,-4.217781789536201
0,0.1,1.0,momentum,2026-03-11,0.5,1.4018682781682168
0,0.1,1.0,momentum,2026-04-10,0.5,8.400818831270573
0,0.1,1.0,momentum,2026-05-11,0.5,-1.5098050875381408
0,0.1,1.0,momentum,2026-06-10,0.5,-1.6674592128966603
0,0.1,1.0,momentum,2026-07-13,0.5,-5.948364363909631
0,0.1,1.0,qqq,2016-06-30,0.5,3.0670008834828177
0,0.1,1.0,qqq,2016-08-01,0.5,0.04599398637257224
0,0.1,1.0,qqq,2016-08-30,0.5,0.6158042425084664
0,0.1,1.0,qqq,2016-09-29,0.5,-0.6273971245132515
0,0.1,1.0,qqq,2016-10-28,0.5,-0.07632028478167241
0,0.1,1.0,qqq,2016-11-29,0.5,-0.021767675560635524
0,0.1,1.0,qqq,2016-12-29,0.5,1.5165962391515242
0,0.1,1.0,qqq,2017-01-31,0.5,1.8661405175493417
0,0.1,1.0,qqq,2017-03-02,0.5,0.28106932329909906
0,0.1,1.0,qqq,2017-03-31,0.5,1.2622891729009433
0,0.1,1.0,qqq,2017-05-02,0.5,1.007928800395752
0,0.1,1.0,qqq,2017-06-01,0.5,-2.019079543225921
0,0.1,1.0,qqq,2017-06-30,0.5,1.2782354597032253
0,0.1,1.0,qqq,2017-08-01,0.5,-1.0182605968784508
0,0.1,1.0,qqq,2017-08-30,0.5,-0.6114529452734274
0,0.1,1.0,qqq,2017-09-29,0.5,1.3953064389760295
0,0.1,1.0,qqq,2017-10-30,0.5,0.9738809830597939
0,0.1,1.0,qqq,2017-11-29,0.5,0.3187345294253907
0,0.1,1.0,qqq,2017-12-29,0.5,3.341021853529069
0,0.1,1.0,qqq,2018-01-31,0.5,-1.5635448044517664
0,0.1,1.0,qqq,2018-03-02,0.5,-3.3283904600964864
0,0.1,1.0,qqq,2018-04-03,0.5,2.2500989524161463
0,0.1,1.0,qqq,2018-05-02,0.5,2.2912418461421336
0,0.1,1.0,qqq,2018-06-01,0.5,-0.8298186315533251
0,0.1,1.0,qqq,2018-07-02,0.5,0.35867551445314394
0,0.1,1.0,qqq,2018-08-01,0.5,2.5621013808991178
0,0.1,1.0,qqq,2018-08-30,0.5,-0.5123047429179794
0,0.1,1.0,qqq,2018-10-01,0.5,-6.559913477328472
0,0.1,1.0,qqq,2018-10-30,0.0,0.0
0,0.1,1.0,qqq,2018-11-29,0.0,0.0
0,0.1,1.0,qqq,2019-01-02,0.0,0.0
0,0.1,1.0,qqq,2019-02-01,0.0,0.0
0,0.1,1.0,qqq,2019-03-05,0.5,1.866136892230874
0,0.1,1.0,qqq,2019-04-03,0.5,0.6550303809967906
0,0.1,1.0,qqq,2019-05-03,0.5,-4.977997228938092
0,0.1,1.0,qqq,2019-06-04,0.5,3.385215304396394
0,0.1,1.0,qqq,2019-07-03,0.5,-0.492308927312779
0,0.1,1.0,qqq,2019-08-02,0.5,0.5927692461631828
0,0.1,1.0,qqq,2019-09-03,0.5,-0.4426635739941176
0,0.1,1.0,qqq,2019-10-02,0.5,2.9886219700387073
0,0.1,1.0,qqq,2019-10-31,0.5,1.295716256701862
0,0.1,1.0,qqq,2019-12-02,0.5,2.682393576699882
0,0.1,1.0,qqq,2020-01-02,0.5,0.8415929441996539
0,0.1,1.0,qqq,2020-02-03,0.5,-3.9979553860349126
0,0.1,1.0,qqq,2020-03-04,0.5,-7.477878941610672
0,0.1,1.0,qqq,2020-04-02,0.0,0.0
0,0.1,1.0,qqq,2020-05-04,0.5,3.643635385184618
0,0.1,1.0,qqq,2020-06-03,0.5,2.5597271526248466
0,0.1,1.0,qqq,2020-07-02,0.5,1.5062202390953905
0,0.1,1.0,qqq,2020-08-03,0.5,4.29328851745332
0,0.1,1.0,qqq,2020-09-01,0.5,-4.649943125644029
0,0.1,1.0,qqq,2020-10-01,0.5,-0.4311520395997137
0,0.1,1.0,qqq,2020-10-30,0.5,4.559247307458114
0,0.1,1.0,qqq,2020-12-01,0.5,1.3511027901877526
0,0.1,1.0,qqq,2020-12-31,0.5,0.6508616715593663
0,0.1,1.0,qqq,2021-02-02,0.5,-3.5983618087162217
0,0.1,1.0,qqq,2021-03-04,0.5,2.4358264571317845
0,0.1,1.0,qqq,2021-04-05,0.5,0.31972292859050455
0,0.1,1.0,qqq,2021-05-04,0.5,-0.3157512499240567
0,0.1,1.0,qqq,2021-06-03,0.5,2.95300585085172
0,0.1,1.0,qqq,2021-07-02,0.5,0.23828425212979454
0,0.1,1.0,qqq,2021-08-03,0.5,1.281369897020035
0,0.1,1.0,qqq,2021-09-01,0.5,-3.5577344538307853
0,0.1,1.0,qqq,2021-10-01,0.5,3.3119515907055863
0,0.1,1.0,qqq,2021-11-01,0.5,0.40090030412627264
0,0.1,1.0,qqq,2021-12-01,0.5,1.4350227931426485
0,0.1,1.0,qqq,2021-12-31,0.5,-4.963359643775023
0,0.1,1.0,qqq,2022-02-01,0.5,-3.5151022998541337
0,0.1,1.0,qqq,2022-03-03,0.0,0.0
0,0.1,1.0,qqq,2022-04-01,0.0,0.0
0,0.1,1.0,qqq,2022-05-03,0.0,0.0
0,0.1,1.0,qqq,2022-06-02,0.0,0.0
0,0.1,1.0,qqq,2022-07-05,0.0,0.0
0,0.1,1.0,qqq,2022-08-03,0.0,0.0
0,0.1,1.0,qqq,2022-09-01,0.0,0.0
0,0.1,1.0,qqq,2022-10-03,0.0,0.0
0,0.1,1.0,qqq,2022-11-01,0.0,0.0
0,0.1,1.0,qqq,2022-12-01,0.0,0.0
0,0.1,1.0,qqq,2023-01-03,0.0,0.0
0,0.1,1.0,qqq,2023-02-02,0.5,-1.3513923793438742
0,0.1,1.0,qqq,2023-03-06,0.5,2.896819893639413
0,0.1,1.0,qqq,2023-04-04,0.5,-0.6235595978312691
0,0.1,1.0,qqq,2023-05-04,0.5,5.12623974643196
0,0.1,1.0,qqq,2023-06-05,0.5,1.809085720843795
0,0.1,1.0,qqq,2023-07-06,0.5,0.38677592735836264
0,0.1,1.0,qqq,2023-08-04,0.5,-0.006303507896643357
0,0.1,1.0,qqq,2023-09-05,0.5,-3.3639250887338767
0,0.1,1.0,qqq,2023-10-04,0.5,-0.8800585982047027
0,0.1,1.0,qqq,2023-11-02,0.5,2.921172136335115
0,0.1,1.0,qqq,2023-12-04,0.5,1.4271974658371045
0,0.1,1.0,qqq,2024-01-04,0.5,3.5680699867784105
0,0.1,1.0,qqq,2024-02-05,0.5,0.2445475189159385
0,0.1,1.0,qqq,2024-03-06,0.5,-1.2252830646931945
0,0.1,1.0,qqq,2024-04-05,0.5,-1.1625414103502485
0,0.1,1.0,qqq,2024-05-06,0.5,1.0380027693249305
0,0.1,1.0,qqq,2024-06-05,0.5,2.9925248222439693
0,0.1,1.0,qqq,2024-07-08,0.5,-6.798568922892567
0,0.1,1.0,qqq,2024-08-06,0.5,1.067975069297189
0,0.1,1.0,qqq,2024-09-05,0.5,1.861500270956551
0,0.1,1.0,qqq,2024-10-04,0.5,-0.2894629674442317
0,0.1,1.0,qqq,2024-11-04,0.5,2.47297893880436
0,0.1,1.0,qqq,2024-12-04,0.5,-0.86584328032413
0,0.1,1.0,qqq,2025-01-06,0.5,-0.37883616793944475
0,0.1,1.0,qqq,2025-02-06,0.5,-4.078489910375572
0,0.1,1.0,qqq,2025-03-10,0.0,0.0
0,0.1,1.0,qqq,2025-04-08,0.0,0.0
0,0.1,1.0,qqq,2025-05-08,0.0,0.0
0,0.1,1.0,qqq,2025-06-09,0.5,1.8980397979717623
0,0.1,1.0,qqq,2025-07-10,0.5,0.9286038049091117
0,0.1,1.0,qqq,2025-08-08,0.5,-0.1374533575747794
0,0.1,1.0,qqq,2025-09-09,0.5,1.323256544092244
0,0.1,1.0,qqq,2025-10-08,0.5,0.4577685204647075
0,0.1,1.0,qqq,2025-11-06,0.5,0.8997281819299374
0,0.1,1.0,qqq,2025-12-08,0.5,-0.3533728744100406
0,0.1,1.0,qqq,2026-01-08,0.5,-1.4343289125067993
0,0.1,1.0,qqq,2026-02-09,0.5,-1.104112475074348
0,0.1,1.0,qqq,2026-03-11,0.5,0.17587322466920963
0,0.1,1.0,qqq,2026-04-10,0.5,7.766708717442605
0,0.1,1.0,qqq,2026-05-11,0.5,-0.5247707031235005
0,0.1,1.0,qqq,2026-06-10,0.5,1.4150360215433588
0,0.1,1.0,qqq,2026-07-13,0.5,-0.452834663268209
7,0.05,0.2,high,2016-07-12,0.25,-1.2469829818388511
7,0.05,0.2,high,2016-08-10,0.25,-0.5064930924617017
7,0.05,0.2,high,2016-09-09,0.25,0.7612387636902307
7,0.05,0.2,high,2016-10-10,0.25,-0.30890013901294644
7,0.05,0.2,high,2016-11-08,0.25,1.1921009063035282
7,0.05,0.2,high,2016-12-08,0.25,0.39840087335438756
7,0.05,0.2,high,2017-01-10,0.25,1.6398215429288099
7,0.05,0.2,high,2017-02-09,0.25,0.8837375586190355
7,0.05,0.2,high,2017-03-13,0.25,0.5107122105169282
7,0.05,0.2,high,2017-04-11,0.25,1.0259187823570493
7,0.05,0.2,high,2017-05-11,0.25,0.32784347901981814
7,0.05,0.2,high,2017-06-12,0.25,0.3874253639841285
7,0.05,0.2,high,2017-07-12,0.25,0.23249913598453187
7,0.05,0.2,high,2017-08-10,0.25,0.04681394223087221
7,0.05,0.2,high,2017-09-11,0.25,0.7201695175905298
7,0.05,0.2,high,2017-10-10,0.25,-0.1909005286858223
7,0.05,0.2,high,2017-11-08,0.25,-1.1045360727278686
7,0.05,0.2,high,2017-12-08,0.25,1.5070438578234757
7,0.05,0.2,high,2018-01-10,0.25,-0.3235866494617379
7,0.05,0.2,high,2018-02-09,0.25,2.1081770508488917
7,0.05,0.2,high,2018-03-13,0.25,-1.3447017409961348
7,0.05,0.2,high,2018-04-12,0.25,1.8773158448873506
7,0.05,0.2,high,2018-05-11,0.25,0.6610649454950046
7,0.05,0.2,high,2018-06-12,0.25,0.5300602264628251
7,0.05,0.2,high,2018-07-12,0.25,0.01343102707422883
7,0.05,0.2,high,2018-08-10,0.25,3.217528056746932
7,0.05,0.2,high,2018-09-11,0.25,-0.8377701960798678
7,0.05,0.2,high,2018-10-10,0.25,0.41730966937509884
7,0.05,0.2,high,2018-11-08,0.25,0.17086767741936182
7,0.05,0.2,high,2018-12-11,0.0,0.0
7,0.05,0.2,high,2019-01-11,0.0,0.0
7,0.05,0.2,high,2019-02-12,0.0,0.0
7,0.05,0.2,high,2019-03-14,0.25,0.7270296526550979
7,0.05,0.2,high,2019-04-12,0.25,-1.3689864202140134
7,0.05,0.2,high,2019-05-14,0.25,1.2156443282814289
7,0.05,0.2,high,2019-06-13,0.25,0.9194383927385363
7,0.05,0.2,high,2019-07-15,0.25,-0.829122311597541
7,0.05,0.2,high,2019-08-13,0.25,-0.4131682642845691
7,0.05,0.2,high,2019-09-12,0.25,-0.3512612079452748
7,0.05,0.2,high,2019-10-11,0.25,1.0662189409742062
7,0.05,0.2,high,2019-11-11,0.25,0.4086512290225164
7,0.05,0.2,high,2019-12-11,0.25,1.158178631547102
7,0.05,0.2,high,2020-01-13,0.25,1.1357239405507258
7,0.05,0.2,high,2020-02-12,0.25,-6.285532987838027
7,0.05,0.2,high,2020-03-13,0.0,0.0
7,0.05,0.2,high,2020-04-14,0.25,1.998632081424101
7,0.05,0.2,high,2020-05-13,0.25,0.5688481752410768
7,0.05,0.2,high,2020-06-12,0.25,3.4926314156960903
7,0.05,0.2,high,2020-07-14,0.25,0.01645990266214703
7,0.05,0.2,high,2020-08-12,0.25,0.14229944940873374
7,0.05,0.2,high,2020-09-11,0.25,0.8870853131926149
7,0.05,0.2,high,2020-10-12,0.25,0.44094423303147057
7,0.05,0.2,high,2020-11-10,0.25,1.055757130494106
7,0.05,0.2,high,2020-12-10,0.25,4.670257676313461
7,0.05,0.2,high,2021-01-12,0.25,0.4376710666800232
7,0.05,0.2,high,2021-02-11,0.25,-0.3263529151651401
7,0.05,0.2,high,2021-03-15,0.25,-0.19754651682166724
7,0.05,0.2,high,2021-04-14,0.25,-0.21811406657357146
7,0.05,0.2,high,2021-05-13,0.25,0.42291607822400046
7,0.05,0.2,high,2021-06-14,0.25,1.4556863751680194
7,0.05,0.2,high,2021-07-14,0.25,0.24303393261442263
7,0.05,0.2,high,2021-08-12,0.25,0.304514499842945
7,0.05,0.2,high,2021-09-13,0.25,-2.1260298462951077
7,0.05,0.2,high,2021-10-12,0.25,1.4193132763396399
7,0.05,0.2,high,2021-11-10,0.25,0.37283340920197805
7,0.05,0.2,high,2021-12-10,0.25,0.02373321892505942
7,0.05,0.2,high,2022-01-11,0.25,0.8130829792294847
7,0.05,0.2,high,2022-02-10,0.0,0.0
7,0.05,0.2,high,2022-03-14,0.0,0.0
7,0.05,0.2,high,2022-04-12,0.0,0.0
7,0.05,0.2,high,2022-05-12,0.0,0.0
7,0.05,0.2,high,2022-06-13,0.0,0.0
7,0.05,0.2,high,2022-07-14,0.0,0.0
7,0.05,0.2,high,2022-08-12,0.0,0.0
7,0.05,0.2,high,2022-09-13,0.0,0.0
7,0.05,0.2,high,2022-10-12,0.0,0.0
7,0.05,0.2,high,2022-11-10,0.0,0.0
7,0.05,0.2,high,2022-12-12,0.0,0.0
7,0.05,0.2,high,2023-01-12,0.0,0.0
7,0.05,0.2,high,2023-02-13,0.25,-0.1969411136836685
7,0.05,0.2,high,2023-03-15,0.25,1.367992716661881
7,0.05,0.2,high,2023-04-14,0.25,1.301404679327467
7,0.05,0.2,high,2023-05-15,0.25,0.5990626312429193
7,0.05,0.2,high,2023-06-14,0.25,0.9686058810841169
7,0.05,0.2,high,2023-07-17,0.25,-1.573934875025007
7,0.05,0.2,high,2023-08-15,0.25,0.5559959641006085
7,0.05,0.2,high,2023-09-14,0.25,-0.8237316273621342
7,0.05,0.2,high,2023-10-13,0.25,-0.420163486660341
7,0.05,0.2,high,2023-11-13,0.25,1.7482668302922555
7,0.05,0.2,high,2023-12-13,0.25,0.36874234263697403
7,0.05,0.2,high,2024-01-16,0.25,2.1888024016624374
7,0.05,0.2,high,2024-02-14,0.25,0.6023994211531436
7,0.05,0.2,high,2024-03-15,0.25,0.3656455857838248
7,0.05,0.2,high,2024-04-16,0.25,1.049942757409461
7,0.05,0.2,high,2024-05-15,0.25,1.602349466201991
7,0.05,0.2,high,2024-06-14,0.25,-0.6171951220373617
7,0.05,0.2,high,2024-07-17,0.25,-0.7093548347003265
7,0.05,0.2,high,2024-08-15,0.25,0.5488004180167927
7,0.05,0.2,high,2024-09-16,0.25,0.11349927813240068
7,0.05,0.2,high,2024-10-15,0.25,1.3479632560478683
7,0.05,0.2,high,2024-11-13,0.25,-0.6170496297200567
7,0.05,0.2,high,2024-12-13,0.25,-0.411114867263096
7,0.05,0.2,high,2025-01-16,0.25,0.814835491025323
7,0.05,0.2,high,2025-02-18,0.25,-3.6393306063032482
7,0.05,0.2,high,2025-03-19,0.0,0.0
7,0.05,0.2,high,2025-04-17,0.0,0.0
7,0.05,0.2,high,2025-05-19,0.25,0.32141616470127143
7,0.05,0.2,high,2025-06-18,0.25,8.028706626628956
7,0.05,0.2,high,2025-07-21,0.25,0.39682942324905657
7,0.05,0.2,high,2025-08-19,0.25,0.5446242910864152
7,0.05,0.2,high,2025-09-18,0.25,0.09671716440089462
7,0.05,0.2,high,2025-10-17,0.25,0.8940196864680949
7,0.05,0.2,high,2025-11-17,0.25,-0.23384316474678313
7,0.05,0.2,high,2025-12-17,0.25,1.9679726691130606
7,0.05,0.2,high,2026-01-20,0.25,0.7733334184009122
7,0.05,0.2,high,2026-02-19,0.25,0.5089881332302815
7,0.05,0.2,high,2026-03-20,0.0,0.0
7,0.05,0.2,high,2026-04-21,0.25,1.347331366899085
7,0.05,0.2,high,2026-05-20,0.25,1.3346621511237666
7,0.05,0.2,high,2026-06-22,0.25,-0.9428460378607562
7,0.05,0.2,high,2026-07-22,0.25,0.5383857107504886
7,0.05,0.2,momentum,2016-07-12,0.25,1.7463783332857252
7,0.05,0.2,momentum,2016-08-10,0.25,0.48925443265182
7,0.05,0.2,momentum,2016-09-09,0.25,2.192905436916348
7,0.05,0.2,momentum,2016-10-10,0.25,0.6085430375580625
7,0.05,0.2,momentum,2016-11-08,0.25,4.806824285063405
7,0.05,0.2,momentum,2016-12-08,0.25,0.9502656999257342
7,0.05,0.2,momentum,2017-01-10,0.25,2.181755355341819
7,0.05,0.2,momentum,2017-02-09,0.25,-2.1527653434524563
7,0.05,0.2,momentum,2017-03-13,0.25,-0.0988459680292264
7,0.05,0.2,momentum,2017-04-11,0.25,0.6280440396413622
7,0.05,0.2,momentum,2017-05-11,0.25,1.6435757716271038
7,0.05,0.2,momentum,2017-06-12,0.25,0.7160003469407705
7,0.05,0.2,momentum,2017-07-12,0.25,-0.5045490968298649
7,0.05,0.2,momentum,2017-08-10,0.25,1.8412958471301533
7,0.05,0.2,momentum,2017-09-11,0.25,2.060264089942554
7,0.05,0.2,momentum,2017-10-10,0.25,2.6391706164186512
7,0.05,0.2,momentum,2017-11-08,0.25,-0.27968687566877204
7,0.05,0.2,momentum,2017-12-08,0.25,1.7451378692860287
7,0.05,0.2,momentum,2018-01-10,0.25,-1.8501778284512715
7,0.05,0.2,momentum,2018-02-09,0.25,5.894886206474892
7,0.05,0.2,momentum,2018-03-13,0.25,-0.9796525489779606
7,0.05,0.2,momentum,2018-04-12,0.25,1.6876948768558275
7,0.05,0.2,momentum,2018-05-11,0.25,0.4196333935508445
7,0.05,0.2,momentum,2018-06-12,0.25,1.1426611868273095
7,0.05,0.2,momentum,2018-07-12,0.25,-3.438525166383255
7,0.05,0.2,momentum,2018-08-10,0.25,0.05293423760213134
7,0.05,0.2,momentum,2018-09-11,0.25,-2.5975278371781374
7,0.05,0.2,momentum,2018-10-10,0.25,0.8154128643915293
7,0.05,0.2,momentum,2018-11-08,0.25,-2.4558388371817563
7,0.05,0.2,momentum,2018-12-11,0.0,0.0
7,0.05,0.2,momentum,2019-01-11,0.0,0.0
7,0.05,0.2,momentum,2019-02-12,0.0,0.0
7,0.05,0.2,momentum,2019-03-14,0.25,2.864870618999671
7,0.05,0.2,momentum,2019-04-12,0.25,-0.9528903762054952
7,0.05,0.2,momentum,2019-05-14,0.25,3.2804608399365387
7,0.05,0.2,momentum,2019-06-13,0.25,0.9430242093152241
7,0.05,0.2,momentum,2019-07-15,0.25,1.8832181358888311
7,0.05,0.2,momentum,2019-08-13,0.25,-3.996507743315192
7,0.05,0.2,momentum,2019-09-12,0.25,2.0101463966651023
7,0.05,0.2,momentum,2019-10-11,0.25,-2.4176937629862727
7,0.05,0.2,momentum,2019-11-11,0.25,1.3474535210655558
7,0.05,0.2,momentum,2019-12-11,0.25,3.231917235943027
7,0.05,0.2,momentum,2020-01-13,0.25,2.670323078664749
7,0.05,0.2,momentum,2020-02-12,0.25,-6.1695553105379215
7,0.05,0.2,momentum,2020-03-13,0.0,0.0
7,0.05,0.2,momentum,2020-04-14,0.25,4.814993391966138
7,0.05,0.2,momentum,2020-05-13,0.25,2.3176363949434897
7,0.05,0.2,momentum,2020-06-12,0.25,5.465587813197503
7,0.05,0.2,momentum,2020-07-14,0.25,0.43447423489009207
7,0.05,0.2,momentum,2020-08-12,0.25,0.9273130944576602
7,0.05,0.2,momentum,2020-09-11,0.25,9.296799579416337
7,0.05,0.2,momentum,2020-10-12,0.25,0.09053143526402962
7,0.05,0.2,momentum,2020-11-10,0.25,10.355926075408316
7,0.05,0.2,momentum,2020-12-10,0.25,6.700863571247795
7,0.05,0.2,momentum,2021-01-12,0.25,4.479762297556955
7,0.05,0.2,momentum,2021-02-11,0.25,-5.1183535945614755
7,0.05,0.2,momentum,2021-03-15,0.25,0.07015465873301263
7,0.05,0.2,momentum,2021-04-14,0.25,-6.496092863737946
7,0.05,0.2,momentum,2021-05-13,0.25,4.972530134379083
7,0.05,0.2,momentum,2021-06-14,0.25,1.67070660855142
7,0.05,0.2,momentum,2021-07-14,0.25,4.67460591979989
7,0.05,0.2,momentum,2021-08-12,0.25,-0.3578168354341771
7,0.05,0.2,momentum,2021-09-13,0.25,-1.616961272932127
7,0.05,0.2,momentum,2021-10-12,0.25,5.070175726341675
7,0.05,0.2,momentum,2021-11-10,0.25,-5.063863145310754
7,0.05,0.2,momentum,2021-12-10,0.25,-1.1011036129448204
7,0.05,0.2,momentum,2022-01-11,0.25,-2.786158934645855
7,0.05,0.2,momentum,2022-02-10,0.0,0.0
7,0.05,0.2,momentum,2022-03-14,0.0,0.0
7,0.05,0.2,momentum,2022-04-12,0.0,0.0
7,0.05,0.2,momentum,2022-05-12,0.0,0.0
7,0.05,0.2,momentum,2022-06-13,0.0,0.0
7,0.05,0.2,momentum,2022-07-14,0.0,0.0
7,0.05,0.2,momentum,2022-08-12,0.0,0.0
7,0.05,0.2,momentum,2022-09-13,0.0,0.0
7,0.05,0.2,momentum,2022-10-12,0.0,0.0
7,0.05,0.2,momentum,2022-11-10,0.0,0.0
7,0.05,0.2,momentum,2022-12-12,0.0,0.0
7,0.05,0.2,momentum,2023-01-12,0.0,0.0
7,0.05,0.2,momentum,2023-02-13,0.25,1.1420034553754066
7,0.05,0.2,momentum,2023-03-15,0.25,1.2375346780516772
7,0.05,0.2,momentum,2023-04-14,0.25,0.16727280601480654
7,0.05,0.2,momentum,2023-05-15,0.25,1.6618206135823765
7,0.05,0.2,momentum,2023-06-14,0.25,3.172395146235507
7,0.05,0.2,momentum,2023-07-17,0.25,-0.0753963888152187
7,0.05,0.2,momentum,2023-08-15,0.25,0.21093706459551775
7,0.05,0.2,momentum,2023-09-14,0.25,0.8631669602657377
7,0.05,0.2,momentum,2023-10-13,0.25,-1.4771903979890033
7,0.05,0.2,momentum,2023-11-13,0.25,2.725692903084731
7,0.05,0.2,momentum,2023-12-13,0.25,0.0037506582041491043
7,0.05,0.2,momentum,2024-01-16,0.25,5.67307413793916
7,0.05,0.2,momentum,2024-02-14,0.25,3.199171337956064
7,0.05,0.2,momentum,2024-03-15,0.25,-2.142255297979201
7,0.05,0.2,momentum,2024-04-16,0.25,0.655888711979391
7,0.05,0.2,momentum,2024-05-15,0.25,1.7073394736169645
7,0.05,0.2,momentum,2024-06-14,0.25,0.43154884753644485
7,0.05,0.2,momentum,2024-07-17,0.25,1.3283887749139245
7,0.05,0.2,momentum,2024-08-15,0.25,-0.6098041781727348
7,0.05,0.2,momentum,2024-09-16,0.25,5.929179449245647
7,0.05,0.2,momentum,2024-10-15,0.25,4.574599003948343
7,0.05,0.2,momentum,2024-11-13,0.25,-0.13182107422599065
7,0.05,0.2,momentum,2024-12-13,0.25,2.113833379040675
7,0.05,0.2,momentum,2025-01-16,0.25,3.518507061654108
7,0.05,0.2,momentum,2025-02-18,0.25,-6.744594028580908
7,0.05,0.2,momentum,2025-03-19,0.0,0.0
7,0.05,0.2,momentum,2025-04-17,0.0,0.0
7,0.05,0.2,momentum,2025-05-19,0.25,0.4221422450155554
7,0.05,0.2,momentum,2025-06-18,0.25,8.691601265082927
7,0.05,0.2,momentum,2025-07-21,0.25,0.750755071613507
7,0.05,0.2,momentum,2025-08-19,0.25,9.907678279802967
7,0.05,0.2,momentum,2025-09-18,0.25,13.50366338263429
7,0.05,0.2,momentum,2025-10-17,0.25,-9.537128371678904
7,0.05,0.2,momentum,2025-11-17,0.25,3.0721160927602797
7,0.05,0.2,momentum,2025-12-17,0.25,5.778489597453196
7,0.05,0.2,momentum,2026-01-20,0.25,-7.157269582091875
7,0.05,0.2,momentum,2026-02-19,0.25,-0.25859758628883345
7,0.05,0.2,momentum,2026-03-20,0.0,0.0
7,0.05,0.2,momentum,2026-04-21,0.25,3.652972215799366
7,0.05,0.2,momentum,2026-05-20,0.25,1.279540666902701
7,0.05,0.2,momentum,2026-06-22,0.25,-2.8170384296714035
7,0.05,0.2,momentum,2026-07-22,0.25,-1.3443234801790216
7,0.05,0.2,qqq,2016-07-12,0.25,1.104346349100327
7,0.05,0.2,qqq,2016-08-10,0.25,-0.0051740701205726936
7,0.05,0.2,qqq,2016-09-09,0.25,1.075661734707456
7,0.05,0.2,qqq,2016-10-10,0.25,-0.6301499759560403
7,0.05,0.2,qqq,2016-11-08,0.25,0.5148448853456333
7,0.05,0.2,qqq,2016-12-08,0.25,0.7219198061981791
7,0.05,0.2,qqq,2017-01-10,0.25,0.733231252538924
7,0.05,0.2,qqq,2017-02-09,0.25,0.7638069045866391
7,0.05,0.2,qqq,2017-03-13,0.25,0.13713206548648937
7,0.05,0.2,qqq,2017-04-11,0.25,1.2731981610615062
7,0.05,0.2,qqq,2017-05-11,0.25,0.24399634170377826
7,0.05,0.2,qqq,2017-06-12,0.25,-0.15352499390267615
7,0.05,0.2,qqq,2017-07-12,0.25,0.5256639483460113
7,0.05,0.2,qqq,2017-08-10,0.25,0.4783038136154216
7,0.05,0.2,qqq,2017-09-11,0.25,0.21150122711715014
7,0.05,0.2,qqq,2017-10-10,0.25,1.0239535321353133
7,0.05,0.2,qqq,2017-11-08,0.25,0.07867828908685315
7,0.05,0.2,qqq,2017-12-08,0.25,1.2606508144942463
7,0.05,0.2,qqq,2018-01-10,0.25,-1.433683075681802
7,0.05,0.2,qqq,2018-02-09,0.25,2.5415515258266463
7,0.05,0.2,qqq,2018-03-13,0.25,-1.7946182032695934
7,0.05,0.2,qqq,2018-04-12,0.25,0.9601695768768348
7,0.05,0.2,qqq,2018-05-11,0.25,0.6933371030641622
7,0.05,0.2,qqq,2018-06-12,0.25,0.04888791722212904
7,0.05,0.2,qqq,2018-07-12,0.25,0.29208347393283596
7,0.05,0.2,qqq,2018-08-10,0.25,0.0700778694056492
7,0.05,0.2,qqq,2018-09-11,0.25,-0.44521883755381797
7,0.05,0.2,qqq,2018-10-10,0.25,0.6153144174875003
7,0.05,0.2,qqq,2018-11-08,0.25,-1.458922955948061
7,0.05,0.2,qqq,2018-12-11,0.0,0.0
7,0.05,0.2,qqq,2019-01-11,0.0,0.0
7,0.05,0.2,qqq,2019-02-12,0.0,0.0
7,0.05,0.2,qqq,2019-03-14,0.25,1.0705132399623007
7,0.05,0.2,qqq,2019-04-12,0.25,-1.024649495285923
7,0.05,0.2,qqq,2019-05-14,0.25,0.3659951095627445
7,0.05,0.2,qqq,2019-06-13,0.25,1.5193908410796597
7,0.05,0.2,qqq,2019-07-15,0.25,-1.2800131902079737
7,0.05,0.2,qqq,2019-08-13,0.25,0.9016839263616072
7,0.05,0.2,qqq,2019-09-12,0.25,-0.5529009250302752
7,0.05,0.2,qqq,2019-10-11,0.25,1.3084200220855768
7,0.05,0.2,qqq,2019-11-11,0.25,0.29367144798579936
7,0.05,0.2,qqq,2019-12-11,0.25,1.6721431406919063
7,0.05,0.2,qqq,2020-01-13,0.25,1.2120132986415566
7,0.05,0.2,qqq,2020-02-12,0.25,-5.98288075197172
7,0.05,0.2,qqq,2020-03-13,0.0,0.0
7,0.05,0.2,qqq,2020-04-14,0.25,1.5824295296094526
7,0.05,0.2,qqq,2020-05-13,0.25,1.7872207970065945
7,0.05,0.2,qqq,2020-06-12,0.25,2.7998806919364183
7,0.05,0.2,qqq,2020-07-14,0.25,0.2702283286306617
7,0.05,0.2,qqq,2020-08-12,0.25,-0.0792303593524446
7,0.05,0.2,qqq,2020-09-11,0.25,0.9822031536372844
7,0.05,0.2,qqq,2020-10-12,0.25,-0.706558769806398
7,0.05,0.2,qqq,2020-11-10,0.25,1.2829005724344311
7,0.05,0.2,qqq,2020-12-10,0.25,1.1261670909425536
7,0.05,0.2,qqq,2021-01-12,0.25,1.4239094973446997
7,0.05,0.2,qqq,2021-02-11,0.25,-1.4144278165131863
7,0.05,0.2,qqq,2021-03-15,0.25,1.4994849708277247
7,0.05,0.2,qqq,2021-04-14,0.25,-1.7095045844390921
7,0.05,0.2,qqq,2021-05-13,0.25,1.3916812674354517
7,0.05,0.2,qqq,2021-06-14,0.25,1.3050512893234778
7,0.05,0.2,qqq,2021-07-14,0.25,0.172068706984696
7,0.05,0.2,qqq,2021-08-12,0.25,0.5400802815685779
7,0.05,0.2,qqq,2021-09-13,0.25,-1.3093180821057482
7,0.05,0.2,qqq,2021-10-12,0.25,2.435272588592552
7,0.05,0.2,qqq,2021-11-10,0.25,0.02377414292309421
7,0.05,0.2,qqq,2021-12-10,0.25,-1.1410126623492722
7,0.05,0.2,qqq,2022-01-11,0.25,-1.4456258191266391
7,0.05,0.2,qqq,2022-02-10,0.0,0.0
7,0.05,0.2,qqq,2022-03-14,0.0,0.0
7,0.05,0.2,qqq,2022-04-12,0.0,0.0
7,0.05,0.2,qqq,2022-05-12,0.0,0.0
7,0.05,0.2,qqq,2022-06-13,0.0,0.0
7,0.05,0.2,qqq,2022-07-14,0.0,0.0
7,0.05,0.2,qqq,2022-08-12,0.0,0.0
7,0.05,0.2,qqq,2022-09-13,0.0,0.0
7,0.05,0.2,qqq,2022-10-12,0.0,0.0
7,0.05,0.2,qqq,2022-11-10,0.0,0.0
7,0.05,0.2,qqq,2022-12-12,0.0,0.0
7,0.05,0.2,qqq,2023-01-12,0.0,0.0
7,0.05,0.2,qqq,2023-02-13,0.25,-0.5046543563902994
7,0.05,0.2,qqq,2023-03-15,0.25,1.763885129989351
7,0.05,0.2,qqq,2023-04-14,0.25,0.48959546116515984
7,0.05,0.2,qqq,2023-05-15,0.25,2.796595696966242
7,0.05,0.2,qqq,2023-06-14,0.25,0.9751173882476927
7,0.05,0.2,qqq,2023-07-17,0.25,-0.8083317902877529
7,0.05,0.2,qqq,2023-08-15,0.25,0.518786510589786
7,0.05,0.2,qqq,2023-09-14,0.25,-0.41131324863570295
7,0.05,0.2,qqq,2023-10-13,0.25,0.7510458194313951
7,0.05,0.2,qqq,2023-11-13,0.25,0.9227976563280782
7,0.05,0.2,qqq,2023-12-13,0.25,0.2959114750963332
7,0.05,0.2,qqq,2024-01-16,0.25,1.3247960049061147
7,0.05,0.2,qqq,2024-02-14,0.25,0.25019365354541634
7,0.05,0.2,qqq,2024-03-15,0.25,-0.48613227797055236
7,0.05,0.2,qqq,2024-04-16,0.25,0.689155246377493
7,0.05,0.2,qqq,2024-05-15,0.25,1.273301408775085
7,0.05,0.2,qqq,2024-06-14,0.25,0.8694991651672757
7,0.05,0.2,qqq,2024-07-17,0.25,-1.2215783444741168
7,0.05,0.2,qqq,2024-08-15,0.25,0.09364204015402944
7,0.05,0.2,qqq,2024-09-16,0.25,1.0977375799896327
7,0.05,0.2,qqq,2024-10-15,0.25,1.053849657789363
7,0.05,0.2,qqq,2024-11-13,0.25,0.661154098602923
7,0.05,0.2,qqq,2024-12-13,0.25,-0.7775962140805337
7,0.05,0.2,qqq,2025-01-16,0.25,0.6801546533998337
7,0.05,0.2,qqq,2025-02-18,0.25,-3.016231417346482
7,0.05,0.2,qqq,2025-03-19,0.0,0.0
7,0.05,0.2,qqq,2025-04-17,0.0,0.0
7,0.05,0.2,qqq,2025-05-19,0.25,0.41162173667468327
7,0.05,0.2,qqq,2025-06-18,0.25,1.3389926880125413
7,0.05,0.2,qqq,2025-07-21,0.25,0.5164345488023248
7,0.05,0.2,qqq,2025-08-19,0.25,0.9013803400458986
7,0.05,0.2,qqq,2025-09-18,0.25,0.09020774152967981
7,0.05,0.2,qqq,2025-10-17,0.25,0.020731596769074656
7,0.05,0.2,qqq,2025-11-17,0.25,0.45477841490779713
7,0.05,0.2,qqq,2025-12-17,0.25,0.451687930990774
7,0.05,0.2,qqq,2026-01-20,0.25,-0.2005986702985907
7,0.05,0.2,qqq,2026-02-19,0.25,-0.34513331052787866
7,0.05,0.2,qqq,2026-03-20,0.0,0.0
7,0.05,0.2,qqq,2026-04-21,0.25,1.9218001876867952
7,0.05,0.2,qqq,2026-05-20,0.25,1.063142009315854
7,0.05,0.2,qqq,2026-06-22,0.25,-0.2859468194084558
7,0.05,0.2,qqq,2026-07-22,0.25,0.7190214550193419
7,0.05,0.5,high,2016-07-12,0.25,-1.3181354820243074
7,0.05,0.5,high,2016-08-10,0.25,-0.5798637406386753
7,0.05,0.5,high,2016-09-09,0.25,0.6840706067142266
7,0.05,0.5,high,2016-10-10,0.25,-0.38286267969123156
7,0.05,0.5,high,2016-11-08,0.25,1.1136420956535886
7,0.05,0.5,high,2016-12-08,0.25,0.32231960243751523
7,0.05,0.5,high,2017-01-10,0.25,1.5600215787463956
7,0.05,0.5,high,2017-02-09,0.25,0.8062024547612179
7,0.05,0.5,high,2017-03-13,0.25,0.43429450939280745
7,0.05,0.5,high,2017-04-11,0.25,0.9479577726220656
7,0.05,0.5,high,2017-05-11,0.25,0.25197356378081626
7,0.05,0.5,high,2017-06-12,0.25,0.31137697036163203
7,0.05,0.5,high,2017-07-12,0.25,0.15691482608066742
7,0.05,0.5,high,2017-08-10,0.25,-0.028214145035154736
7,0.05,0.5,high,2017-09-11,0.25,0.6431243841251266
7,0.05,0.5,high,2017-10-10,0.25,-0.26521653887451313
7,0.05,0.5,high,2017-11-08,0.25,-1.1761152746548098
7,0.05,0.5,high,2017-12-08,0.25,1.4276416310845308
7,0.05,0.5,high,2018-01-10,0.25,-0.3975051964891896
7,0.05,0.5,high,2018-02-09,0.25,2.026974121083658
7,0.05,0.5,high,2018-03-13,0.25,-1.4155615232492313
7,0.05,0.5,high,2018-04-12,0.25,1.7968044631468505
7,0.05,0.5,high,2018-05-11,0.25,0.5841968606155934
7,0.05,0.5,high,2018-06-12,0.25,0.4535845680818662
7,0.05,0.5,high,2018-07-12,0.25,-0.061497061194804026
7,0.05,0.5,high,2018-08-10,0.25,3.133002050271383
7,0.05,0.5,high,2018-09-11,0.25,-0.9101484989830322
7,0.05,0.5,high,2018-10-10,0.25,0.3411717568909234
7,0.05,0.5,high,2018-11-08,0.25,0.09546798542583446
7,0.05,0.5,high,2018-12-11,0.0,0.0
7,0.05,0.5,high,2019-01-11,0.0,0.0
7,0.05,0.5,high,2019-02-12,0.0,0.0
7,0.05,0.5,high,2019-03-14,0.25,0.6499639695575654
7,0.05,0.5,high,2019-04-12,0.25,-1.4397734573652454
7,0.05,0.5,high,2019-05-14,0.25,1.137114992976218
7,0.05,0.5,high,2019-06-13,0.25,0.841796346524526
7,0.05,0.5,high,2019-07-15,0.25,-0.9015265193616284
7,0.05,0.5,high,2019-08-13,0.25,-0.4868184683111898
7,0.05,0.5,high,2019-09-12,0.25,-0.42509685543931086
7,0.05,0.5,high,2019-10-11,0.25,0.988137211541118
7,0.05,0.5,high,2019-11-11,0.25,0.3325392530195481
7,0.05,0.5,high,2019-12-11,0.25,1.079821435553474
7,0.05,0.5,high,2020-01-13,0.25,1.057434007903213
7,0.05,0.5,high,2020-02-12,0.25,-6.341592439845134
7,0.05,0.5,high,2020-03-13,0.0,0.0
7,0.05,0.5,high,2020-04-14,0.25,1.9177572951722288
7,0.05,0.5,high,2020-05-13,0.25,0.4922563270080671
7,0.05,0.5,high,2020-06-12,0.25,3.4072813331975427
7,0.05,0.5,high,2020-07-14,0.25,-0.05847725864678299
7,0.05,0.5,high,2020-08-12,0.25,0.06698533394839945
7,0.05,0.5,high,2020-09-11,0.25,0.809540181088364
7,0.05,0.5,high,2020-10-12,0.25,0.36473552287581423
7,0.05,0.5,high,2020-11-10,0.25,0.9777067395630556
7,0.05,0.5,high,2020-12-10,0.25,4.581379997608392
7,0.05,0.5,high,2021-01-12,0.25,0.3614721613407257
7,0.05,0.5,high,2021-02-11,0.25,-0.40026317580434956
7,0.05,0.5,high,2021-03-15,0.25,-0.2718426188583978
7,0.05,0.5,high,2021-04-14,0.25,-0.2923485582225993
7,0.05,0.5,high,2021-05-13,0.25,0.3467613716624074
7,0.05,0.5,high,2021-06-14,0.25,1.3764379904985358
7,0.05,0.5,high,2021-07-14,0.25,0.16741806557747374
7,0.05,0.5,high,2021-08-12,0.25,0.22871446689276542
7,0.05,0.5,high,2021-09-13,0.25,-2.1945491491002778
7,0.05,0.5,high,2021-10-12,0.25,1.3401738478048486
7,0.05,0.5,high,2021-11-10,0.25,0.2968287259874858
7,0.05,0.5,high,2021-12-10,0.25,-0.05122572970611694
7,0.05,0.5,high,2022-01-11,0.25,0.7357595221687108
7,0.05,0.5,high,2022-02-10,0.0,0.0
7,0.05,0.5,high,2022-03-14,0.0,0.0
7,0.05,0.5,high,2022-04-12,0.0,0.0
7,0.05,0.5,high,2022-05-12,0.0,0.0
7,0.05,0.5,high,2022-06-13,0.0,0.0
7,0.05,0.5,high,2022-07-14,0.0,0.0
7,0.05,0.5,high,2022-08-12,0.0,0.0
7,0.05,0.5,high,2022-09-13,0.0,0.0
7,0.05,0.5,high,2022-10-12,0.0,0.0
7,0.05,0.5,high,2022-11-10,0.0,0.0
7,0.05,0.5,high,2022-12-12,0.0,0.0
7,0.05,0.5,high,2023-01-12,0.0,0.0
7,0.05,0.5,high,2023-02-13,0.25,-0.2712390292141098
7,0.05,0.5,high,2023-03-15,0.25,1.2890070195932468
7,0.05,0.5,high,2023-04-14,0.25,1.2226184476713975
7,0.05,0.5,high,2023-05-15,0.25,0.5223802751774143
7,0.05,0.5,high,2023-06-14,0.25,0.8908165529597278
7,0.05,0.5,high,2023-07-17,0.25,-1.644107986165999
7,0.05,0.5,high,2023-08-15,0.25,0.479442614848824
7,0.05,0.5,high,2023-09-14,0.25,-0.896151982997484
7,0.05,0.5,high,2023-10-13,0.25,-0.4937927363988792
7,0.05,0.5,high,2023-11-13,0.25,1.6681420167097283
7,0.05,0.5,high,2023-12-13,0.25,0.2927499142705292
7,0.05,0.5,high,2024-01-16,0.25,2.1073579575125567
7,0.05,0.5,high,2024-02-14,0.25,0.5257070696860211
7,0.05,0.5,high,2024-03-15,0.25,0.2896624337965781
7,0.05,0.5,high,2024-04-16,0.25,0.9719097835156232
7,0.05,0.5,high,2024-05-15,0.25,1.5226617501581607
7,0.05,0.5,high,2024-06-14,0.25,-0.6902341607108342
7,0.05,0.5,high,2024-07-17,0.25,-0.7821178076442448
7,0.05,0.5,high,2024-08-15,0.25,0.4722686231255935
7,0.05,0.5,high,2024-09-16,0.25,0.038271433994574444
7,0.05,0.5,high,2024-10-15,0.25,1.2690375575133084
7,0.05,0.5,high,2024-11-13,0.25,-0.6900891042178392
7,0.05,0.5,high,2024-12-13,0.25,-0.4847712222696865
7,0.05,0.5,high,2025-01-16,0.25,0.7375067842905869
7,0.05,0.5,high,2025-02-18,0.25,-3.7033167951665225
7,0.05,0.5,high,2025-03-19,0.0,0.0
7,0.05,0.5,high,2025-04-17,0.0,0.0
7,0.05,0.5,high,2025-05-19,0.25,0.2455655025736858
7,0.05,0.5,high,2025-06-18,0.25,7.929768666344561
7,0.05,0.5,high,2025-07-21,0.25,0.3207528596333109
7,0.05,0.5,high,2025-08-19,0.25,0.46810500584280046
7,0.05,0.5,high,2025-09-18,0.25,0.021539591323360696
7,0.05,0.5,high,2025-10-17,0.25,0.8164537823500906
7,0.05,0.5,high,2025-11-17,0.25,-0.30803053965861027
7,0.05,0.5,high,2025-12-17,0.25,1.8871897235666735
7,0.05,0.5,high,2026-01-20,0.25,0.6961290317147428
7,0.05,0.5,high,2026-02-19,0.25,0.4325755966041678
7,0.05,0.5,high,2026-03-20,0.0,0.0
7,0.05,0.5,high,2026-04-21,0.25,1.2684075611974377
7,0.05,0.5,high,2026-05-20,0.25,1.255776296238098
7,0.05,0.5,high,2026-06-22,0.25,-1.0149095845859435
7,0.05,0.5,high,2026-07-22,0.25,0.461885113262972
7,0.05,0.5,momentum,2016-07-12,0.25,1.6662591767228285
7,0.05,0.5,momentum,2016-08-10,0.25,0.4129010086063589
7,0.05,0.5,momentum,2016-09-09,0.25,2.1114487020660544
7,0.05,0.5,momentum,2016-10-10,0.25,0.5318322828006483
7,0.05,0.5,momentum,2016-11-08,0.25,4.717537519140191
7,0.05,0.5,momentum,2016-12-08,0.25,0.8725313100747645
7,0.05,0.5,momentum,2017-01-10,0.25,2.1003320207193976
7,0.05,0.5,momentum,2017-02-09,0.25,-2.2212045596957775
7,0.05,0.5,momentum,2017-03-13,0.25,-0.1734377289631439
7,0.05,0.5,momentum,2017-04-11,0.25,0.5512748693549341
7,0.05,0.5,momentum,2017-05-11,0.25,1.5637645615992346
7,0.05,0.5,momentum,2017-06-12,0.25,0.6389677022853313
7,0.05,0.5,momentum,2017-07-12,0.25,-0.5779255682733853
7,0.05,0.5,momentum,2017-08-10,0.25,1.7608923638050555
7,0.05,0.5,momentum,2017-09-11,0.25,1.9792046841329292
7,0.05,0.5,momentum,2017-10-10,0.25,2.556377087878392
7,0.05,0.5,momentum,2017-11-08,0.25,-0.35373692509275134
7,0.05,0.5,momentum,2017-12-08,0.25,1.6650224285506665
7,0.05,0.5,momentum,2018-01-10,0.25,-1.9195234498977864
7,0.05,0.5,momentum,2018-02-09,0.25,5.8023401355966175
7,0.05,0.5,momentum,2018-03-13,0.25,-1.0516058412758045
7,0.05,0.5,momentum,2018-04-12,0.25,1.607751507421007
7,0.05,0.5,momentum,2018-05-11,0.25,0.34348852031784727
7,0.05,0.5,momentum,2018-06-12,0.25,1.0643504735599496
7,0.05,0.5,momentum,2018-07-12,0.25,-3.503112870796754
7,0.05,0.5,momentum,2018-08-10,0.25,-0.02211218309569052
7,0.05,0.5,momentum,2018-09-11,0.25,-2.6646347610481125
7,0.05,0.5,momentum,2018-10-10,0.25,0.7380824281266518
7,0.05,0.5,momentum,2018-11-08,0.25,-2.5233701924656793
7,0.05,0.5,momentum,2018-12-11,0.0,0.0
7,0.05,0.5,momentum,2019-01-11,0.0,0.0
7,0.05,0.5,momentum,2019-02-12,0.0,0.0
7,0.05,0.5,momentum,2019-03-14,0.25,2.7814010028927694
7,0.05,0.5,momentum,2019-04-12,0.25,-1.0249238349723688
7,0.05,0.5,momentum,2019-05-14,0.25,3.1957463174142164
7,0.05,0.5,momentum,2019-06-13,0.25,0.8653115114523047
7,0.05,0.5,momentum,2019-07-15,0.25,1.8026890737517176
7,0.05,0.5,momentum,2019-08-13,0.25,-4.05942400298639
7,0.05,0.5,momentum,2019-09-12,0.25,1.92923711911821
7,0.05,0.5,momentum,2019-10-11,0.25,-2.485339382382279
7,0.05,0.5,momentum,2019-11-11,0.25,1.2685293494493433
7,0.05,0.5,momentum,2019-12-11,0.25,3.1473481264766123
7,0.05,0.5,momentum,2020-01-13,0.25,2.587436232480922
7,0.05,0.5,momentum,2020-02-12,0.25,-6.225962175326282
7,0.05,0.5,momentum,2020-03-13,0.0,0.0
7,0.05,0.5,momentum,2020-04-14,0.25,4.725682155367039
7,0.05,0.5,momentum,2020-05-13,0.25,2.2358060267350544
7,0.05,0.5,momentum,2020-06-12,0.25,5.37432771175983
7,0.05,0.5,momentum,2020-07-14,0.25,0.35828490570586347
7,0.05,0.5,momentum,2020-08-12,0.25,0.849647459462699
7,0.05,0.5,momentum,2020-09-11,0.25,9.194063028662836
7,0.05,0.5,momentum,2020-10-12,0.25,0.015372391626078397
7,0.05,0.5,momentum,2020-11-10,0.25,10.250016896177971
7,0.05,0.5,momentum,2020-12-10,0.25,6.60590318371439
7,0.05,0.5,momentum,2021-01-12,0.25,4.391455250467291
7,0.05,0.5,momentum,2021-02-11,0.25,-5.17790934903547
7,0.05,0.5,momentum,2021-03-15,0.25,-0.0049433459811454306
7,0.05,0.5,momentum,2021-04-14,0.25,-6.551521580643172
7,0.05,0.5,momentum,2021-05-13,0.25,4.882746994228349
7,0.05,0.5,momentum,2021-06-14,0.25,1.5908141277158006
7,0.05,0.5,momentum,2021-07-14,0.25,4.585715215869635
7,0.05,0.5,momentum,2021-08-12,0.25,-0.4316328454528784
7,0.05,0.5,momentum,2021-09-13,0.25,-1.6870054978864624
7,0.05,0.5,momentum,2021-10-12,0.25,4.980100087431927
7,0.05,0.5,momentum,2021-11-10,0.25,-5.123582126700188
7,0.05,0.5,momentum,2021-12-10,0.25,-1.1726930968538385
7,0.05,0.5,momentum,2022-01-11,0.25,-2.8527008113815144
7,0.05,0.5,momentum,2022-02-10,0.0,0.0
7,0.05,0.5,momentum,2022-03-14,0.0,0.0
7,0.05,0.5,momentum,2022-04-12,0.0,0.0
7,0.05,0.5,momentum,2022-05-12,0.0,0.0
7,0.05,0.5,momentum,2022-06-13,0.0,0.0
7,0.05,0.5,momentum,2022-07-14,0.0,0.0
7,0.05,0.5,momentum,2022-08-12,0.0,0.0
7,0.05,0.5,momentum,2022-09-13,0.0,0.0
7,0.05,0.5,momentum,2022-10-12,0.0,0.0
7,0.05,0.5,momentum,2022-11-10,0.0,0.0
7,0.05,0.5,momentum,2022-12-12,0.0,0.0
7,0.05,0.5,momentum,2023-01-12,0.0,0.0
7,0.05,0.5,momentum,2023-02-13,0.25,1.0636947123519258
7,0.05,0.5,momentum,2023-03-15,0.25,1.1589397698924753
7,0.05,0.5,momentum,2023-04-14,0.25,0.09188388250971347
7,0.05,0.5,momentum,2023-05-15,0.25,1.5819547508710396
7,0.05,0.5,momentum,2023-06-14,0.25,3.0880043360350884
7,0.05,0.5,momentum,2023-07-17,0.25,-0.15005839329705895
7,0.05,0.5,momentum,2023-08-15,0.25,0.13541734418305307
7,0.05,0.5,momentum,2023-09-14,0.25,0.7856934759277179
7,0.05,0.5,momentum,2023-10-13,0.25,-1.5476533085864164
7,0.05,0.5,momentum,2023-11-13,0.25,2.6426401958046686
7,0.05,0.5,momentum,2023-12-13,0.25,-0.0711484323823175
7,0.05,0.5,momentum,2024-01-16,0.25,5.5811925082657865
7,0.05,0.5,momentum,2024-02-14,0.25,3.1147003192926404
7,0.05,0.5,momentum,2024-03-15,0.25,-2.2107259972131588
7,0.05,0.5,momentum,2024-04-16,0.25,0.5790361325811011
7,0.05,0.5,momentum,2024-05-15,0.25,1.6273372585132284
7,0.05,0.5,momentum,2024-06-14,0.25,0.35536828139162147
7,0.05,0.5,momentum,2024-07-17,0.25,1.2495217120158886
7,0.05,0.5,momentum,2024-08-15,0.25,-0.682865356523632
7,0.05,0.5,momentum,2024-09-16,0.25,5.836530652471095
7,0.05,0.5,momentum,2024-10-15,0.25,4.486007872156339
7,0.05,0.5,momentum,2024-11-13,0.25,-0.20631405776047052
7,0.05,0.5,momentum,2024-12-13,0.25,2.032613505663927
7,0.05,0.5,momentum,2025-01-16,0.25,3.433079468290212
7,0.05,0.5,momentum,2025-02-18,0.25,-6.799278356713778
7,0.05,0.5,momentum,2025-03-19,0.0,0.0
7,0.05,0.5,momentum,2025-04-17,0.0,0.0
7,0.05,0.5,momentum,2025-05-19,0.25,0.3459898564823316
7,0.05,0.5,momentum,2025-06-18,0.25,8.590677594484397
7,0.05,0.5,momentum,2025-07-21,0.25,0.6736183186861755
7,0.05,0.5,momentum,2025-08-19,0.25,9.803111833217336
7,0.05,0.5,momentum,2025-09-18,0.25,13.388325111547372
7,0.05,0.5,momentum,2025-10-17,0.25,-9.583447623484286
7,0.05,0.5,momentum,2025-11-17,0.25,2.9880256698902485
7,0.05,0.5,momentum,2025-12-17,0.25,5.68629219427208
7,0.05,0.5,momentum,2026-01-20,0.25,-7.210717734737004
7,0.05,0.5,momentum,2026-02-19,0.25,-0.3327108089789865
7,0.05,0.5,momentum,2026-03-20,0.0,0.0
7,0.05,0.5,momentum,2026-04-21,0.25,3.5671418301544744
7,0.05,0.5,momentum,2026-05-20,0.25,1.2008199292066868
7,0.05,0.5,momentum,2026-06-22,0.25,-2.8834878064406766
7,0.05,0.5,momentum,2026-07-22,0.25,-1.4151843955177767
7,0.05,0.5,qqq,2016-07-12,0.25,1.0261504084741135
7,0.05,0.5,qqq,2016-08-10,0.25,-0.0800464265564571
7,0.05,0.5,qqq,2016-09-09,0.25,0.9975517192514438
7,0.05,0.5,qqq,2016-10-10,0.25,-0.7031502081804253
7,0.05,0.5,qqq,2016-11-08,0.25,0.4384148047352987
7,0.05,0.5,qqq,2016-12-08,0.25,0.6448694297183755
7,0.05,0.5,qqq,2017-01-10,0.25,0.656146992460771
7,0.05,0.5,qqq,2017-02-09,0.25,0.6866310547080534
7,0.05,0.5,qqq,2017-03-13,0.25,0.06183342899817035
7,0.05,0.5,qqq,2017-04-11,0.25,1.1944964224318788
7,0.05,0.5,qqq,2017-05-11,0.25,0.16837759175671874
7,0.05,0.5,qqq,2017-06-12,0.25,-0.22795296303719237
7,0.05,0.5,qqq,2017-07-12,0.25,0.44920145907862974
7,0.05,0.5,qqq,2017-08-10,0.25,0.4019831923049777
7,0.05,0.5,qqq,2017-09-11,0.25,0.1359798167478221
7,0.05,0.5,qqq,2017-10-10,0.25,0.9459984093352913
7,0.05,0.5,qqq,2017-11-08,0.25,0.003554751716827731
7,0.05,0.5,qqq,2017-12-08,0.25,1.1819866616196828
7,0.05,0.5,qqq,2018-01-10,0.25,-1.5042763130817427
7,0.05,0.5,qqq,2018-02-09,0.25,2.459050416660147
7,0.05,0.5,qqq,2018-03-13,0.25,-1.864130254363272
7,0.05,0.5,qqq,2018-04-12,0.25,0.8824055198216607
7,0.05,0.5,qqq,2018-05-11,0.25,0.616372346477978
7,0.05,0.5,qqq,2018-06-12,0.25,-0.026146382665470647
7,0.05,0.5,qqq,2018-07-12,0.25,0.21632067829751023
7,0.05,0.5,qqq,2018-08-10,0.25,-0.00501990528496421
7,0.05,0.5,qqq,2018-09-11,0.25,-0.5187730336325358
7,0.05,0.5,qqq,2018-10-10,0.25,0.5385833789651961
7,0.05,0.5,qqq,2018-11-08,0.25,-1.5294405869278216
7,0.05,0.5,qqq,2018-12-11,0.0,0.0
7,0.05,0.5,qqq,2019-01-11,0.0,0.0
7,0.05,0.5,qqq,2019-02-12,0.0,0.0
7,0.05,0.5,qqq,2019-03-14,0.25,0.992418646895521
7,0.05,0.5,qqq,2019-04-12,0.25,-1.0964679985913661
7,0.05,0.5,qqq,2019-05-14,0.25,0.2900109105720361
7,0.05,0.5,qqq,2019-06-13,0.25,1.4399516287768588
7,0.05,0.5,qqq,2019-07-15,0.25,-1.3510667479346483
7,0.05,0.5,qqq,2019-08-13,0.25,0.8240950639040401
7,0.05,0.5,qqq,2019-09-12,0.25,-0.6261325578849841
7,0.05,0.5,qqq,2019-10-11,0.25,1.2296127758705255
7,0.05,0.5,qqq,2019-11-11,0.25,0.21790389555160772
7,0.05,0.5,qqq,2019-12-11,0.25,1.5922463567038747
7,0.05,0.5,qqq,2020-01-13,0.25,1.133494840137228
7,0.05,0.5,qqq,2020-02-12,0.25,-6.039846803054305
7,0.05,0.5,qqq,2020-03-13,0.0,0.0
7,0.05,0.5,qqq,2020-04-14,0.25,1.5028014840188897
7,0.05,0.5,qqq,2020-05-13,0.25,1.7069792962629338
7,0.05,0.5,qqq,2020-06-12,0.25,2.716605754080037
7,0.05,0.5,qqq,2020-07-14,0.25,0.1945310003938161
7,0.05,0.5,qqq,2020-08-12,0.25,-0.15388087912103776
7,0.05,0.5,qqq,2020-09-11,0.25,0.9043730946896478
7,0.05,0.5,qqq,2020-10-12,0.25,-0.7793301184024659
7,0.05,0.5,qqq,2020-11-10,0.25,1.2041697700936327
7,0.05,0.5,qqq,2020-12-10,0.25,1.0479057859739127
7,0.05,0.5,qqq,2021-01-12,0.25,1.344756300764538
7,0.05,0.5,qqq,2021-02-11,0.25,-1.4850787333157478
7,0.05,0.5,qqq,2021-03-15,0.25,1.420105386842252
7,0.05,0.5,qqq,2021-04-14,0.25,-1.7792715945880722
7,0.05,0.5,qqq,2021-05-13,0.25,1.3126246109762096
7,0.05,0.5,qqq,2021-06-14,0.25,1.2262541341952815
7,0.05,0.5,qqq,2021-07-14,0.25,0.09666541729007605
7,0.05,0.5,qqq,2021-08-12,0.25,0.4635746079700853
7,0.05,0.5,qqq,2021-09-13,0.25,-1.3802838566120967
7,0.05,0.5,qqq,2021-10-12,0.25,2.3530898394935607
7,0.05,0.5,qqq,2021-11-10,0.25,-0.05118492829654375
7,0.05,0.5,qqq,2021-12-10,0.25,-1.2124825981333798
7,0.05,0.5,qqq,2022-01-11,0.25,-1.5161832818687992
7,0.05,0.5,qqq,2022-02-10,0.0,0.0
7,0.05,0.5,qqq,2022-03-14,0.0,0.0
7,0.05,0.5,qqq,2022-04-12,0.0,0.0
7,0.05,0.5,qqq,2022-05-12,0.0,0.0
7,0.05,0.5,qqq,2022-06-13,0.0,0.0
7,0.05,0.5,qqq,2022-07-14,0.0,0.0
7,0.05,0.5,qqq,2022-08-12,0.0,0.0
7,0.05,0.5,qqq,2022-09-13,0.0,0.0
7,0.05,0.5,qqq,2022-10-12,0.0,0.0
7,0.05,0.5,qqq,2022-11-10,0.0,0.0
7,0.05,0.5,qqq,2022-12-12,0.0,0.0
7,0.05,0.5,qqq,2023-01-12,0.0,0.0
7,0.05,0.5,qqq,2023-02-13,0.25,-0.5780305125273055
7,0.05,0.5,qqq,2023-03-15,0.25,1.6837135315680207
7,0.05,0.5,qqq,2023-04-14,0.25,0.41324101556394766
7,0.05,0.5,qqq,2023-05-15,0.25,2.7133305993590318
7,0.05,0.5,qqq,2023-06-14,0.25,0.8973085548110049
7,0.05,0.5,qqq,2023-07-17,0.25,-0.8807982763540001
7,0.05,0.5,qqq,2023-08-15,0.25,0.44234462278498476
7,0.05,0.5,qqq,2023-09-14,0.25,-0.48496900938806986
7,0.05,0.5,qqq,2023-10-13,0.25,0.6739081955648318
7,0.05,0.5,qqq,2023-11-13,0.25,0.8451455473922342
7,0.05,0.5,qqq,2023-12-13,0.25,0.22013721262907904
7,0.05,0.5,qqq,2024-01-16,0.25,1.245939704201704
7,0.05,0.5,qqq,2024-02-14,0.25,0.17455633946261706
7,0.05,0.5,qqq,2024-03-15,0.25,-0.5595639172568112
7,0.05,0.5,qqq,2024-04-16,0.25,0.6122030166024528
7,0.05,0.5,qqq,2024-05-15,0.25,1.1945993608655003
7,0.05,0.5,qqq,2024-06-14,0.25,0.792006712619453
7,0.05,0.5,qqq,2024-07-17,0.25,-1.2928069446119905
7,0.05,0.5,qqq,2024-08-15,0.25,0.018473678654928882
7,0.05,0.5,qqq,2024-09-16,0.25,1.0195614360252625
7,0.05,0.5,qqq,2024-10-15,0.25,0.9758049807199187
7,0.05,0.5,qqq,2024-11-13,0.25,0.5842857466641371
7,0.05,0.5,qqq,2024-12-13,0.25,-0.8501547690023092
7,0.05,0.5,qqq,2025-01-16,0.25,0.6032293850290138
7,0.05,0.5,qqq,2025-02-18,0.25,-3.0820841086891537
7,0.05,0.5,qqq,2025-03-19,0.0,0.0
7,0.05,0.5,qqq,2025-04-17,0.0,0.0
7,0.05,0.5,qqq,2025-05-19,0.25,0.33550086247378097
7,0.05,0.5,qqq,2025-06-18,0.25,1.2600938609420131
7,0.05,0.5,qqq,2025-07-21,0.25,0.43999970633252783
7,0.05,0.5,qqq,2025-08-19,0.25,0.8237923869854669
7,0.05,0.5,qqq,2025-09-18,0.25,0.01504966752090553
7,0.05,0.5,qqq,2025-10-17,0.25,-0.054218360460289716
7,0.05,0.5,qqq,2025-11-17,0.25,0.3785282642636556
7,0.05,0.5,qqq,2025-12-17,0.25,0.37544703793517265
7,0.05,0.5,qqq,2026-01-20,0.25,-0.27488562956620166
7,0.05,0.5,qqq,2026-02-19,0.25,-0.4189873142257605
7,0.05,0.5,qqq,2026-03-20,0.0,0.0
7,0.05,0.5,qqq,2026-04-21,0.25,1.8411555524649792
7,0.05,0.5,qqq,2026-05-20,0.25,0.9850694968752904
7,0.05,0.5,qqq,2026-06-22,0.25,-0.3599781170819494
7,0.05,0.5,qqq,2026-07-22,0.25,0.6419797605916822
7,0.05,1.0,high,2016-07-12,0.25,-1.4362509922824174
7,0.05,1.0,high,2016-08-10,0.25,-0.7016614501331064
7,0.05,1.0,high,2016-09-09,0.25,0.555968906659543
7,0.05,1.0,high,2016-10-10,0.25,-0.505642950369467
7,0.05,1.0,high,2016-11-08,0.25,0.9833978676923483
7,0.05,1.0,high,2016-12-08,0.25,0.1960221692902886
7,0.05,1.0,high,2017-01-10,0.25,1.4275509914385642
7,0.05,1.0,high,2017-02-09,0.25,0.6774916107119777
7,0.05,1.0,high,2017-03-13,0.25,0.30743859094299886
7,0.05,1.0,high,2017-04-11,0.25,0.8185399106904967
7,0.05,1.0,high,2017-05-11,0.25,0.1260269880689835
7,0.05,1.0,high,2017-06-12,0.25,0.18513411461347218
7,0.05,1.0,high,2017-07-12,0.25,0.03144236469794226
7,0.05,1.0,high,2017-08-10,0.25,-0.1527632583904981
7,0.05,1.0,high,2017-09-11,0.25,0.515226907178401
7,0.05,1.0,high,2017-10-10,0.25,-0.3885835806636817
7,0.05,1.0,high,2017-11-08,0.25,-1.2949391239563957
7,0.05,1.0,high,2017-12-08,0.25,1.2958313011248945
7,0.05,1.0,high,2018-01-10,0.25,-0.5202124362478355
7,0.05,1.0,high,2018-02-09,0.25,1.8921745643755594
7,0.05,1.0,high,2018-03-13,0.25,-1.533191112030885
7,0.05,1.0,high,2018-04-12,0.25,1.6631528990966649
7,0.05,1.0,high,2018-05-11,0.25,0.4565932901939629
7,0.05,1.0,high,2018-06-12,0.25,0.32663243866335456
7,0.05,1.0,high,2018-07-12,0.25,-0.18588017289847825
7,0.05,1.0,high,2018-08-10,0.25,2.9926860760060237
7,0.05,1.0,high,2018-09-11,0.25,-1.0302988824093418
7,0.05,1.0,high,2018-10-10,0.25,0.2147802968632817
7,0.05,1.0,high,2018-11-08,0.25,-0.02969800410231871
7,0.05,1.0,high,2018-12-11,0.0,0.0
7,0.05,1.0,high,2019-01-11,0.0,0.0
7,0.05,1.0,high,2019-02-12,0.0,0.0
7,0.05,1.0,high,2019-03-14,0.25,0.5220323795399606
7,0.05,1.0,high,2019-04-12,0.25,-1.557282286865047
7,0.05,1.0,high,2019-05-14,0.25,1.0067536917481412
7,0.05,1.0,high,2019-06-13,0.25,0.7129079746170053
7,0.05,1.0,high,2019-07-15,0.25,-1.0217199057162563
7,0.05,1.0,high,2019-08-13,0.25,-0.6090802497881964
7,0.05,1.0,high,2019-09-12,0.25,-0.5476664792229635
7,0.05,1.0,high,2019-10-11,0.25,0.8585189509067392
7,0.05,1.0,high,2019-11-11,0.25,0.20619084841089208
7,0.05,1.0,high,2019-12-11,0.25,0.949745891292042
7,0.05,1.0,high,2020-01-13,0.25,0.9274701230273408
7,0.05,1.0,high,2020-02-12,0.25,-6.4346529895285665
7,0.05,1.0,high,2020-03-13,0.0,0.0
7,0.05,1.0,high,2020-04-14,0.25,1.7835024675800337
7,0.05,1.0,high,2020-05-13,0.25,0.36511131858150137
7,0.05,1.0,high,2020-06-12,0.25,3.2655973654014625
7,0.05,1.0,high,2020-07-14,0.25,-0.18287543189757782
7,0.05,1.0,high,2020-08-12,0.25,-0.0580385956963525
7,0.05,1.0,high,2020-09-11,0.25,0.680812689817456
7,0.05,1.0,high,2020-10-12,0.25,0.23822653636538238
7,0.05,1.0,high,2020-11-10,0.25,0.848140501881467
7,0.05,1.0,high,2020-12-10,0.25,4.433840103107944
7,0.05,1.0,high,2021-01-12,0.25,0.2349794511506298
7,0.05,1.0,high,2021-02-11,0.25,-0.5229566598836666
7,0.05,1.0,high,2021-03-15,0.25,-0.3951766124550393
7,0.05,1.0,high,2021-04-14,0.25,-0.4155802765321903
7,0.05,1.0,high,2021-05-13,0.25,0.2203420329092598
7,0.05,1.0,high,2021-06-14,0.25,1.2448830434767633
7,0.05,1.0,high,2021-07-14,0.25,0.04189321830716519
7,0.05,1.0,high,2021-08-12,0.25,0.10288389809818277
7,0.05,1.0,high,2021-09-13,0.25,-2.3082934643705477
7,0.05,1.0,high,2021-10-12,0.25,1.2087997715804377
7,0.05,1.0,high,2021-11-10,0.25,0.17065843096641942
7,0.05,1.0,high,2021-12-10,0.25,-0.17566007063453126
7,0.05,1.0,high,2022-01-11,0.25,0.6074000188224682
7,0.05,1.0,high,2022-02-10,0.0,0.0
7,0.05,1.0,high,2022-03-14,0.0,0.0
7,0.05,1.0,high,2022-04-12,0.0,0.0
7,0.05,1.0,high,2022-05-12,0.0,0.0
7,0.05,1.0,high,2022-06-13,0.0,0.0
7,0.05,1.0,high,2022-07-14,0.0,0.0
7,0.05,1.0,high,2022-08-12,0.0,0.0
7,0.05,1.0,high,2022-09-13,0.0,0.0
7,0.05,1.0,high,2022-10-12,0.0,0.0
7,0.05,1.0,high,2022-11-10,0.0,0.0
7,0.05,1.0,high,2022-12-12,0.0,0.0
7,0.05,1.0,high,2023-01-12,0.0,0.0
7,0.05,1.0,high,2023-02-13,0.25,-0.394576033270444
7,0.05,1.0,high,2023-03-15,0.25,1.1578881427015464
7,0.05,1.0,high,2023-04-14,0.25,1.0918306899802888
7,0.05,1.0,high,2023-05-15,0.25,0.3950850207469214
7,0.05,1.0,high,2023-06-14,0.25,0.7616836881960243
7,0.05,1.0,high,2023-07-17,0.25,-1.7605976781264188
7,0.05,1.0,high,2023-08-15,0.25,0.3523615160079485
7,0.05,1.0,high,2023-09-14,0.25,-1.0163721753540078
7,0.05,1.0,high,2023-10-13,0.25,-0.6160197330626893
7,0.05,1.0,high,2023-11-13,0.25,1.5351321686232877
7,0.05,1.0,high,2023-12-13,0.25,0.16659996270369515
7,0.05,1.0,high,2024-01-16,0.25,1.9721574789155039
7,0.05,1.0,high,2024-02-14,0.25,0.39839522255731286
7,0.05,1.0,high,2024-03-15,0.25,0.1635278813268526
7,0.05,1.0,high,2024-04-16,0.25,0.8423724586935633
7,0.05,1.0,high,2024-05-15,0.25,1.3903774984834083
7,0.05,1.0,high,2024-06-14,0.25,-0.8114813874308124
7,0.05,1.0,high,2024-07-17,0.25,-0.9029067560967441
7,0.05,1.0,high,2024-08-15,0.25,0.345223305238207
7,0.05,1.0,high,2024-09-16,0.25,-0.0866092823933795
7,0.05,1.0,high,2024-10-15,0.25,1.1380182801780991
7,0.05,1.0,high,2024-11-13,0.25,-0.8113370544206133
7,0.05,1.0,high,2024-12-13,0.25,-0.607043214577474
7,0.05,1.0,high,2025-01-16,0.25,0.6091385663113735
7,0.05,1.0,high,2025-02-18,0.25,-3.809535990941193
7,0.05,1.0,high,2025-03-19,0.0,0.0
7,0.05,1.0,high,2025-04-17,0.0,0.0
7,0.05,1.0,high,2025-05-19,0.25,0.11965088766539012
7,0.05,1.0,high,2025-06-18,0.25,7.765528370748154
7,0.05,1.0,high,2025-07-21,0.25,0.19446324076208832
7,0.05,1.0,high,2025-08-19,0.25,0.341080454385323
7,0.05,1.0,high,2025-09-18,0.25,-0.10325767343716263
7,0.05,1.0,high,2025-10-17,0.25,0.6876918088474238
7,0.05,1.0,high,2025-11-17,0.25,-0.43118404262169063
7,0.05,1.0,high,2025-12-17,0.25,1.7530873545916537
7,0.05,1.0,high,2026-01-20,0.25,0.5679671891395843
7,0.05,1.0,high,2026-02-19,0.25,0.3057282513923676
7,0.05,1.0,high,2026-03-20,0.0,0.0
7,0.05,1.0,high,2026-04-21,0.25,1.1373914260276896
7,0.05,1.0,high,2026-05-20,0.25,1.1248231606815873
7,0.05,1.0,high,2026-06-22,0.25,-1.1345374623171534
7,0.05,1.0,high,2026-07-22,0.25,0.3348915841004496
7,0.05,1.0,momentum,2016-07-12,0.25,1.5332587194766045
7,0.05,1.0,momentum,2016-08-10,0.25,0.2861517922390533
7,0.05,1.0,momentum,2016-09-09,0.25,1.9762278204986217
7,0.05,1.0,momentum,2016-10-10,0.25,0.40448988559966814
7,0.05,1.0,momentum,2016-11-08,0.25,4.56931852628919
7,0.05,1.0,momentum,2016-12-08,0.25,0.7434896446670836
7,0.05,1.0,momentum,2017-01-10,0.25,1.9651665846380784
7,0.05,1.0,momentum,2017-02-09,0.25,-2.3348159286171066
7,0.05,1.0,momentum,2017-03-13,0.25,-0.29726252613535564
7,0.05,1.0,momentum,2017-04-11,0.25,0.42383550043836316
7,0.05,1.0,momentum,2017-05-11,0.25,1.4312753058150163
7,0.05,1.0,momentum,2017-06-12,0.25,0.5110909571773403
7,0.05,1.0,momentum,2017-07-12,0.25,-0.6997329445834422
7,0.05,1.0,momentum,2017-08-10,0.25,1.6274199147031432
7,0.05,1.0,momentum,2017-09-11,0.25,1.8446433819514496
7,0.05,1.0,momentum,2017-10-10,0.25,2.4189370844475366
7,0.05,1.0,momentum,2017-11-08,0.25,-0.4766624631912686
7,0.05,1.0,momentum,2017-12-08,0.25,1.5320281397014357
7,0.05,1.0,momentum,2018-01-10,0.25,-2.03463948151964
7,0.05,1.0,momentum,2018-02-09,0.25,5.6487105884172495
7,0.05,1.0,momentum,2018-03-13,0.25,-1.1710506930007747
7,0.05,1.0,momentum,2018-04-12,0.25,1.4750428626377765
7,0.05,1.0,momentum,2018-05-11,0.25,0.21708550521633008
7,0.05,1.0,momentum,2018-06-12,0.25,0.9343520921658577
7,0.05,1.0,momentum,2018-07-12,0.25,-3.6103306023355652
7,0.05,1.0,momentum,2018-08-10,0.25,-0.14669173055590345
7,0.05,1.0,momentum,2018-09-11,0.25,-2.776034480440881
7,0.05,1.0,momentum,2018-10-10,0.25,0.6097113390700404
7,0.05,1.0,momentum,2018-11-08,0.25,-2.6354744820829334
7,0.05,1.0,momentum,2018-12-11,0.0,0.0
7,0.05,1.0,momentum,2019-01-11,0.0,0.0
7,0.05,1.0,momentum,2019-02-12,0.0,0.0
7,0.05,1.0,momentum,2019-03-14,0.25,2.6428386716772057
7,0.05,1.0,momentum,2019-04-12,0.25,-1.1445017656948497
7,0.05,1.0,momentum,2019-05-14,0.25,3.055117400258567
7,0.05,1.0,momentum,2019-06-13,0.25,0.7363058554643143
7,0.05,1.0,momentum,2019-07-15,0.25,1.6690081596567818
7,0.05,1.0,momentum,2019-08-13,0.25,-4.163867080815365
7,0.05,1.0,momentum,2019-09-12,0.25,1.7949250348322954
7,0.05,1.0,momentum,2019-10-11,0.25,-2.597633354215423
7,0.05,1.0,momentum,2019-11-11,0.25,1.1375126068493113
7,0.05,1.0,momentum,2019-12-11,0.25,3.006960599816799
7,0.05,1.0,momentum,2020-01-13,0.25,2.4498413186666124
7,0.05,1.0,momentum,2020-02-12,0.25,-6.319599441749435
7,0.05,1.0,momentum,2020-03-13,0.0,0.0
7,0.05,1.0,momentum,2020-04-14,0.25,4.57742254038247
7,0.05,1.0,momentum,2020-05-13,0.25,2.0999649014006305
7,0.05,1.0,momentum,2020-06-12,0.25,5.2228329165042275
7,0.05,1.0,momentum,2020-07-14,0.25,0.231808092250807
7,0.05,1.0,momentum,2020-08-12,0.25,0.7207199293964184
7,0.05,1.0,momentum,2020-09-11,0.25,9.023516946897914
7,0.05,1.0,momentum,2020-10-12,0.25,-0.10939411365019636
7,0.05,1.0,momentum,2020-11-10,0.25,10.074204145913379
7,0.05,1.0,momentum,2020-12-10,0.25,6.448265790810659
7,0.05,1.0,momentum,2021-01-12,0.25,4.244862623374845
7,0.05,1.0,momentum,2021-02-11,0.25,-5.276773876777529
7,0.05,1.0,momentum,2021-03-15,0.25,-0.12960852461937344
7,0.05,1.0,momentum,2021-04-14,0.25,-6.643535089137565
7,0.05,1.0,momentum,2021-05-13,0.25,4.733704003696149
7,0.05,1.0,momentum,2021-06-14,0.25,1.4581899596951775
7,0.05,1.0,momentum,2021-07-14,0.25,4.438153699063352
7,0.05,1.0,momentum,2021-08-12,0.25,-0.55416987037612
7,0.05,1.0,momentum,2021-09-13,0.25,-1.8032812345021965
7,0.05,1.0,momentum,2021-10-12,0.25,4.830571539258344
7,0.05,1.0,momentum,2021-11-10,0.25,-5.222717616535721
7,0.05,1.0,momentum,2021-12-10,0.25,-1.2915340145867038
7,0.05,1.0,momentum,2022-01-11,0.25,-2.963162533790109
7,0.05,1.0,momentum,2022-02-10,0.0,0.0
7,0.05,1.0,momentum,2022-03-14,0.0,0.0
7,0.05,1.0,momentum,2022-04-12,0.0,0.0
7,0.05,1.0,momentum,2022-05-12,0.0,0.0
7,0.05,1.0,momentum,2022-06-13,0.0,0.0
7,0.05,1.0,momentum,2022-07-14,0.0,0.0
7,0.05,1.0,momentum,2022-08-12,0.0,0.0
7,0.05,1.0,momentum,2022-09-13,0.0,0.0
7,0.05,1.0,momentum,2022-10-12,0.0,0.0
7,0.05,1.0,momentum,2022-11-10,0.0,0.0
7,0.05,1.0,momentum,2022-12-12,0.0,0.0
7,0.05,1.0,momentum,2023-01-12,0.0,0.0
7,0.05,1.0,momentum,2023-02-13,0.25,0.9336996016281018
7,0.05,1.0,momentum,2023-03-15,0.25,1.0284696155519413
7,0.05,1.0,momentum,2023-04-14,0.25,-0.03326423097055331
7,0.05,1.0,momentum,2023-05-15,0.25,1.449374769819567
7,0.05,1.0,momentum,2023-06-14,0.25,2.9479127920705173
7,0.05,1.0,momentum,2023-07-17,0.25,-0.2739997970886421
7,0.05,1.0,momentum,2023-08-15,0.25,0.010052103498336962
7,0.05,1.0,momentum,2023-09-14,0.25,0.6570849223251907
7,0.05,1.0,momentum,2023-10-13,0.25,-1.664624077256427
7,0.05,1.0,momentum,2023-11-13,0.25,2.504769947069363
7,0.05,1.0,momentum,2023-12-13,0.25,-0.19548340697110866
7,0.05,1.0,momentum,2024-01-16,0.25,5.428665955524403
7,0.05,1.0,momentum,2024-02-14,0.25,2.9744756266192107
7,0.05,1.0,momentum,2024-03-15,0.25,-2.3243896289431687
7,0.05,1.0,momentum,2024-04-16,0.25,0.4514583017723339
7,0.05,1.0,momentum,2024-05-15,0.25,1.4945309279678964
7,0.05,1.0,momentum,2024-06-14,0.25,0.22890601487264295
7,0.05,1.0,momentum,2024-07-17,0.25,1.118599771782125
7,0.05,1.0,momentum,2024-08-15,0.25,-0.8041493358424634
7,0.05,1.0,momentum,2024-09-16,0.25,5.6827305768967
7,0.05,1.0,momentum,2024-10-15,0.25,4.338943655035643
7,0.05,1.0,momentum,2024-11-13,0.25,-0.32997488117344487
7,0.05,1.0,momentum,2024-12-13,0.25,1.897785821998732
7,0.05,1.0,momentum,2025-01-16,0.25,3.2912668298867853
7,0.05,1.0,momentum,2025-02-18,0.25,-6.8900561551565875
7,0.05,1.0,momentum,2025-03-19,0.0,0.0
7,0.05,1.0,momentum,2025-04-17,0.0,0.0
7,0.05,1.0,momentum,2025-05-19,0.25,0.21957436573316613
7,0.05,1.0,momentum,2025-06-18,0.25,8.423140953905417
7,0.05,1.0,momentum,2025-07-21,0.25,0.5455687503938877
7,0.05,1.0,momentum,2025-08-19,0.25,9.629528063677961
7,0.05,1.0,momentum,2025-09-18,0.25,13.196859756061396
7,0.05,1.0,momentum,2025-10-17,0.25,-9.660339117774818
7,0.05,1.0,momentum,2025-11-17,0.25,2.8484327788572683
7,0.05,1.0,momentum,2025-12-17,0.25,5.533241447034487
7,0.05,1.0,momentum,2026-01-20,0.25,-7.299443440869313
7,0.05,1.0,momentum,2026-02-19,0.25,-0.4557412167946473
7,0.05,1.0,momentum,2026-03-20,0.0,0.0
7,0.05,1.0,momentum,2026-04-21,0.25,3.4246605432049826
7,0.05,1.0,momentum,2026-05-20,0.25,1.0701408936615753
7,0.05,1.0,momentum,2026-06-22,0.25,-2.99379597583711
7,0.05,1.0,momentum,2026-07-22,0.25,-1.5328158652592072
7,0.05,1.0,qqq,2016-07-12,0.25,0.8963425534710634
7,0.05,1.0,qqq,2016-08-10,0.25,-0.20433702156857914
7,0.05,1.0,qqq,2016-09-09,0.25,0.8678865028809213
7,0.05,1.0,qqq,2016-10-10,0.25,-0.8243330149077854
7,0.05,1.0,qqq,2016-11-08,0.25,0.3115383359277857
7,0.05,1.0,qqq,2016-12-08,0.25,0.5169632491938358
7,0.05,1.0,qqq,2017-01-10,0.25,0.528184564039158
7,0.05,1.0,qqq,2017-02-09,0.25,0.5585165841799578
7,0.05,1.0,qqq,2017-03-13,0.25,-0.0631648050396505
7,0.05,1.0,qqq,2017-04-11,0.25,1.0638489259672035
7,0.05,1.0,qqq,2017-05-11,0.25,0.04284795875999503
7,0.05,1.0,qqq,2017-06-12,0.25,-0.35150586038984466
7,0.05,1.0,qqq,2017-07-12,0.25,0.32227119082550715
7,0.05,1.0,qqq,2017-08-10,0.25,0.2752884295657676
7,0.05,1.0,qqq,2017-09-11,0.25,0.010611770678692345
7,0.05,1.0,qqq,2017-10-10,0.25,0.8165903199110591
7,0.05,1.0,qqq,2017-11-08,0.25,-0.12115281197707661
7,0.05,1.0,qqq,2017-12-08,0.25,1.0514015587549608
7,0.05,1.0,qqq,2018-01-10,0.25,-1.6214634285665719
7,0.05,1.0,qqq,2018-02-09,0.25,2.322095839088556
7,0.05,1.0,qqq,2018-03-13,0.25,-1.9795225647194492
7,0.05,1.0,qqq,2018-04-12,0.25,0.7533146058710027
7,0.05,1.0,qqq,2018-05-11,0.25,0.4886082978166284
7,0.05,1.0,qqq,2018-06-12,0.25,-0.15070580917867504
7,0.05,1.0,qqq,2018-07-12,0.25,0.09055192468063744
7,0.05,1.0,qqq,2018-08-10,0.25,-0.12968470207651572
7,0.05,1.0,qqq,2018-09-11,0.25,-0.6408754387316806
7,0.05,1.0,qqq,2018-10-10,0.25,0.41120731004182787
7,0.05,1.0,qqq,2018-11-08,0.25,-1.6465021932474677
7,0.05,1.0,qqq,2018-12-11,0.0,0.0
7,0.05,1.0,qqq,2019-01-11,0.0,0.0
7,0.05,1.0,qqq,2019-02-12,0.0,0.0
7,0.05,1.0,qqq,2019-03-14,0.25,0.8627790322025763
7,0.05,1.0,qqq,2019-04-12,0.25,-1.215689096118322
7,0.05,1.0,qqq,2019-05-14,0.25,0.1638746200418817
7,0.05,1.0,qqq,2019-06-13,0.25,1.3080799015544375
7,0.05,1.0,qqq,2019-07-15,0.25,-1.4690180104295236
7,0.05,1.0,qqq,2019-08-13,0.25,0.6952949787962348
7,0.05,1.0,qqq,2019-09-12,0.25,-0.747699497333687
7,0.05,1.0,qqq,2019-10-11,0.25,1.0987901333145311
7,0.05,1.0,qqq,2019-11-11,0.25,0.09212724549088058
7,0.05,1.0,qqq,2019-12-11,0.25,1.4596150453074497
7,0.05,1.0,qqq,2020-01-13,0.25,1.003151594759455
7,0.05,1.0,qqq,2020-02-12,0.25,-6.134412337272666
7,0.05,1.0,qqq,2020-03-13,0.0,0.0
7,0.05,1.0,qqq,2020-04-14,0.25,1.3706162872757055
7,0.05,1.0,qqq,2020-05-13,0.25,1.5737757436188327
7,0.05,1.0,qqq,2020-06-12,0.25,2.5783665952173074
7,0.05,1.0,qqq,2020-07-14,0.25,0.06887092482981139
7,0.05,1.0,qqq,2020-08-12,0.25,-0.2778032179077017
7,0.05,1.0,qqq,2020-09-11,0.25,0.775172615408426
7,0.05,1.0,qqq,2020-10-12,0.25,-0.9001329707153283
7,0.05,1.0,qqq,2020-11-10,0.25,1.073474026904342
7,0.05,1.0,qqq,2020-12-10,0.25,0.9179894239944586
7,0.05,1.0,qqq,2021-01-12,0.25,1.2133593691281641
7,0.05,1.0,qqq,2021-02-11,0.25,-1.602361598521962
7,0.05,1.0,qqq,2021-03-15,0.25,1.288332644604373
7,0.05,1.0,qqq,2021-04-14,0.25,-1.8950871454324059
7,0.05,1.0,qqq,2021-05-13,0.25,1.1813879391425086
7,0.05,1.0,qqq,2021-06-14,0.25,1.0954482431782209
7,0.05,1.0,qqq,2021-07-14,0.25,-0.02850654454132906
7,0.05,1.0,qqq,2021-08-12,0.25,0.33657265229498634
7,0.05,1.0,qqq,2021-09-13,0.25,-1.4980893960496955
7,0.05,1.0,qqq,2021-10-12,0.25,2.2166637501932263
7,0.05,1.0,qqq,2021-11-10,0.25,-0.17561947272578537
7,0.05,1.0,qqq,2021-12-10,0.25,-1.331125062013816
7,0.05,1.0,qqq,2022-01-11,0.25,-1.63331101023515
7,0.05,1.0,qqq,2022-02-10,0.0,0.0
7,0.05,1.0,qqq,2022-03-14,0.0,0.0
7,0.05,1.0,qqq,2022-04-12,0.0,0.0
7,0.05,1.0,qqq,2022-05-12,0.0,0.0
7,0.05,1.0,qqq,2022-06-13,0.0,0.0
7,0.05,1.0,qqq,2022-07-14,0.0,0.0
7,0.05,1.0,qqq,2022-08-12,0.0,0.0
7,0.05,1.0,qqq,2022-09-13,0.0,0.0
7,0.05,1.0,qqq,2022-10-12,0.0,0.0
7,0.05,1.0,qqq,2022-11-10,0.0,0.0
7,0.05,1.0,qqq,2022-12-12,0.0,0.0
7,0.05,1.0,qqq,2023-01-12,0.0,0.0
7,0.05,1.0,qqq,2023-02-13,0.25,-0.69983736541811
7,0.05,1.0,qqq,2023-03-15,0.25,1.5506260190974785
7,0.05,1.0,qqq,2023-04-14,0.25,0.286490103380177
7,0.05,1.0,qqq,2023-05-15,0.25,2.5751077756362317
7,0.05,1.0,qqq,2023-06-14,0.25,0.7681433105819702
7,0.05,1.0,qqq,2023-07-17,0.25,-1.0010950467558621
7,0.05,1.0,qqq,2023-08-15,0.25,0.3154485536430496
7,0.05,1.0,qqq,2023-09-14,0.25,-0.6072400152141388
7,0.05,1.0,qqq,2023-10-13,0.25,0.5458571814845437
7,0.05,1.0,qqq,2023-11-13,0.25,0.7162404710327142
7,0.05,1.0,qqq,2023-12-13,0.25,0.09434942369093147
7,0.05,1.0,qqq,2024-01-16,0.25,1.115035629566341
7,0.05,1.0,qqq,2024-02-14,0.25,0.04899588938487298
7,0.05,1.0,qqq,2024-03-15,0.25,-0.6814628740155926
7,0.05,1.0,qqq,2024-04-16,0.25,0.48445976286310977
7,0.05,1.0,qqq,2024-05-15,0.25,1.063951350985759
7,0.05,1.0,qqq,2024-06-14,0.25,0.6633666711594932
7,0.05,1.0,qqq,2024-07-17,0.25,-1.4110487833151497
7,0.05,1.0,qqq,2024-08-15,0.25,-0.10630829457994873
7,0.05,1.0,qqq,2024-09-16,0.25,0.8897864441374415
7,0.05,1.0,qqq,2024-10-15,0.25,0.8462482282381112
7,0.05,1.0,qqq,2024-11-13,0.25,0.4566817329150208
7,0.05,1.0,qqq,2024-12-13,0.25,-0.9706043767579997
7,0.05,1.0,qqq,2025-01-16,0.25,0.47553088811493893
7,0.05,1.0,qqq,2025-02-18,0.25,-3.191401760486856
7,0.05,1.0,qqq,2025-03-19,0.0,0.0
7,0.05,1.0,qqq,2025-04-17,0.0,0.0
7,0.05,1.0,qqq,2025-05-19,0.25,0.20913768656150022
7,0.05,1.0,qqq,2025-06-18,0.25,1.1291191911284804
7,0.05,1.0,qqq,2025-07-21,0.25,0.3131153326803249
7,0.05,1.0,qqq,2025-08-19,0.25,0.6949938115070387
7,0.05,1.0,qqq,2025-09-18,0.25,-0.10971522813875145
7,0.05,1.0,qqq,2025-10-17,0.25,-0.17863777536341052
7,0.05,1.0,qqq,2025-11-17,0.25,0.25195048516784
7,0.05,1.0,qqq,2025-12-17,0.25,0.24888462674332867
7,0.05,1.0,qqq,2026-01-20,0.25,-0.39820444586283754
7,0.05,1.0,qqq,2026-02-19,0.25,-0.5415874099165996
7,0.05,1.0,qqq,2026-03-20,0.0,0.0
7,0.05,1.0,qqq,2026-04-21,0.25,1.7072827832161686
7,0.05,1.0,qqq,2026-05-20,0.25,0.8554665367542125
7,0.05,1.0,qqq,2026-06-22,0.25,-0.4828725266527334
7,0.05,1.0,qqq,2026-07-22,0.25,0.5140879925616959
7,0.1,0.2,high,2016-07-12,0.5,-2.4939659636777134
7,0.1,0.2,high,2016-08-10,0.5,-1.0129861849233923
7,0.1,0.2,high,2016-09-09,0.5,1.5224775273804614
7,0.1,0.2,high,2016-10-10,0.5,-0.6178002780258818
7,0.1,0.2,high,2016-11-08,0.5,2.3842018126071007
7,0.1,0.2,high,2016-12-08,0.5,0.7968017467087751
7,0.1,0.2,high,2017-01-10,0.5,3.2796430858576198
7,0.1,0.2,high,2017-02-09,0.5,1.7674751172380931
7,0.1,0.2,high,2017-03-13,0.5,1.0214244210338563
7,0.1,0.2,high,2017-04-11,0.5,2.0518375647141207
7,0.1,0.2,high,2017-05-11,0.5,0.6556869580396363
7,0.1,0.2,high,2017-06-12,0.5,0.774850727968257
7,0.1,0.2,high,2017-07-12,0.5,0.46499827196906374
7,0.1,0.2,high,2017-08-10,0.5,0.09362788446174442
7,0.1,0.2,high,2017-09-11,0.5,1.4403390351810597
7,0.1,0.2,high,2017-10-10,0.5,-0.3818010573716335
7,0.1,0.2,high,2017-11-08,0.5,-2.2090721454557483
7,0.1,0.2,high,2017-12-08,0.5,3.0140877156469514
7,0.1,0.2,high,2018-01-10,0.5,-0.6471732989234869
7,0.1,0.2,high,2018-02-09,0.5,4.216354101697761
7,0.1,0.2,high,2018-03-13,0.5,-2.6894034819922696
7,0.1,0.2,high,2018-04-12,0.5,3.754631689774679
7,0.1,0.2,high,2018-05-11,0.5,1.322129890989987
7,0.1,0.2,high,2018-06-12,0.5,1.060120452925628
7,0.1,0.2,high,2018-07-12,0.5,0.02686205414845766
7,0.1,0.2,high,2018-08-10,0.5,6.435056113493887
7,0.1,0.2,high,2018-09-11,0.5,-1.6755403921597356
7,0.1,0.2,high,2018-10-10,0.5,0.8346193387501977
7,0.1,0.2,high,2018-11-08,0.5,0.34173535483870143
7,0.1,0.2,high,2018-12-11,0.0,0.0
7,0.1,0.2,high,2019-01-11,0.0,0.0
7,0.1,0.2,high,2019-02-12,0.0,0.0
7,0.1,0.2,high,2019-03-14,0.5,1.4540593053101736
7,0.1,0.2,high,2019-04-12,0.5,-2.737972840428038
7,0.1,0.2,high,2019-05-14,0.5,2.4312886565628578
7,0.1,0.2,high,2019-06-13,0.5,1.8388767854770727
7,0.1,0.2,high,2019-07-15,0.5,-1.658244623195071
7,0.1,0.2,high,2019-08-13,0.5,-0.8263365285691382
7,0.1,0.2,high,2019-09-12,0.5,-0.7025224158905496
7,0.1,0.2,high,2019-10-11,0.5,2.1324378819484346
7,0.1,0.2,high,2019-11-11,0.5,0.817302458045055
7,0.1,0.2,high,2019-12-11,0.5,2.3163572630942264
7,0.1,0.2,high,2020-01-13,0.5,2.2714478811014516
7,0.1,0.2,high,2020-02-12,0.5,-12.571065975676055
7,0.1,0.2,high,2020-03-13,0.0,0.0
7,0.1,0.2,high,2020-04-14,0.5,3.9972641628481798
7,0.1,0.2,high,2020-05-13,0.5,1.1376963504821314
7,0.1,0.2,high,2020-06-12,0.5,6.9852628313921805
7,0.1,0.2,high,2020-07-14,0.5,0.032919805324316265
7,0.1,0.2,high,2020-08-12,0.5,0.28459889881744527
7,0.1,0.2,high,2020-09-11,0.5,1.7741706263852297
7,0.1,0.2,high,2020-10-12,0.5,0.8818884660629189
7,0.1,0.2,high,2020-11-10,0.5,2.111514260988212
7,0.1,0.2,high,2020-12-10,0.5,9.340515352626944
7,0.1,0.2,high,2021-01-12,0.5,0.8753421333600464
7,0.1,0.2,high,2021-02-11,0.5,-0.6527058303302802
7,0.1,0.2,high,2021-03-15,0.5,-0.3950930336433456
7,0.1,0.2,high,2021-04-14,0.5,-0.4362281331471207
7,0.1,0.2,high,2021-05-13,0.5,0.8458321564480009
7,0.1,0.2,high,2021-06-14,0.5,2.9113727503360387
7,0.1,0.2,high,2021-07-14,0.5,0.48606786522886747
7,0.1,0.2,high,2021-08-12,0.5,0.60902899968589
7,0.1,0.2,high,2021-09-13,0.5,-4.252059692590226
7,0.1,0.2,high,2021-10-12,0.5,2.8386265526792576
7,0.1,0.2,high,2021-11-10,0.5,0.7456668184039783
7,0.1,0.2,high,2021-12-10,0.5,0.04746643785014104
7,0.1,0.2,high,2022-01-11,0.5,1.6261659584589472
7,0.1,0.2,high,2022-02-10,0.0,0.0
7,0.1,0.2,high,2022-03-14,0.0,0.0
7,0.1,0.2,high,2022-04-12,0.0,0.0
7,0.1,0.2,high,2022-05-12,0.0,0.0
7,0.1,0.2,high,2022-06-13,0.0,0.0
7,0.1,0.2,high,2022-07-14,0.0,0.0
7,0.1,0.2,high,2022-08-12,0.0,0.0
7,0.1,0.2,high,2022-09-13,0.0,0.0
7,0.1,0.2,high,2022-10-12,0.0,0.0
7,0.1,0.2,high,2022-11-10,0.0,0.0
7,0.1,0.2,high,2022-12-12,0.0,0.0
7,0.1,0.2,high,2023-01-12,0.0,0.0
7,0.1,0.2,high,2023-02-13,0.5,-0.3938822273673259
7,0.1,0.2,high,2023-03-15,0.5,2.73598543332374
7,0.1,0.2,high,2023-04-14,0.5,2.602809358654956
7,0.1,0.2,high,2023-05-15,0.5,1.1981252624858607
7,0.1,0.2,high,2023-06-14,0.5,1.9372117621682339
7,0.1,0.2,high,2023-07-17,0.5,-3.147869750050003
7,0.1,0.2,high,2023-08-15,0.5,1.111991928201217
7,0.1,0.2,high,2023-09-14,0.5,-1.6474632547242685
7,0.1,0.2,high,2023-10-13,0.5,-0.8403269733206931
7,0.1,0.2,high,2023-11-13,0.5,3.496533660584511
7,0.1,0.2,high,2023-12-13,0.5,0.7374846852739259
7,0.1,0.2,high,2024-01-16,0.5,4.377604803324897
7,0.1,0.2,high,2024-02-14,0.5,1.2047988423063094
7,0.1,0.2,high,2024-03-15,0.5,0.7312911715676496
7,0.1,0.2,high,2024-04-16,0.5,2.0998855148189
7,0.1,0.2,high,2024-05-15,0.5,3.2046989324040043
7,0.1,0.2,high,2024-06-14,0.5,-1.2343902440747345
7,0.1,0.2,high,2024-07-17,0.5,-1.418709669400653
7,0.1,0.2,high,2024-08-15,0.5,1.0976008360335632
7,0.1,0.2,high,2024-09-16,0.5,0.22699855626480137
7,0.1,0.2,high,2024-10-15,0.5,2.695926512095781
7,0.1,0.2,high,2024-11-13,0.5,-1.2340992594401246
7,0.1,0.2,high,2024-12-13,0.5,-0.8222297345262031
7,0.1,0.2,high,2025-01-16,0.5,1.6296709820506683
7,0.1,0.2,high,2025-02-18,0.5,-7.2786612126064965
7,0.1,0.2,high,2025-03-19,0.0,0.0
7,0.1,0.2,high,2025-04-17,0.0,0.0
7,0.1,0.2,high,2025-05-19,0.5,0.6428323294025207
7,0.1,0.2,high,2025-06-18,0.5,16.05741325325789
7,0.1,0.2,high,2025-07-21,0.5,0.7936588464981131
7,0.1,0.2,high,2025-08-19,0.5,1.0892485821728304
7,0.1,0.2,high,2025-09-18,0.5,0.19343432880176703
7,0.1,0.2,high,2025-10-17,0.5,1.7880393729361677
7,0.1,0.2,high,2025-11-17,0.5,-0.46768632949355515
7,0.1,0.2,high,2025-12-17,0.5,3.935945338226099
7,0.1,0.2,high,2026-01-20,0.5,1.5466668368018022
7,0.1,0.2,high,2026-02-19,0.5,1.0179762664605407
7,0.1,0.2,high,2026-03-20,0.0,0.0
7,0.1,0.2,high,2026-04-21,0.5,2.694662733798192
7,0.1,0.2,high,2026-05-20,0.5,2.6693243022475333
7,0.1,0.2,high,2026-06-22,0.5,-1.8856920757215012
7,0.1,0.2,high,2026-07-22,0.5,1.0767714215009772
7,0.1,0.2,momentum,2016-07-12,0.5,3.4927566665714505
7,0.1,0.2,momentum,2016-08-10,0.5,0.97850886530364
7,0.1,0.2,momentum,2016-09-09,0.5,4.385810873832741
7,0.1,0.2,momentum,2016-10-10,0.5,1.217086075116125
7,0.1,0.2,momentum,2016-11-08,0.5,9.61364857012681
7,0.1,0.2,momentum,2016-12-08,0.5,1.9005313998514684
7,0.1,0.2,momentum,2017-01-10,0.5,4.36351071068366
7,0.1,0.2,momentum,2017-02-09,0.5,-4.305530686904913
7,0.1,0.2,momentum,2017-03-13,0.5,-0.1976919360584306
7,0.1,0.2,momentum,2017-04-11,0.5,1.2560880792827245
7,0.1,0.2,momentum,2017-05-11,0.5,3.2871515432541853
7,0.1,0.2,momentum,2017-06-12,0.5,1.432000693881541
7,0.1,0.2,momentum,2017-07-12,0.5,-1.0090981936597299
7,0.1,0.2,momentum,2017-08-10,0.5,3.6825916942603065
7,0.1,0.2,momentum,2017-09-11,0.5,4.120528179885108
7,0.1,0.2,momentum,2017-10-10,0.5,5.2783412328373025
7,0.1,0.2,momentum,2017-11-08,0.5,-0.559373751337533
7,0.1,0.2,momentum,2017-12-08,0.5,3.4902757385720573
7,0.1,0.2,momentum,2018-01-10,0.5,-3.700355656902521
7,0.1,0.2,momentum,2018-02-09,0.5,11.789772412949805
7,0.1,0.2,momentum,2018-03-13,0.5,-1.9593050979559212
7,0.1,0.2,momentum,2018-04-12,0.5,3.375389753711655
7,0.1,0.2,momentum,2018-05-11,0.5,0.839266787101689
7,0.1,0.2,momentum,2018-06-12,0.5,2.2853223736546413
7,0.1,0.2,momentum,2018-07-12,0.5,-6.877050332766521
7,0.1,0.2,momentum,2018-08-10,0.5,0.10586847520424048
7,0.1,0.2,momentum,2018-09-11,0.5,-5.195055674356275
7,0.1,0.2,momentum,2018-10-10,0.5,1.6308257287830585
7,0.1,0.2,momentum,2018-11-08,0.5,-4.911677674363524
7,0.1,0.2,momentum,2018-12-11,0.0,0.0
7,0.1,0.2,momentum,2019-01-11,0.0,0.0
7,0.1,0.2,momentum,2019-02-12,0.0,0.0
7,0.1,0.2,momentum,2019-03-14,0.5,5.72974123799932
7,0.1,0.2,momentum,2019-04-12,0.5,-1.9057807524109904
7,0.1,0.2,momentum,2019-05-14,0.5,6.5609216798731
7,0.1,0.2,momentum,2019-06-13,0.5,1.886048418630426
7,0.1,0.2,momentum,2019-07-15,0.5,3.76643627177764
7,0.1,0.2,momentum,2019-08-13,0.5,-7.993015486630394
7,0.1,0.2,momentum,2019-09-12,0.5,4.020292793330182
7,0.1,0.2,momentum,2019-10-11,0.5,-4.835387525972545
7,0.1,0.2,momentum,2019-11-11,0.5,2.6949070421311117
7,0.1,0.2,momentum,2019-12-11,0.5,6.463834471886054
7,0.1,0.2,momentum,2020-01-13,0.5,5.340646157329498
7,0.1,0.2,momentum,2020-02-12,0.5,-12.339110621075843
7,0.1,0.2,momentum,2020-03-13,0.0,0.0
7,0.1,0.2,momentum,2020-04-14,0.5,9.629986783932253
7,0.1,0.2,momentum,2020-05-13,0.5,4.635272789886957
7,0.1,0.2,momentum,2020-06-12,0.5,10.931175626395028
7,0.1,0.2,momentum,2020-07-14,0.5,0.8689484697801841
7,0.1,0.2,momentum,2020-08-12,0.5,1.8546261889152982
7,0.1,0.2,momentum,2020-09-11,0.5,18.593599158832653
7,0.1,0.2,momentum,2020-10-12,0.5,0.18106287052805925
7,0.1,0.2,momentum,2020-11-10,0.5,20.711852150816657
7,0.1,0.2,momentum,2020-12-10,0.5,13.401727142495613
7,0.1,0.2,momentum,2021-01-12,0.5,8.959524595113887
7,0.1,0.2,momentum,2021-02-11,0.5,-10.236707189122962
7,0.1,0.2,momentum,2021-03-15,0.5,0.14030931746598085
7,0.1,0.2,momentum,2021-04-14,0.5,-12.992185727475903
7,0.1,0.2,momentum,2021-05-13,0.5,9.945060268758166
7,0.1,0.2,momentum,2021-06-14,0.5,3.3414132171028177
7,0.1,0.2,momentum,2021-07-14,0.5,9.349211839599825
7,0.1,0.2,momentum,2021-08-12,0.5,-0.7156336708683653
7,0.1,0.2,momentum,2021-09-13,0.5,-3.233922545864265
7,0.1,0.2,momentum,2021-10-12,0.5,10.140351452683372
7,0.1,0.2,momentum,2021-11-10,0.5,-10.127726290621508
7,0.1,0.2,momentum,2021-12-10,0.5,-2.202207225889652
7,0.1,0.2,momentum,2022-01-11,0.5,-5.57231786929171
7,0.1,0.2,momentum,2022-02-10,0.0,0.0
7,0.1,0.2,momentum,2022-03-14,0.0,0.0
7,0.1,0.2,momentum,2022-04-12,0.0,0.0
7,0.1,0.2,momentum,2022-05-12,0.0,0.0
7,0.1,0.2,momentum,2022-06-13,0.0,0.0
7,0.1,0.2,momentum,2022-07-14,0.0,0.0
7,0.1,0.2,momentum,2022-08-12,0.0,0.0
7,0.1,0.2,momentum,2022-09-13,0.0,0.0
7,0.1,0.2,momentum,2022-10-12,0.0,0.0
7,0.1,0.2,momentum,2022-11-10,0.0,0.0
7,0.1,0.2,momentum,2022-12-12,0.0,0.0
7,0.1,0.2,momentum,2023-01-12,0.0,0.0
7,0.1,0.2,momentum,2023-02-13,0.5,2.284006910750769
7,0.1,0.2,momentum,2023-03-15,0.5,2.47506935610331
7,0.1,0.2,momentum,2023-04-14,0.5,0.3345456120296131
7,0.1,0.2,momentum,2023-05-15,0.5,3.323641227164753
7,0.1,0.2,momentum,2023-06-14,0.5,6.344790292471036
7,0.1,0.2,momentum,2023-07-17,0.5,-0.1507927776304374
7,0.1,0.2,momentum,2023-08-15,0.5,0.4218741291910577
7,0.1,0.2,momentum,2023-09-14,0.5,1.7263339205314754
7,0.1,0.2,momentum,2023-10-13,0.5,-2.9543807959780177
7,0.1,0.2,momentum,2023-11-13,0.5,5.451385806169506
7,0.1,0.2,momentum,2023-12-13,0.5,0.007501316408298209
7,0.1,0.2,momentum,2024-01-16,0.5,11.34614827587832
7,0.1,0.2,momentum,2024-02-14,0.5,6.398342675912128
7,0.1,0.2,momentum,2024-03-15,0.5,-4.284510595958402
7,0.1,0.2,momentum,2024-04-16,0.5,1.311777423958782
7,0.1,0.2,momentum,2024-05-15,0.5,3.414678947233951
7,0.1,0.2,momentum,2024-06-14,0.5,0.8630976950728897
7,0.1,0.2,momentum,2024-07-17,0.5,2.656777549827871
7,0.1,0.2,momentum,2024-08-15,0.5,-1.2196083563454696
7,0.1,0.2,momentum,2024-09-16,0.5,11.858358898491295
7,0.1,0.2,momentum,2024-10-15,0.5,9.149198007896665
7,0.1,0.2,momentum,2024-11-13,0.5,-0.2636421484519924
7,0.1,0.2,momentum,2024-12-13,0.5,4.22766675808135
7,0.1,0.2,momentum,2025-01-16,0.5,7.037014123308216
7,0.1,0.2,momentum,2025-02-18,0.5,-13.489188057161815
7,0.1,0.2,momentum,2025-03-19,0.0,0.0
7,0.1,0.2,momentum,2025-04-17,0.0,0.0
7,0.1,0.2,momentum,2025-05-19,0.5,0.8442844900311108
7,0.1,0.2,momentum,2025-06-18,0.5,17.383202530165853
7,0.1,0.2,momentum,2025-07-21,0.5,1.5015101432270361
7,0.1,0.2,momentum,2025-08-19,0.5,19.815356559605956
7,0.1,0.2,momentum,2025-09-18,0.5,27.007326765268623
7,0.1,0.2,momentum,2025-10-17,0.5,-19.074256743357797
7,0.1,0.2,momentum,2025-11-17,0.5,6.144232185520582
7,0.1,0.2,momentum,2025-12-17,0.5,11.556979194906368
7,0.1,0.2,momentum,2026-01-20,0.5,-14.314539164183737
7,0.1,0.2,momentum,2026-02-19,0.5,-0.5171951725776669
7,0.1,0.2,momentum,2026-03-20,0.0,0.0
7,0.1,0.2,momentum,2026-04-21,0.5,7.305944431598732
7,0.1,0.2,momentum,2026-05-20,0.5,2.559081333805402
7,0.1,0.2,momentum,2026-06-22,0.5,-5.634076859342807
7,0.1,0.2,momentum,2026-07-22,0.5,-2.688646960358043
7,0.1,0.2,qqq,2016-07-12,0.5,2.208692698200676
7,0.1,0.2,qqq,2016-08-10,0.5,-0.010348140241145387
7,0.1,0.2,qqq,2016-09-09,0.5,2.1513234694148897
7,0.1,0.2,qqq,2016-10-10,0.5,-1.2602999519120917
7,0.1,0.2,qqq,2016-11-08,0.5,1.0296897706912445
7,0.1,0.2,qqq,2016-12-08,0.5,1.4438396123963804
7,0.1,0.2,qqq,2017-01-10,0.5,1.4664625050778257
7,0.1,0.2,qqq,2017-02-09,0.5,1.527613809173256
7,0.1,0.2,qqq,2017-03-13,0.5,0.27426413097297875
7,0.1,0.2,qqq,2017-04-11,0.5,2.546396322122968
7,0.1,0.2,qqq,2017-05-11,0.5,0.4879926834075565
7,0.1,0.2,qqq,2017-06-12,0.5,-0.3070499878053523
7,0.1,0.2,qqq,2017-07-12,0.5,1.0513278966920003
7,0.1,0.2,qqq,2017-08-10,0.5,0.956607627230821
7,0.1,0.2,qqq,2017-09-11,0.5,0.4230024542343003
7,0.1,0.2,qqq,2017-10-10,0.5,2.0479070642706043
7,0.1,0.2,qqq,2017-11-08,0.5,0.1573565781737285
7,0.1,0.2,qqq,2017-12-08,0.5,2.5213016289884704
7,0.1,0.2,qqq,2018-01-10,0.5,-2.867366151363604
7,0.1,0.2,qqq,2018-02-09,0.5,5.083103051653293
7,0.1,0.2,qqq,2018-03-13,0.5,-3.589236406539198
7,0.1,0.2,qqq,2018-04-12,0.5,1.920339153753714
7,0.1,0.2,qqq,2018-05-11,0.5,1.3866742061283244
7,0.1,0.2,qqq,2018-06-12,0.5,0.09777583444425808
7,0.1,0.2,qqq,2018-07-12,0.5,0.5841669478656941
7,0.1,0.2,qqq,2018-08-10,0.5,0.1401557388113206
7,0.1,0.2,qqq,2018-09-11,0.5,-0.8904376751076359
7,0.1,0.2,qqq,2018-10-10,0.5,1.2306288349749783
7,0.1,0.2,qqq,2018-11-08,0.5,-2.917845911896122
7,0.1,0.2,qqq,2018-12-11,0.0,0.0
7,0.1,0.2,qqq,2019-01-11,0.0,0.0
7,0.1,0.2,qqq,2019-02-12,0.0,0.0
7,0.1,0.2,qqq,2019-03-14,0.5,2.1410264799245793
7,0.1,0.2,qqq,2019-04-12,0.5,-2.0492989905718573
7,0.1,0.2,qqq,2019-05-14,0.5,0.7319902191255112
7,0.1,0.2,qqq,2019-06-13,0.5,3.0387816821593416
7,0.1,0.2,qqq,2019-07-15,0.5,-2.560026380415936
7,0.1,0.2,qqq,2019-08-13,0.5,1.8033678527232144
7,0.1,0.2,qqq,2019-09-12,0.5,-1.1058018500605615
7,0.1,0.2,qqq,2019-10-11,0.5,2.616840044171176
7,0.1,0.2,qqq,2019-11-11,0.5,0.5873428959715987
7,0.1,0.2,qqq,2019-12-11,0.5,3.3442862813838348
7,0.1,0.2,qqq,2020-01-13,0.5,2.424026597283113
7,0.1,0.2,qqq,2020-02-12,0.5,-11.96576150394344
7,0.1,0.2,qqq,2020-03-13,0.0,0.0
7,0.1,0.2,qqq,2020-04-14,0.5,3.164859059218883
7,0.1,0.2,qqq,2020-05-13,0.5,3.5744415940132113
7,0.1,0.2,qqq,2020-06-12,0.5,5.599761383872837
7,0.1,0.2,qqq,2020-07-14,0.5,0.5404566572613234
7,0.1,0.2,qqq,2020-08-12,0.5,-0.1584607187048892
7,0.1,0.2,qqq,2020-09-11,0.5,1.964406307274591
7,0.1,0.2,qqq,2020-10-12,0.5,-1.4131175396128182
7,0.1,0.2,qqq,2020-11-10,0.5,2.5658011448688622
7,0.1,0.2,qqq,2020-12-10,0.5,2.252334181885085
7,0.1,0.2,qqq,2021-01-12,0.5,2.8478189946893995
7,0.1,0.2,qqq,2021-02-11,0.5,-2.8288556330263837
7,0.1,0.2,qqq,2021-03-15,0.5,2.9989699416554494
7,0.1,0.2,qqq,2021-04-14,0.5,-3.419009168878173
7,0.1,0.2,qqq,2021-05-13,0.5,2.7833625348709257
7,0.1,0.2,qqq,2021-06-14,0.5,2.6101025786469334
7,0.1,0.2,qqq,2021-07-14,0.5,0.3441374139694142
7,0.1,0.2,qqq,2021-08-12,0.5,1.080160563137178
7,0.1,0.2,qqq,2021-09-13,0.5,-2.618636164211474
7,0.1,0.2,qqq,2021-10-12,0.5,4.870545177185126
7,0.1,0.2,qqq,2021-11-10,0.5,0.047548285846166216
7,0.1,0.2,qqq,2021-12-10,0.5,-2.2820253246985445
7,0.1,0.2,qqq,2022-01-11,0.5,-2.8912516382532893
7,0.1,0.2,qqq,2022-02-10,0.0,0.0
7,0.1,0.2,qqq,2022-03-14,0.0,0.0
7,0.1,0.2,qqq,2022-04-12,0.0,0.0
7,0.1,0.2,qqq,2022-05-12,0.0,0.0
7,0.1,0.2,qqq,2022-06-13,0.0,0.0
7,0.1,0.2,qqq,2022-07-14,0.0,0.0
7,0.1,0.2,qqq,2022-08-12,0.0,0.0
7,0.1,0.2,qqq,2022-09-13,0.0,0.0
7,0.1,0.2,qqq,2022-10-12,0.0,0.0
7,0.1,0.2,qqq,2022-11-10,0.0,0.0
7,0.1,0.2,qqq,2022-12-12,0.0,0.0
7,0.1,0.2,qqq,2023-01-12,0.0,0.0
7,0.1,0.2,qqq,2023-02-13,0.5,-1.0093087127805989
7,0.1,0.2,qqq,2023-03-15,0.5,3.527770259978702
7,0.1,0.2,qqq,2023-04-14,0.5,0.9791909223303197
7,0.1,0.2,qqq,2023-05-15,0.5,5.593191393932506
7,0.1,0.2,qqq,2023-06-14,0.5,1.9502347764953631
7,0.1,0.2,qqq,2023-07-17,0.5,-1.6166635805755059
7,0.1,0.2,qqq,2023-08-15,0.5,1.037573021179572
7,0.1,0.2,qqq,2023-09-14,0.5,-0.822626497271417
7,0.1,0.2,qqq,2023-10-13,0.5,1.5020916388627903
7,0.1,0.2,qqq,2023-11-13,0.5,1.8455953126561786
7,0.1,0.2,qqq,2023-12-13,0.5,0.5918229501926442
7,0.1,0.2,qqq,2024-01-16,0.5,2.6495920098122294
7,0.1,0.2,qqq,2024-02-14,0.5,0.5003873070908549
7,0.1,0.2,qqq,2024-03-15,0.5,-0.9722645559410936
7,0.1,0.2,qqq,2024-04-16,0.5,1.378310492754986
7,0.1,0.2,qqq,2024-05-15,0.5,2.546602817550192
7,0.1,0.2,qqq,2024-06-14,0.5,1.7389983303345513
7,0.1,0.2,qqq,2024-07-17,0.5,-2.4431566889482226
7,0.1,0.2,qqq,2024-08-15,0.5,0.18728408030805888
7,0.1,0.2,qqq,2024-09-16,0.5,2.1954751599792655
7,0.1,0.2,qqq,2024-10-15,0.5,2.1076993155787482
7,0.1,0.2,qqq,2024-11-13,0.5,1.3223081972058237
7,0.1,0.2,qqq,2024-12-13,0.5,-1.5551924281610674
7,0.1,0.2,qqq,2025-01-16,0.5,1.3603093067996674
7,0.1,0.2,qqq,2025-02-18,0.5,-6.032462834692954
7,0.1,0.2,qqq,2025-03-19,0.0,0.0
7,0.1,0.2,qqq,2025-04-17,0.0,0.0
7,0.1,0.2,qqq,2025-05-19,0.5,0.8232434733493665
7,0.1,0.2,qqq,2025-06-18,0.5,2.6779853760250827
7,0.1,0.2,qqq,2025-07-21,0.5,1.0328690976046717
7,0.1,0.2,qqq,2025-08-19,0.5,1.8027606800918194
7,0.1,0.2,qqq,2025-09-18,0.5,0.18041548305935962
7,0.1,0.2,qqq,2025-10-17,0.5,0.04146319353812711
7,0.1,0.2,qqq,2025-11-17,0.5,0.9095568298155721
7,0.1,0.2,qqq,2025-12-17,0.5,0.9033758619815702
7,0.1,0.2,qqq,2026-01-20,0.5,-0.4011973405971925
7,0.1,0.2,qqq,2026-02-19,0.5,-0.6902666210557462
7,0.1,0.2,qqq,2026-03-20,0.0,0.0
7,0.1,0.2,qqq,2026-04-21,0.5,3.8436003753735903
7,0.1,0.2,qqq,2026-05-20,0.5,2.12628401863173
7,0.1,0.2,qqq,2026-06-22,0.5,-0.5718936388169005
7,0.1,0.2,qqq,2026-07-22,0.5,1.4380429100386838
7,0.1,0.5,high,2016-07-12,0.5,-2.636270964048626
7,0.1,0.5,high,2016-08-10,0.5,-1.1597274812773395
7,0.1,0.5,high,2016-09-09,0.5,1.3681412134284532
7,0.1,0.5,high,2016-10-10,0.5,-0.7657253593824631
7,0.1,0.5,high,2016-11-08,0.5,2.2272841913071773
7,0.1,0.5,high,2016-12-08,0.5,0.6446392048750527
7,0.1,0.5,high,2017-01-10,0.5,3.120043157492769
7,0.1,0.5,high,2017-02-09,0.5,1.6124049095224358
7,0.1,0.5,high,2017-03-13,0.5,0.8685890187855927
7,0.1,0.5,high,2017-04-11,0.5,1.8959155452441312
7,0.1,0.5,high,2017-05-11,0.5,0.5039471275616325
7,0.1,0.5,high,2017-06-12,0.5,0.6227539407232419
7,0.1,0.5,high,2017-07-12,0.5,0.31382965216131264
7,0.1,0.5,high,2017-08-10,0.5,-0.05642829007028727
7,0.1,0.5,high,2017-09-11,0.5,1.286248768250231
7,0.1,0.5,high,2017-10-10,0.5,-0.5304330777490263
7,0.1,0.5,high,2017-11-08,0.5,-2.3522305493096196
7,0.1,0.5,high,2017-12-08,0.5,2.855283262169084
7,0.1,0.5,high,2018-01-10,0.5,-0.7950103929783792
7,0.1,0.5,high,2018-02-09,0.5,4.053948242167316
7,0.1,0.5,high,2018-03-13,0.5,-2.8311230464984516
7,0.1,0.5,high,2018-04-12,0.5,3.5936089262936566
7,0.1,0.5,high,2018-05-11,0.5,1.1683937212312312
7,0.1,0.5,high,2018-06-12,0.5,0.907169136163688
7,0.1,0.5,high,2018-07-12,0.5,-0.12299412238960805
7,0.1,0.5,high,2018-08-10,0.5,6.26600410054281
7,0.1,0.5,high,2018-09-11,0.5,-1.8202969979660644
7,0.1,0.5,high,2018-10-10,0.5,0.6823435137818468
7,0.1,0.5,high,2018-11-08,0.5,0.19093597085169112
7,0.1,0.5,high,2018-12-11,0.0,0.0
7,0.1,0.5,high,2019-01-11,0.0,0.0
7,0.1,0.5,high,2019-02-12,0.0,0.0
7,0.1,0.5,high,2019-03-14,0.5,1.299927939115153
7,0.1,0.5,high,2019-04-12,0.5,-2.8795469147304797
7,0.1,0.5,high,2019-05-14,0.5,2.274229985952414
7,0.1,0.5,high,2019-06-13,0.5,1.6835926930490297
7,0.1,0.5,high,2019-07-15,0.5,-1.8030530387232568
7,0.1,0.5,high,2019-08-13,0.5,-0.9736369366223685
7,0.1,0.5,high,2019-09-12,0.5,-0.8501937108786439
7,0.1,0.5,high,2019-10-11,0.5,1.9762744230822138
7,0.1,0.5,high,2019-11-11,0.5,0.6650785060390518
7,0.1,0.5,high,2019-12-11,0.5,2.159642871106926
7,0.1,0.5,high,2020-01-13,0.5,2.114868015806426
7,0.1,0.5,high,2020-02-12,0.5,-12.683184879690257
7,0.1,0.5,high,2020-03-13,0.0,0.0
7,0.1,0.5,high,2020-04-14,0.5,3.83551459034448
7,0.1,0.5,high,2020-05-13,0.5,0.9845126540161342
7,0.1,0.5,high,2020-06-12,0.5,6.8145626663951075
7,0.1,0.5,high,2020-07-14,0.5,-0.11695451729356598
7,0.1,0.5,high,2020-08-12,0.5,0.1339706678967767
7,0.1,0.5,high,2020-09-11,0.5,1.619080362176728
7,0.1,0.5,high,2020-10-12,0.5,0.7294710457516507
7,0.1,0.5,high,2020-11-10,0.5,1.955413479126089
7,0.1,0.5,high,2020-12-10,0.5,9.162759995216764
7,0.1,0.5,high,2021-01-12,0.5,0.7229443226814514
7,0.1,0.5,high,2021-02-11,0.5,-0.8005263516086769
7,0.1,0.5,high,2021-03-15,0.5,-0.5436852377168067
7,0.1,0.5,high,2021-04-14,0.5,-0.5846971164451986
7,0.1,0.5,high,2021-05-13,0.5,0.6935227433247926
7,0.1,0.5,high,2021-06-14,0.5,2.7528759809970937
7,0.1,0.5,high,2021-07-14,0.5,0.3348361311549475
7,0.1,0.5,high,2021-08-12,0.5,0.45742893378553084
7,0.1,0.5,high,2021-09-13,0.5,-4.3890982982005555
7,0.1,0.5,high,2021-10-12,0.5,2.680347695609697
7,0.1,0.5,high,2021-11-10,0.5,0.5936574519749938
7,0.1,0.5,high,2021-12-10,0.5,-0.10245145941224498
7,0.1,0.5,high,2022-01-11,0.5,1.471519044337466
7,0.1,0.5,high,2022-02-10,0.0,0.0
7,0.1,0.5,high,2022-03-14,0.0,0.0
7,0.1,0.5,high,2022-04-12,0.0,0.0
7,0.1,0.5,high,2022-05-12,0.0,0.0
7,0.1,0.5,high,2022-06-13,0.0,0.0
7,0.1,0.5,high,2022-07-14,0.0,0.0
7,0.1,0.5,high,2022-08-12,0.0,0.0
7,0.1,0.5,high,2022-09-13,0.0,0.0
7,0.1,0.5,high,2022-10-12,0.0,0.0
7,0.1,0.5,high,2022-11-10,0.0,0.0
7,0.1,0.5,high,2022-12-12,0.0,0.0
7,0.1,0.5,high,2023-01-12,0.0,0.0
7,0.1,0.5,high,2023-02-13,0.5,-0.5424780584282085
7,0.1,0.5,high,2023-03-15,0.5,2.5780140391864936
7,0.1,0.5,high,2023-04-14,0.5,2.4452368953427728
7,0.1,0.5,high,2023-05-15,0.5,1.0447605503548063
7,0.1,0.5,high,2023-06-14,0.5,1.7816331059194557
7,0.1,0.5,high,2023-07-17,0.5,-3.288215972331987
7,0.1,0.5,high,2023-08-15,0.5,0.958885229697648
7,0.1,0.5,high,2023-09-14,0.5,-1.792303965994968
7,0.1,0.5,high,2023-10-13,0.5,-0.9875854727977584
7,0.1,0.5,high,2023-11-13,0.5,3.3362840334194344
7,0.1,0.5,high,2023-12-13,0.5,0.5854998285410806
7,0.1,0.5,high,2024-01-16,0.5,4.214715915025158
7,0.1,0.5,high,2024-02-14,0.5,1.05141413937202
7,0.1,0.5,high,2024-03-15,0.5,0.579324867593134
7,0.1,0.5,high,2024-04-16,0.5,1.9438195670312686
7,0.1,0.5,high,2024-05-15,0.5,3.0453235003163437
7,0.1,0.5,high,2024-06-14,0.5,-1.3804683214216684
7,0.1,0.5,high,2024-07-17,0.5,-1.5642356152884784
7,0.1,0.5,high,2024-08-15,0.5,0.9445372462511648
7,0.1,0.5,high,2024-09-16,0.5,0.07654286798917109
7,0.1,0.5,high,2024-10-15,0.5,2.5380751150265946
7,0.1,0.5,high,2024-11-13,0.5,-1.3801782084356895
7,0.1,0.5,high,2024-12-13,0.5,-0.969542444539373
7,0.1,0.5,high,2025-01-16,0.5,1.4750135685811738
7,0.1,0.5,high,2025-02-18,0.5,-7.406633590333045
7,0.1,0.5,high,2025-03-19,0.0,0.0
7,0.1,0.5,high,2025-04-17,0.0,0.0
7,0.1,0.5,high,2025-05-19,0.5,0.4911310051473494
7,0.1,0.5,high,2025-06-18,0.5,15.859537332689143
7,0.1,0.5,high,2025-07-21,0.5,0.6415057192666218
7,0.1,0.5,high,2025-08-19,0.5,0.9362100116856009
7,0.1,0.5,high,2025-09-18,0.5,0.0430791826467436
7,0.1,0.5,high,2025-10-17,0.5,1.6329075647002034
7,0.1,0.5,high,2025-11-17,0.5,-0.6160610793172205
7,0.1,0.5,high,2025-12-17,0.5,3.7743794471333247
7,0.1,0.5,high,2026-01-20,0.5,1.3922580634295079
7,0.1,0.5,high,2026-02-19,0.5,0.8651511932083356
7,0.1,0.5,high,2026-03-20,0.0,0.0
7,0.1,0.5,high,2026-04-21,0.5,2.536815122394853
7,0.1,0.5,high,2026-05-20,0.5,2.5115525924761517
7,0.1,0.5,high,2026-06-22,0.5,-2.029819169171887
7,0.1,0.5,high,2026-07-22,0.5,0.923770226525944
7,0.1,0.5,momentum,2016-07-12,0.5,3.332518353445657
7,0.1,0.5,momentum,2016-08-10,0.5,0.8258020172127178
7,0.1,0.5,momentum,2016-09-09,0.5,4.222897404132109
7,0.1,0.5,momentum,2016-10-10,0.5,1.0636645656012744
7,0.1,0.5,momentum,2016-11-08,0.5,9.435075038280383
7,0.1,0.5,momentum,2016-12-08,0.5,1.7450626201495067
7,0.1,0.5,momentum,2017-01-10,0.5,4.200664041438795
7,0.1,0.5,momentum,2017-02-09,0.5,-4.4424091193915665
7,0.1,0.5,momentum,2017-03-13,0.5,-0.3468754579262767
7,0.1,0.5,momentum,2017-04-11,0.5,1.1025497387098904
7,0.1,0.5,momentum,2017-05-11,0.5,3.127529123198469
7,0.1,0.5,momentum,2017-06-12,0.5,1.2779354045706182
7,0.1,0.5,momentum,2017-07-12,0.5,-1.1558511365467816
7,0.1,0.5,momentum,2017-08-10,0.5,3.5217847276100667
7,0.1,0.5,momentum,2017-09-11,0.5,3.958409368265836
7,0.1,0.5,momentum,2017-10-10,0.5,5.112754175756784
7,0.1,0.5,momentum,2017-11-08,0.5,-0.7074738501854916
7,0.1,0.5,momentum,2017-12-08,0.5,3.330044857101333
7,0.1,0.5,momentum,2018-01-10,0.5,-3.839046899795573
7,0.1,0.5,momentum,2018-02-09,0.5,11.604680271193214
7,0.1,0.5,momentum,2018-03-13,0.5,-2.10321168255162
7,0.1,0.5,momentum,2018-04-12,0.5,3.2155030148419916
7,0.1,0.5,momentum,2018-05-11,0.5,0.6869770406356945
7,0.1,0.5,momentum,2018-06-12,0.5,2.1287009471199214
7,0.1,0.5,momentum,2018-07-12,0.5,-7.00622574159352
7,0.1,0.5,momentum,2018-08-10,0.5,-0.04422436619138104
7,0.1,0.5,momentum,2018-09-11,0.5,-5.329269522096225
7,0.1,0.5,momentum,2018-10-10,0.5,1.4761648562533036
7,0.1,0.5,momentum,2018-11-08,0.5,-5.046740384931359
7,0.1,0.5,momentum,2018-12-11,0.0,0.0
7,0.1,0.5,momentum,2019-01-11,0.0,0.0
7,0.1,0.5,momentum,2019-02-12,0.0,0.0
7,0.1,0.5,momentum,2019-03-14,0.5,5.562802005785539
7,0.1,0.5,momentum,2019-04-12,0.5,-2.04984766994476
7,0.1,0.5,momentum,2019-05-14,0.5,6.391492634828433
7,0.1,0.5,momentum,2019-06-13,0.5,1.7306230229046093
7,0.1,0.5,momentum,2019-07-15,0.5,3.605378147503413
7,0.1,0.5,momentum,2019-08-13,0.5,-8.11884800597279
7,0.1,0.5,momentum,2019-09-12,0.5,3.85847423823642
7,0.1,0.5,momentum,2019-10-11,0.5,-4.970678764764536
7,0.1,0.5,momentum,2019-11-11,0.5,2.5370586988986865
7,0.1,0.5,momentum,2019-12-11,0.5,6.294696252953225
7,0.1,0.5,momentum,2020-01-13,0.5,5.174872464961844
7,0.1,0.5,momentum,2020-02-12,0.5,-12.451924350652577
7,0.1,0.5,momentum,2020-03-13,0.0,0.0
7,0.1,0.5,momentum,2020-04-14,0.5,9.451364310734078
7,0.1,0.5,momentum,2020-05-13,0.5,4.471612053470109
7,0.1,0.5,momentum,2020-06-12,0.5,10.74865542351966
7,0.1,0.5,momentum,2020-07-14,0.5,0.7165698114117269
7,0.1,0.5,momentum,2020-08-12,0.5,1.6992949189253759
7,0.1,0.5,momentum,2020-09-11,0.5,18.38812605732567
7,0.1,0.5,momentum,2020-10-12,0.5,0.030744783252156793
7,0.1,0.5,momentum,2020-11-10,0.5,20.500033792355964
7,0.1,0.5,momentum,2020-12-10,0.5,13.211806367428757
7,0.1,0.5,momentum,2021-01-12,0.5,8.782910500934605
7,0.1,0.5,momentum,2021-02-11,0.5,-10.35581869807094
7,0.1,0.5,momentum,2021-03-15,0.5,-0.009886691962290861
7,0.1,0.5,momentum,2021-04-14,0.5,-13.103043161286354
7,0.1,0.5,momentum,2021-05-13,0.5,9.765493988456653
7,0.1,0.5,momentum,2021-06-14,0.5,3.181628255431601
7,0.1,0.5,momentum,2021-07-14,0.5,9.17143043173927
7,0.1,0.5,momentum,2021-08-12,0.5,-0.8632656909057568
7,0.1,0.5,momentum,2021-09-13,0.5,-3.374010995772936
7,0.1,0.5,momentum,2021-10-12,0.5,9.960200174863854
7,0.1,0.5,momentum,2021-11-10,0.5,-10.247164253400376
7,0.1,0.5,momentum,2021-12-10,0.5,-2.345386193707677
7,0.1,0.5,momentum,2022-01-11,0.5,-5.705401622763018
7,0.1,0.5,momentum,2022-02-10,0.0,0.0
7,0.1,0.5,momentum,2022-03-14,0.0,0.0
7,0.1,0.5,momentum,2022-04-12,0.0,0.0
7,0.1,0.5,momentum,2022-05-12,0.0,0.0
7,0.1,0.5,momentum,2022-06-13,0.0,0.0
7,0.1,0.5,momentum,2022-07-14,0.0,0.0
7,0.1,0.5,momentum,2022-08-12,0.0,0.0
7,0.1,0.5,momentum,2022-09-13,0.0,0.0
7,0.1,0.5,momentum,2022-10-12,0.0,0.0
7,0.1,0.5,momentum,2022-11-10,0.0,0.0
7,0.1,0.5,momentum,2022-12-12,0.0,0.0
7,0.1,0.5,momentum,2023-01-12,0.0,0.0
7,0.1,0.5,momentum,2023-02-13,0.5,2.127389424703874
7,0.1,0.5,momentum,2023-03-15,0.5,2.3178795397849505
7,0.1,0.5,momentum,2023-04-14,0.5,0.18376776501942693
7,0.1,0.5,momentum,2023-05-15,0.5,3.1639095017420793
7,0.1,0.5,momentum,2023-06-14,0.5,6.176008672070177
7,0.1,0.5,momentum,2023-07-17,0.5,-0.3001167865941179
7,0.1,0.5,momentum,2023-08-15,0.5,0.27083468836610614
7,0.1,0.5,momentum,2023-09-14,0.5,1.571386951855458
7,0.1,0.5,momentum,2023-10-13,0.5,-3.095306617172855
7,0.1,0.5,momentum,2023-11-13,0.5,5.285280391609315
7,0.1,0.5,momentum,2023-12-13,0.5,-0.14229686476461278
7,0.1,0.5,momentum,2024-01-16,0.5,11.162385016531552
7,0.1,0.5,momentum,2024-02-14,0.5,6.229400638585281
7,0.1,0.5,momentum,2024-03-15,0.5,-4.421451994426306
7,0.1,0.5,momentum,2024-04-16,0.5,1.1580722651622022
7,0.1,0.5,momentum,2024-05-15,0.5,3.254674517026479
7,0.1,0.5,momentum,2024-06-14,0.5,0.7107365627832651
7,0.1,0.5,momentum,2024-07-17,0.5,2.499043424031777
7,0.1,0.5,momentum,2024-08-15,0.5,-1.365730713047264
7,0.1,0.5,momentum,2024-09-16,0.5,11.673061304942145
7,0.1,0.5,momentum,2024-10-15,0.5,8.972015744312678
7,0.1,0.5,momentum,2024-11-13,0.5,-0.41262811552095213
7,0.1,0.5,momentum,2024-12-13,0.5,4.065227011327854
7,0.1,0.5,momentum,2025-01-16,0.5,6.866158936580424
7,0.1,0.5,momentum,2025-02-18,0.5,-13.598556713427568
7,0.1,0.5,momentum,2025-03-19,0.0,0.0
7,0.1,0.5,momentum,2025-04-17,0.0,0.0
7,0.1,0.5,momentum,2025-05-19,0.5,0.6919797129646632
7,0.1,0.5,momentum,2025-06-18,0.5,17.181355188968794
7,0.1,0.5,momentum,2025-07-21,0.5,1.347236637372351
7,0.1,0.5,momentum,2025-08-19,0.5,19.60622366643465
7,0.1,0.5,momentum,2025-09-18,0.5,26.776650223094723
7,0.1,0.5,momentum,2025-10-17,0.5,-19.166895246968572
7,0.1,0.5,momentum,2025-11-17,0.5,5.976051339780519
7,0.1,0.5,momentum,2025-12-17,0.5,11.37258438854416
7,0.1,0.5,momentum,2026-01-20,0.5,-14.42143546947402
7,0.1,0.5,momentum,2026-02-19,0.5,-0.6654216179579842
7,0.1,0.5,momentum,2026-03-20,0.0,0.0
7,0.1,0.5,momentum,2026-04-21,0.5,7.134283660308949
7,0.1,0.5,momentum,2026-05-20,0.5,2.4016398584133736
7,0.1,0.5,momentum,2026-06-22,0.5,-5.766975612881353
7,0.1,0.5,momentum,2026-07-22,0.5,-2.8303687910355424
7,0.1,0.5,qqq,2016-07-12,0.5,2.0523008169482493
7,0.1,0.5,qqq,2016-08-10,0.5,-0.1600928531129031
7,0.1,0.5,qqq,2016-09-09,0.5,1.995103438502932
7,0.1,0.5,qqq,2016-10-10,0.5,-1.4063004163608395
7,0.1,0.5,qqq,2016-11-08,0.5,0.8768296094705974
7,0.1,0.5,qqq,2016-12-08,0.5,1.289738859436751
7,0.1,0.5,qqq,2017-01-10,0.5,1.3122939849215642
7,0.1,0.5,qqq,2017-02-09,0.5,1.3732621094161068
7,0.1,0.5,qqq,2017-03-13,0.5,0.12366685799631849
7,0.1,0.5,qqq,2017-04-11,0.5,2.38899284486378
7,0.1,0.5,qqq,2017-05-11,0.5,0.33675518351341527
7,0.1,0.5,qqq,2017-06-12,0.5,-0.45590592607439584
7,0.1,0.5,qqq,2017-07-12,0.5,0.8984029181572595
7,0.1,0.5,qqq,2017-08-10,0.5,0.8039663846099554
7,0.1,0.5,qqq,2017-09-11,0.5,0.2719596334956442
7,0.1,0.5,qqq,2017-10-10,0.5,1.8919968186705605
7,0.1,0.5,qqq,2017-11-08,0.5,0.007109503433655462
7,0.1,0.5,qqq,2017-12-08,0.5,2.363973323239388
7,0.1,0.5,qqq,2018-01-10,0.5,-3.0085526261634854
7,0.1,0.5,qqq,2018-02-09,0.5,4.918100833320271
7,0.1,0.5,qqq,2018-03-13,0.5,-3.728260508726544
7,0.1,0.5,qqq,2018-04-12,0.5,1.7648110396433214
7,0.1,0.5,qqq,2018-05-11,0.5,1.2327446929559116
7,0.1,0.5,qqq,2018-06-12,0.5,-0.05229276533091909
7,0.1,0.5,qqq,2018-07-12,0.5,0.43264135659502045
7,0.1,0.5,qqq,2018-08-10,0.5,-0.010039810569917318
7,0.1,0.5,qqq,2018-09-11,0.5,-1.0375460672650605
7,0.1,0.5,qqq,2018-10-10,0.5,1.0771667579304145
7,0.1,0.5,qqq,2018-11-08,0.5,-3.0588811738556543
7,0.1,0.5,qqq,2018-12-11,0.0,0.0
7,0.1,0.5,qqq,2019-01-11,0.0,0.0
7,0.1,0.5,qqq,2019-02-12,0.0,0.0
7,0.1,0.5,qqq,2019-03-14,0.5,1.984837293791042
7,0.1,0.5,qqq,2019-04-12,0.5,-2.1929359971827433
7,0.1,0.5,qqq,2019-05-14,0.5,0.5800218211440944
7,0.1,0.5,qqq,2019-06-13,0.5,2.8799032575536954
7,0.1,0.5,qqq,2019-07-15,0.5,-2.7021334958692966
7,0.1,0.5,qqq,2019-08-13,0.5,1.6481901278081024
7,0.1,0.5,qqq,2019-09-12,0.5,-1.2522651157699793
7,0.1,0.5,qqq,2019-10-11,0.5,2.4592255517410733
7,0.1,0.5,qqq,2019-11-11,0.5,0.43580779110323764
7,0.1,0.5,qqq,2019-12-11,0.5,3.184492713407727
7,0.1,0.5,qqq,2020-01-13,0.5,2.2669896802744782
7,0.1,0.5,qqq,2020-02-12,0.5,-12.079693606108622
7,0.1,0.5,qqq,2020-03-13,0.0,0.0
7,0.1,0.5,qqq,2020-04-14,0.5,3.0056029680378016
7,0.1,0.5,qqq,2020-05-13,0.5,3.4139585925258897
7,0.1,0.5,qqq,2020-06-12,0.5,5.433211508160096
7,0.1,0.5,qqq,2020-07-14,0.5,0.3890620007876322
7,0.1,0.5,qqq,2020-08-12,0.5,-0.3077617582420755
7,0.1,0.5,qqq,2020-09-11,0.5,1.8087461893792955
7,0.1,0.5,qqq,2020-10-12,0.5,-1.5586602368049318
7,0.1,0.5,qqq,2020-11-10,0.5,2.4083395401872654
7,0.1,0.5,qqq,2020-12-10,0.5,2.095811571947803
7,0.1,0.5,qqq,2021-01-12,0.5,2.689512601529076
7,0.1,0.5,qqq,2021-02-11,0.5,-2.9701574666314956
7,0.1,0.5,qqq,2021-03-15,0.5,2.840210773684526
7,0.1,0.5,qqq,2021-04-14,0.5,-3.5585431891761443
7,0.1,0.5,qqq,2021-05-13,0.5,2.6252492219524193
7,0.1,0.5,qqq,2021-06-14,0.5,2.452508268390563
7,0.1,0.5,qqq,2021-07-14,0.5,0.1933308345801521
7,0.1,0.5,qqq,2021-08-12,0.5,0.9271492159401928
7,0.1,0.5,qqq,2021-09-13,0.5,-2.7605677132241935
7,0.1,0.5,qqq,2021-10-12,0.5,4.706179678987099
7,0.1,0.5,qqq,2021-11-10,0.5,-0.1023698565930875
7,0.1,0.5,qqq,2021-12-10,0.5,-2.4249651962667707
7,0.1,0.5,qqq,2022-01-11,0.5,-3.0323665637376096
7,0.1,0.5,qqq,2022-02-10,0.0,0.0
7,0.1,0.5,qqq,2022-03-14,0.0,0.0
7,0.1,0.5,qqq,2022-04-12,0.0,0.0
7,0.1,0.5,qqq,2022-05-12,0.0,0.0
7,0.1,0.5,qqq,2022-06-13,0.0,0.0
7,0.1,0.5,qqq,2022-07-14,0.0,0.0
7,0.1,0.5,qqq,2022-08-12,0.0,0.0
7,0.1,0.5,qqq,2022-09-13,0.0,0.0
7,0.1,0.5,qqq,2022-10-12,0.0,0.0
7,0.1,0.5,qqq,2022-11-10,0.0,0.0
7,0.1,0.5,qqq,2022-12-12,0.0,0.0
7,0.1,0.5,qqq,2023-01-12,0.0,0.0
7,0.1,0.5,qqq,2023-02-13,0.5,-1.156061025054611
7,0.1,0.5,qqq,2023-03-15,0.5,3.3674270631360415
7,0.1,0.5,qqq,2023-04-14,0.5,0.8264820311278953
7,0.1,0.5,qqq,2023-05-15,0.5,5.426661198718041
7,0.1,0.5,qqq,2023-06-14,0.5,1.7946171096220098
7,0.1,0.5,qqq,2023-07-17,0.5,-1.7615965527080113
7,0.1,0.5,qqq,2023-08-15,0.5,0.8846892455699917
7,0.1,0.5,qqq,2023-09-14,0.5,-0.9699380187761397
7,0.1,0.5,qqq,2023-10-13,0.5,1.3478163911296859
7,0.1,0.5,qqq,2023-11-13,0.5,1.6902910947844463
7,0.1,0.5,qqq,2023-12-13,0.5,0.4402744252581803
7,0.1,0.5,qqq,2024-01-16,0.5,2.491879408403408
7,0.1,0.5,qqq,2024-02-14,0.5,0.3491126789252563
7,0.1,0.5,qqq,2024-03-15,0.5,-1.1191278345136113
7,0.1,0.5,qqq,2024-04-16,0.5,1.2244060332048834
7,0.1,0.5,qqq,2024-05-15,0.5,2.3891987217310007
7,0.1,0.5,qqq,2024-06-14,0.5,1.5840134252389282
7,0.1,0.5,qqq,2024-07-17,0.5,-2.585613889223981
7,0.1,0.5,qqq,2024-08-15,0.5,0.036947357309813356
7,0.1,0.5,qqq,2024-09-16,0.5,2.0391228720504806
7,0.1,0.5,qqq,2024-10-15,0.5,1.9516099614398152
7,0.1,0.5,qqq,2024-11-13,0.5,1.1685714933282743
7,0.1,0.5,qqq,2024-12-13,0.5,-1.7003095380046074
7,0.1,0.5,qqq,2025-01-16,0.5,1.2064587700580276
7,0.1,0.5,qqq,2025-02-18,0.5,-6.1641682173783074
7,0.1,0.5,qqq,2025-03-19,0.0,0.0
7,0.1,0.5,qqq,2025-04-17,0.0,0.0
7,0.1,0.5,qqq,2025-05-19,0.5,0.6710017249475397
7,0.1,0.5,qqq,2025-06-18,0.5,2.5201877218840707
7,0.1,0.5,qqq,2025-07-21,0.5,0.8799994126650335
7,0.1,0.5,qqq,2025-08-19,0.5,1.647584773970956
7,0.1,0.5,qqq,2025-09-18,0.5,0.030099335041833264
7,0.1,0.5,qqq,2025-10-17,0.5,-0.10843672092059053
7,0.1,0.5,qqq,2025-11-17,0.5,0.757056528527289
7,0.1,0.5,qqq,2025-12-17,0.5,0.7508940758703231
7,0.1,0.5,qqq,2026-01-20,0.5,-0.5497712591324033
7,0.1,0.5,qqq,2026-02-19,0.5,-0.8379746284515099
7,0.1,0.5,qqq,2026-03-20,0.0,0.0
7,0.1,0.5,qqq,2026-04-21,0.5,3.6823111049299584
7,0.1,0.5,qqq,2026-05-20,0.5,1.970138993750603
7,0.1,0.5,qqq,2026-06-22,0.5,-0.719956234163921
7,0.1,0.5,qqq,2026-07-22,0.5,1.2839595211833643
7,0.1,1.0,high,2016-07-12,0.5,-2.872501984564846
7,0.1,1.0,high,2016-08-10,0.5,-1.403322900266224
7,0.1,1.0,high,2016-09-09,0.5,1.111937813319086
7,0.1,1.0,high,2016-10-10,0.5,-1.0112859007389452
7,0.1,1.0,high,2016-11-08,0.5,1.966795735384741
7,0.1,1.0,high,2016-12-08,0.5,0.3920443385805772
7,0.1,1.0,high,2017-01-10,0.5,2.855101982877173
7,0.1,1.0,high,2017-02-09,0.5,1.3549832214239776
7,0.1,1.0,high,2017-03-13,0.5,0.6148771818859977
7,0.1,1.0,high,2017-04-11,0.5,1.6370798213810156
7,0.1,1.0,high,2017-05-11,0.5,0.2520539761379892
7,0.1,1.0,high,2017-06-12,0.5,0.37026822922696656
7,0.1,1.0,high,2017-07-12,0.5,0.06288472939590672
7,0.1,1.0,high,2017-08-10,0.5,-0.305526516780974
7,0.1,1.0,high,2017-09-11,0.5,1.030453814356802
7,0.1,1.0,high,2017-10-10,0.5,-0.7771671613273745
7,0.1,1.0,high,2017-11-08,0.5,-2.5898782479127913
7,0.1,1.0,high,2017-12-08,0.5,2.591662602249789
7,0.1,1.0,high,2018-01-10,0.5,-1.0404248724956822
7,0.1,1.0,high,2018-02-09,0.5,3.7843491287510966
7,0.1,1.0,high,2018-03-13,0.5,-3.06638222406177
7,0.1,1.0,high,2018-04-12,0.5,3.326305798193352
7,0.1,1.0,high,2018-05-11,0.5,0.9131865803879258
7,0.1,1.0,high,2018-06-12,0.5,0.6532648773267313
7,0.1,1.0,high,2018-07-12,0.5,-0.3717603457969565
7,0.1,1.0,high,2018-08-10,0.5,5.985372152012047
7,0.1,1.0,high,2018-09-11,0.5,-2.0605977648186835
7,0.1,1.0,high,2018-10-10,0.5,0.4295605937265634
7,0.1,1.0,high,2018-11-08,0.5,-0.05939600820463742
7,0.1,1.0,high,2018-12-11,0.0,0.0
7,0.1,1.0,high,2019-01-11,0.0,0.0
7,0.1,1.0,high,2019-02-12,0.0,0.0
7,0.1,1.0,high,2019-03-14,0.5,1.044064759079899
7,0.1,1.0,high,2019-04-12,0.5,-3.114564573730072
7,0.1,1.0,high,2019-05-14,0.5,2.0135073834962602
7,0.1,1.0,high,2019-06-13,0.5,1.4258159492340328
7,0.1,1.0,high,2019-07-15,0.5,-2.0434398114325125
7,0.1,1.0,high,2019-08-13,0.5,-1.218160499576404
7,0.1,1.0,high,2019-09-12,0.5,-1.095332958445927
7,0.1,1.0,high,2019-10-11,0.5,1.7170379018134785
7,0.1,1.0,high,2019-11-11,0.5,0.41238169682178416
7,0.1,1.0,high,2019-12-11,0.5,1.899491782584084
7,0.1,1.0,high,2020-01-13,0.5,1.8549402460546593
7,0.1,1.0,high,2020-02-12,0.5,-12.869305979057144
7,0.1,1.0,high,2020-03-13,0.0,0.0
7,0.1,1.0,high,2020-04-14,0.5,3.567004935160023
7,0.1,1.0,high,2020-05-13,0.5,0.7302226371629805
7,0.1,1.0,high,2020-06-12,0.5,6.531194730802903
7,0.1,1.0,high,2020-07-14,0.5,-0.36575086379516675
7,0.1,1.0,high,2020-08-12,0.5,-0.116077191392705
7,0.1,1.0,high,2020-09-11,0.5,1.361625379634912
7,0.1,1.0,high,2020-10-12,0.5,0.47645307273076476
7,0.1,1.0,high,2020-11-10,0.5,1.6962810037629117
7,0.1,1.0,high,2020-12-10,0.5,8.867680206215844
7,0.1,1.0,high,2021-01-12,0.5,0.4699589023012374
7,0.1,1.0,high,2021-02-11,0.5,-1.0459133197673443
7,0.1,1.0,high,2021-03-15,0.5,-0.7903532249100786
7,0.1,1.0,high,2021-04-14,0.5,-0.8311605530643806
7,0.1,1.0,high,2021-05-13,0.5,0.4406840658184974
7,0.1,1.0,high,2021-06-14,0.5,2.4897660869535265
7,0.1,1.0,high,2021-07-14,0.5,0.08378643661435259
7,0.1,1.0,high,2021-08-12,0.5,0.20576779619636554
7,0.1,1.0,high,2021-09-13,0.5,-4.616586928741084
7,0.1,1.0,high,2021-10-12,0.5,2.4175995431608754
7,0.1,1.0,high,2021-11-10,0.5,0.34131686193281663
7,0.1,1.0,high,2021-12-10,0.5,-0.3513201412690736
7,0.1,1.0,high,2022-01-11,0.5,1.2148000376449364
7,0.1,1.0,high,2022-02-10,0.0,0.0
7,0.1,1.0,high,2022-03-14,0.0,0.0
7,0.1,1.0,high,2022-04-12,0.0,0.0
7,0.1,1.0,high,2022-05-12,0.0,0.0
7,0.1,1.0,high,2022-06-13,0.0,0.0
7,0.1,1.0,high,2022-07-14,0.0,0.0
7,0.1,1.0,high,2022-08-12,0.0,0.0
7,0.1,1.0,high,2022-09-13,0.0,0.0
7,0.1,1.0,high,2022-10-12,0.0,0.0
7,0.1,1.0,high,2022-11-10,0.0,0.0
7,0.1,1.0,high,2022-12-12,0.0,0.0
7,0.1,1.0,high,2023-01-12,0.0,0.0
7,0.1,1.0,high,2023-02-13,0.5,-0.789152066540888
7,0.1,1.0,high,2023-03-15,0.5,2.315776285403115
7,0.1,1.0,high,2023-04-14,0.5,2.1836613799605997
7,0.1,1.0,high,2023-05-15,0.5,0.7901700414938206
7,0.1,1.0,high,2023-06-14,0.5,1.5233673763920486
7,0.1,1.0,high,2023-07-17,0.5,-3.5211953562528375
7,0.1,1.0,high,2023-08-15,0.5,0.704723032015897
7,0.1,1.0,high,2023-09-14,0.5,-2.0327443507080156
7,0.1,1.0,high,2023-10-13,0.5,-1.2320394661253786
7,0.1,1.0,high,2023-11-13,0.5,3.0702643372465976
7,0.1,1.0,high,2023-12-13,0.5,0.3331999254074125
7,0.1,1.0,high,2024-01-16,0.5,3.944314957831052
7,0.1,1.0,high,2024-02-14,0.5,0.7967904451146479
7,0.1,1.0,high,2024-03-15,0.5,0.3270557626537052
7,0.1,1.0,high,2024-04-16,0.5,1.6847449173871265
7,0.1,1.0,high,2024-05-15,0.5,2.780754996966839
7,0.1,1.0,high,2024-06-14,0.5,-1.6229627748616249
7,0.1,1.0,high,2024-07-17,0.5,-1.8058135121934993
7,0.1,1.0,high,2024-08-15,0.5,0.6904466104763918
7,0.1,1.0,high,2024-09-16,0.5,-0.1732185647867368
7,0.1,1.0,high,2024-10-15,0.5,2.2760365603561983
7,0.1,1.0,high,2024-11-13,0.5,-1.6226741088412489
7,0.1,1.0,high,2024-12-13,0.5,-1.214086429154937
7,0.1,1.0,high,2025-01-16,0.5,1.2182771326227249
7,0.1,1.0,high,2025-02-18,0.5,-7.619071981882386
7,0.1,1.0,high,2025-03-19,0.0,0.0
7,0.1,1.0,high,2025-04-17,0.0,0.0
7,0.1,1.0,high,2025-05-19,0.5,0.23930177533080244
7,0.1,1.0,high,2025-06-18,0.5,15.531056741496307
7,0.1,1.0,high,2025-07-21,0.5,0.38892648152417664
7,0.1,1.0,high,2025-08-19,0.5,0.6821609087706904
7,0.1,1.0,high,2025-09-18,0.5,-0.20651534687432527
7,0.1,1.0,high,2025-10-17,0.5,1.3753836176948697
7,0.1,1.0,high,2025-11-17,0.5,-0.8623680852433813
7,0.1,1.0,high,2025-12-17,0.5,3.5061747091833295
7,0.1,1.0,high,2026-01-20,0.5,1.1359343782791687
7,0.1,1.0,high,2026-02-19,0.5,0.6114565027847352
7,0.1,1.0,high,2026-03-20,0.0,0.0
7,0.1,1.0,high,2026-04-21,0.5,2.274782852055357
7,0.1,1.0,high,2026-05-20,0.5,2.2496463213631746
7,0.1,1.0,high,2026-06-22,0.5,-2.2690749246343067
7,0.1,1.0,high,2026-07-22,0.5,0.6697831682008992
7,0.1,1.0,momentum,2016-07-12,0.5,3.066517438953209
7,0.1,1.0,momentum,2016-08-10,0.5,0.5723035844781066
7,0.1,1.0,momentum,2016-09-09,0.5,3.9524556409972433
7,0.1,1.0,momentum,2016-10-10,0.5,0.8089797711993363
7,0.1,1.0,momentum,2016-11-08,0.5,9.138637052578403
7,0.1,1.0,momentum,2016-12-08,0.5,1.4869792893341893
7,0.1,1.0,momentum,2017-01-10,0.5,3.9303331692761123
7,0.1,1.0,momentum,2017-02-09,0.5,-4.669631857234213
7,0.1,1.0,momentum,2017-03-13,0.5,-0.5945250522707113
7,0.1,1.0,momentum,2017-04-11,0.5,0.8476710008767041
7,0.1,1.0,momentum,2017-05-11,0.5,2.8625506116300325
7,0.1,1.0,momentum,2017-06-12,0.5,1.0221819143547028
7,0.1,1.0,momentum,2017-07-12,0.5,-1.3994658891668954
7,0.1,1.0,momentum,2017-08-10,0.5,3.2548398294063086
7,0.1,1.0,momentum,2017-09-11,0.5,3.689286763902877
7,0.1,1.0,momentum,2017-10-10,0.5,4.837874168895073
7,0.1,1.0,momentum,2017-11-08,0.5,-0.9533249263825261
7,0.1,1.0,momentum,2017-12-08,0.5,3.0640562794028714
7,0.1,1.0,momentum,2018-01-10,0.5,-4.06927896303928
7,0.1,1.0,momentum,2018-02-09,0.5,11.297421176834476
7,0.1,1.0,momentum,2018-03-13,0.5,-2.3421013860015383
7,0.1,1.0,momentum,2018-04-12,0.5,2.950085725275553
7,0.1,1.0,momentum,2018-05-11,0.5,0.43417101043266015
7,0.1,1.0,momentum,2018-06-12,0.5,1.8687041843317598
7,0.1,1.0,momentum,2018-07-12,0.5,-7.220661204671142
7,0.1,1.0,momentum,2018-08-10,0.5,-0.2933834611118069
7,0.1,1.0,momentum,2018-09-11,0.5,-5.552068960881762
7,0.1,1.0,momentum,2018-10-10,0.5,1.2194226781401252
7,0.1,1.0,momentum,2018-11-08,0.5,-5.270948964165855
7,0.1,1.0,momentum,2018-12-11,0.0,0.0
7,0.1,1.0,momentum,2019-01-11,0.0,0.0
7,0.1,1.0,momentum,2019-02-12,0.0,0.0
7,0.1,1.0,momentum,2019-03-14,0.5,5.285677343354411
7,0.1,1.0,momentum,2019-04-12,0.5,-2.2890035313896995
7,0.1,1.0,momentum,2019-05-14,0.5,6.110234800517111
7,0.1,1.0,momentum,2019-06-13,0.5,1.4726117109286285
7,0.1,1.0,momentum,2019-07-15,0.5,3.3380163193135415
7,0.1,1.0,momentum,2019-08-13,0.5,-8.327734161630717
7,0.1,1.0,momentum,2019-09-12,0.5,3.5898500696645907
7,0.1,1.0,momentum,2019-10-11,0.5,-5.195266708430846
7,0.1,1.0,momentum,2019-11-11,0.5,2.275025213698645
7,0.1,1.0,momentum,2019-12-11,0.5,6.013921199633598
7,0.1,1.0,momentum,2020-01-13,0.5,4.899682637333247
7,0.1,1.0,momentum,2020-02-12,0.5,-12.639198883498858
7,0.1,1.0,momentum,2020-03-13,0.0,0.0
7,0.1,1.0,momentum,2020-04-14,0.5,9.15484508076496
7,0.1,1.0,momentum,2020-05-13,0.5,4.199929802801283
7,0.1,1.0,momentum,2020-06-12,0.5,10.445665833008434
7,0.1,1.0,momentum,2020-07-14,0.5,0.463616184501614
7,0.1,1.0,momentum,2020-08-12,0.5,1.4414398587928368
7,0.1,1.0,momentum,2020-09-11,0.5,18.047033893795827
7,0.1,1.0,momentum,2020-10-12,0.5,-0.2187882273003705
7,0.1,1.0,momentum,2020-11-10,0.5,20.148408291826758
7,0.1,1.0,momentum,2020-12-10,0.5,12.896531581621318
7,0.1,1.0,momentum,2021-01-12,0.5,8.489725246749714
7,0.1,1.0,momentum,2021-02-11,0.5,-10.55354775355507
7,0.1,1.0,momentum,2021-03-15,0.5,-0.259217049238758
7,0.1,1.0,momentum,2021-04-14,0.5,-13.287070178275151
7,0.1,1.0,momentum,2021-05-13,0.5,9.467408007392276
7,0.1,1.0,momentum,2021-06-14,0.5,2.916379919390355
7,0.1,1.0,momentum,2021-07-14,0.5,8.876307398126704
7,0.1,1.0,momentum,2021-08-12,0.5,-1.1083397407522289
7,0.1,1.0,momentum,2021-09-13,0.5,-3.606562469004393
7,0.1,1.0,momentum,2021-10-12,0.5,9.661143078516709
7,0.1,1.0,momentum,2021-11-10,0.5,-10.445435233071443
7,0.1,1.0,momentum,2021-12-10,0.5,-2.5830680291734187
7,0.1,1.0,momentum,2022-01-11,0.5,-5.926325067580218
7,0.1,1.0,momentum,2022-02-10,0.0,0.0
7,0.1,1.0,momentum,2022-03-14,0.0,0.0
7,0.1,1.0,momentum,2022-04-12,0.0,0.0
7,0.1,1.0,momentum,2022-05-12,0.0,0.0
7,0.1,1.0,momentum,2022-06-13,0.0,0.0
7,0.1,1.0,momentum,2022-07-14,0.0,0.0
7,0.1,1.0,momentum,2022-08-12,0.0,0.0
7,0.1,1.0,momentum,2022-09-13,0.0,0.0
7,0.1,1.0,momentum,2022-10-12,0.0,0.0
7,0.1,1.0,momentum,2022-11-10,0.0,0.0
7,0.1,1.0,momentum,2022-12-12,0.0,0.0
7,0.1,1.0,momentum,2023-01-12,0.0,0.0
7,0.1,1.0,momentum,2023-02-13,0.5,1.8673992032562037
7,0.1,1.0,momentum,2023-03-15,0.5,2.0569392311038825
7,0.1,1.0,momentum,2023-04-14,0.5,-0.06652846194110662
7,0.1,1.0,momentum,2023-05-15,0.5,2.8987495396390894
7,0.1,1.0,momentum,2023-06-14,0.5,5.895825584141057
7,0.1,1.0,momentum,2023-07-17,0.5,-0.5479995941772842
7,0.1,1.0,momentum,2023-08-15,0.5,0.020104206996673923
7,0.1,1.0,momentum,2023-09-14,0.5,1.3141698446503591
7,0.1,1.0,momentum,2023-10-13,0.5,-3.329248154512854
7,0.1,1.0,momentum,2023-11-13,0.5,5.009539894138726
7,0.1,1.0,momentum,2023-12-13,0.5,-0.39096681394221733
7,0.1,1.0,momentum,2024-01-16,0.5,10.857331911048785
7,0.1,1.0,momentum,2024-02-14,0.5,5.948951253238421
7,0.1,1.0,momentum,2024-03-15,0.5,-4.648779257886337
7,0.1,1.0,momentum,2024-04-16,0.5,0.9029166035446456
7,0.1,1.0,momentum,2024-05-15,0.5,2.989061855935815
7,0.1,1.0,momentum,2024-06-14,0.5,0.4578120297452637
7,0.1,1.0,momentum,2024-07-17,0.5,2.237199543564272
7,0.1,1.0,momentum,2024-08-15,0.5,-1.6082986716849268
7,0.1,1.0,momentum,2024-09-16,0.5,11.3654611537934
7,0.1,1.0,momentum,2024-10-15,0.5,8.67788731007131
7,0.1,1.0,momentum,2024-11-13,0.5,-0.6599497623468675
7,0.1,1.0,momentum,2024-12-13,0.5,3.795571643997464
7,0.1,1.0,momentum,2025-01-16,0.5,6.582533659773593
7,0.1,1.0,momentum,2025-02-18,0.5,-13.780112310313164
7,0.1,1.0,momentum,2025-03-19,0.0,0.0
7,0.1,1.0,momentum,2025-04-17,0.0,0.0
7,0.1,1.0,momentum,2025-05-19,0.5,0.43914873146633226
7,0.1,1.0,momentum,2025-06-18,0.5,16.846281907810834
7,0.1,1.0,momentum,2025-07-21,0.5,1.0911375007877533
7,0.1,1.0,momentum,2025-08-19,0.5,19.259056127355944
7,0.1,1.0,momentum,2025-09-18,0.5,26.393719512122793
7,0.1,1.0,momentum,2025-10-17,0.5,-19.320678235549636
7,0.1,1.0,momentum,2025-11-17,0.5,5.696865557714537
7,0.1,1.0,momentum,2025-12-17,0.5,11.066482894068951
7,0.1,1.0,momentum,2026-01-20,0.5,-14.598886881738625
7,0.1,1.0,momentum,2026-02-19,0.5,-0.9114824335893057
7,0.1,1.0,momentum,2026-03-20,0.0,0.0
7,0.1,1.0,momentum,2026-04-21,0.5,6.849321086409965
7,0.1,1.0,momentum,2026-05-20,0.5,2.1402817873231506
7,0.1,1.0,momentum,2026-06-22,0.5,-5.98759195167421
7,0.1,1.0,momentum,2026-07-22,0.5,-3.0656317305184033
7,0.1,1.0,qqq,2016-07-12,0.5,1.792685106942149
7,0.1,1.0,qqq,2016-08-10,0.5,-0.4086740431371694
7,0.1,1.0,qqq,2016-09-09,0.5,1.7357730057618426
7,0.1,1.0,qqq,2016-10-10,0.5,-1.648666029815582
7,0.1,1.0,qqq,2016-11-08,0.5,0.6230766718555492
7,0.1,1.0,qqq,2016-12-08,0.5,1.033926498387694
7,0.1,1.0,qqq,2017-01-10,0.5,1.0563691280783383
7,0.1,1.0,qqq,2017-02-09,0.5,1.1170331683599155
7,0.1,1.0,qqq,2017-03-13,0.5,-0.126329610079301
7,0.1,1.0,qqq,2017-04-11,0.5,2.127697851934407
7,0.1,1.0,qqq,2017-05-11,0.5,0.08569591751999006
7,0.1,1.0,qqq,2017-06-12,0.5,-0.7030117207796782
7,0.1,1.0,qqq,2017-07-12,0.5,0.6445423816510365
7,0.1,1.0,qqq,2017-08-10,0.5,0.5505768591315574
7,0.1,1.0,qqq,2017-09-11,0.5,0.02122354135738469
7,0.1,1.0,qqq,2017-10-10,0.5,1.6331806398221183
7,0.1,1.0,qqq,2017-11-08,0.5,-0.24230562395416433
7,0.1,1.0,qqq,2017-12-08,0.5,2.1028031175099215
7,0.1,1.0,qqq,2018-01-10,0.5,-3.2429268571331438
7,0.1,1.0,qqq,2018-02-09,0.5,4.644191678177112
7,0.1,1.0,qqq,2018-03-13,0.5,-3.9590451294388873
7,0.1,1.0,qqq,2018-04-12,0.5,1.5066292117420055
7,0.1,1.0,qqq,2018-05-11,0.5,0.9772165956332346
7,0.1,1.0,qqq,2018-06-12,0.5,-0.3014116183573501
7,0.1,1.0,qqq,2018-07-12,0.5,0.18110384936127488
7,0.1,1.0,qqq,2018-08-10,0.5,-0.25936940415304255
7,0.1,1.0,qqq,2018-09-11,0.5,-1.2817508774633612
7,0.1,1.0,qqq,2018-10-10,0.5,0.8224146200836557
7,0.1,1.0,qqq,2018-11-08,0.5,-3.2930043864949243
7,0.1,1.0,qqq,2018-12-11,0.0,0.0
7,0.1,1.0,qqq,2019-01-11,0.0,0.0
7,0.1,1.0,qqq,2019-02-12,0.0,0.0
7,0.1,1.0,qqq,2019-03-14,0.5,1.7255580644051527
7,0.1,1.0,qqq,2019-04-12,0.5,-2.431378192236644
7,0.1,1.0,qqq,2019-05-14,0.5,0.3277492400837412
7,0.1,1.0,qqq,2019-06-13,0.5,2.616159803108853
7,0.1,1.0,qqq,2019-07-15,0.5,-2.938036020859036
7,0.1,1.0,qqq,2019-08-13,0.5,1.3905899575924696
7,0.1,1.0,qqq,2019-09-12,0.5,-1.495398994667363
7,0.1,1.0,qqq,2019-10-11,0.5,2.1975802666290845
7,0.1,1.0,qqq,2019-11-11,0.5,0.18425449098176117
7,0.1,1.0,qqq,2019-12-11,0.5,2.919230090614877
7,0.1,1.0,qqq,2020-01-13,0.5,2.0063031895188654
7,0.1,1.0,qqq,2020-02-12,0.5,-12.268824674545343
7,0.1,1.0,qqq,2020-03-13,0.0,0.0
7,0.1,1.0,qqq,2020-04-14,0.5,2.741232574551389
7,0.1,1.0,qqq,2020-05-13,0.5,3.1475514872376653
7,0.1,1.0,qqq,2020-06-12,0.5,5.156733190434637
7,0.1,1.0,qqq,2020-07-14,0.5,0.13774184965962277
7,0.1,1.0,qqq,2020-08-12,0.5,-0.5556064358153923
7,0.1,1.0,qqq,2020-09-11,0.5,1.5503452308168297
7,0.1,1.0,qqq,2020-10-12,0.5,-1.8002659414306565
7,0.1,1.0,qqq,2020-11-10,0.5,2.146948053808684
7,0.1,1.0,qqq,2020-12-10,0.5,1.8359788479889394
7,0.1,1.0,qqq,2021-01-12,0.5,2.4267187382563282
7,0.1,1.0,qqq,2021-02-11,0.5,-3.2047231970439127
7,0.1,1.0,qqq,2021-03-15,0.5,2.5766652892087683
7,0.1,1.0,qqq,2021-04-14,0.5,-3.7901742908648117
7,0.1,1.0,qqq,2021-05-13,0.5,2.3627758782850172
7,0.1,1.0,qqq,2021-06-14,0.5,2.1908964863564417
7,0.1,1.0,qqq,2021-07-14,0.5,-0.05701308908265812
7,0.1,1.0,qqq,2021-08-12,0.5,0.6731453045899727
7,0.1,1.0,qqq,2021-09-13,0.5,-2.9961787920993688
7,0.1,1.0,qqq,2021-10-12,0.5,4.43332750038643
7,0.1,1.0,qqq,2021-11-10,0.5,-0.35123894545157075
7,0.1,1.0,qqq,2021-12-10,0.5,-2.662250124027621
7,0.1,1.0,qqq,2022-01-11,0.5,-3.266622020470289
7,0.1,1.0,qqq,2022-02-10,0.0,0.0
7,0.1,1.0,qqq,2022-03-14,0.0,0.0
7,0.1,1.0,qqq,2022-04-12,0.0,0.0
7,0.1,1.0,qqq,2022-05-12,0.0,0.0
7,0.1,1.0,qqq,2022-06-13,0.0,0.0
7,0.1,1.0,qqq,2022-07-14,0.0,0.0
7,0.1,1.0,qqq,2022-08-12,0.0,0.0
7,0.1,1.0,qqq,2022-09-13,0.0,0.0
7,0.1,1.0,qqq,2022-10-12,0.0,0.0
7,0.1,1.0,qqq,2022-11-10,0.0,0.0
7,0.1,1.0,qqq,2022-12-12,0.0,0.0
7,0.1,1.0,qqq,2023-01-12,0.0,0.0
7,0.1,1.0,qqq,2023-02-13,0.5,-1.39967473083622
7,0.1,1.0,qqq,2023-03-15,0.5,3.1012520381949127
7,0.1,1.0,qqq,2023-04-14,0.5,0.5729802067603762
7,0.1,1.0,qqq,2023-05-15,0.5,5.150215551272486
7,0.1,1.0,qqq,2023-06-14,0.5,1.5362866211639625
7,0.1,1.0,qqq,2023-07-17,0.5,-2.0021900935117243
7,0.1,1.0,qqq,2023-08-15,0.5,0.6308971072861214
7,0.1,1.0,qqq,2023-09-14,0.5,-1.2144800304282666
7,0.1,1.0,qqq,2023-10-13,0.5,1.0917143629690873
7,0.1,1.0,qqq,2023-11-13,0.5,1.432480942065406
7,0.1,1.0,qqq,2023-12-13,0.5,0.18869884738184073
7,0.1,1.0,qqq,2024-01-16,0.5,2.230071259132682
7,0.1,1.0,qqq,2024-02-14,0.5,0.09799177876976817
7,0.1,1.0,qqq,2024-03-15,0.5,-1.362925748031174
7,0.1,1.0,qqq,2024-04-16,0.5,0.9689195257262195
7,0.1,1.0,qqq,2024-05-15,0.5,2.12790270197154
7,0.1,1.0,qqq,2024-06-14,0.5,1.3267333423189864
7,0.1,1.0,qqq,2024-07-17,0.5,-2.8220975666303105
7,0.1,1.0,qqq,2024-08-15,0.5,-0.21261658915987525
7,0.1,1.0,qqq,2024-09-16,0.5,1.779572888274883
7,0.1,1.0,qqq,2024-10-15,0.5,1.6924964564762446
7,0.1,1.0,qqq,2024-11-13,0.5,0.9133634658300194
7,0.1,1.0,qqq,2024-12-13,0.5,-1.9412087535159994
7,0.1,1.0,qqq,2025-01-16,0.5,0.9510617762298779
7,0.1,1.0,qqq,2025-02-18,0.5,-6.382803520973712
7,0.1,1.0,qqq,2025-03-19,0.0,0.0
7,0.1,1.0,qqq,2025-04-17,0.0,0.0
7,0.1,1.0,qqq,2025-05-19,0.5,0.41827537312300045
7,0.1,1.0,qqq,2025-06-18,0.5,2.2582383822569607
7,0.1,1.0,qqq,2025-07-21,0.5,0.6262306653606275
7,0.1,1.0,qqq,2025-08-19,0.5,1.3899876230140773
7,0.1,1.0,qqq,2025-09-18,0.5,-0.2194304562774696
7,0.1,1.0,qqq,2025-10-17,0.5,-0.35727555072684325
7,0.1,1.0,qqq,2025-11-17,0.5,0.5039009703356578
7,0.1,1.0,qqq,2025-12-17,0.5,0.49776925348667955
7,0.1,1.0,qqq,2026-01-20,0.5,-0.796408891725664
7,0.1,1.0,qqq,2026-02-19,0.5,-1.083174819833188
7,0.1,1.0,qqq,2026-03-20,0.0,0.0
7,0.1,1.0,qqq,2026-04-21,0.5,3.414565566432337
7,0.1,1.0,qqq,2026-05-20,0.5,1.7109330735084471
7,0.1,1.0,qqq,2026-06-22,0.5,-0.9657450533054779
7,0.1,1.0,qqq,2026-07-22,0.5,1.0281759851233918
14,0.05,0.2,high,2016-07-21,0.25,0.08316841016915433
14,0.05,0.2,high,2016-08-19,0.25,-1.007955577822084
14,0.05,0.2,high,2016-09-20,0.25,-0.15600254085479381
14,0.05,0.2,high,2016-10-19,0.25,0.5439852027819159
14,0.05,0.2,high,2016-11-17,0.25,2.6762090411146744
14,0.05,0.2,high,2016-12-19,0.25,-0.8274660769385656
14,0.05,0.2,high,2017-01-20,0.25,1.7970997782284837
14,0.05,0.2,high,2017-02-21,0.25,0.10991152176933472
14,0.05,0.2,high,2017-03-22,0.25,0.2691270750007524
14,0.05,0.2,high,2017-04-21,0.25,0.7066628860266766
14,0.05,0.2,high,2017-05-22,0.25,1.0315692168634039
14,0.05,0.2,high,2017-06-21,0.25,0.42889679332906994
14,0.05,0.2,high,2017-07-21,0.25,-0.5919129312939031
14,0.05,0.2,high,2017-08-21,0.25,3.4260211292227005
14,0.05,0.2,high,2017-09-20,0.25,0.3768788714085147
14,0.05,0.2,high,2017-10-19,0.25,0.04187369959092191
14,0.05,0.2,high,2017-11-17,0.25,0.15073762278861036
14,0.05,0.2,high,2017-12-19,0.25,1.9403106522773994
14,0.05,0.2,high,2018-01-22,0.25,0.001959989798416828
14,0.05,0.2,high,2018-02-21,0.25,1.628168194828139
14,0.05,0.2,high,2018-03-22,0.25,1.1682580199781079
14,0.05,0.2,high,2018-04-23,0.25,1.3585128319518303
14,0.05,0.2,high,2018-05-22,0.25,0.5874038024547668
14,0.05,0.2,high,2018-06-21,0.25,-0.2301664783834645
14,0.05,0.2,high,2018-07-23,0.25,-0.6618498019320351
14,0.05,0.2,high,2018-08-21,0.25,3.2757707343819886
14,0.05,0.2,high,2018-09-20,0.25,-1.232569157656982
14,0.05,0.2,high,2018-10-19,0.25,0.8280416222868903
14,0.05,0.2,high,2018-11-19,0.0,0.0
14,0.05,0.2,high,2018-12-20,0.0,0.0
14,0.05,0.2,high,2019-01-23,0.0,0.0
14,0.05,0.2,high,2019-02-22,0.25,-0.00590368244974826
14,0.05,0.2,high,2019-03-25,0.25,-0.06849360701900453
14,0.05,0.2,high,2019-04-24,0.25,0.6148066175202027
14,0.05,0.2,high,2019-05-23,0.25,0.8219627543011088
14,0.05,0.2,high,2019-06-24,0.25,0.3100963505007437
14,0.05,0.2,high,2019-07-24,0.25,-0.6885881899048707
14,0.05,0.2,high,2019-08-22,0.25,0.9928384914543509
14,0.05,0.2,high,2019-09-23,0.25,-0.2508930465671244
14,0.05,0.2,high,2019-10-22,0.25,0.8060834997980715
14,0.05,0.2,high,2019-11-20,0.25,0.6514847788988476
14,0.05,0.2,high,2019-12-20,0.25,0.6588903160352322
14,0.05,0.2,high,2020-01-23,0.25,0.6117781285616131
14,0.05,0.2,high,2020-02-24,0.25,-7.782247791077424
14,0.05,0.2,high,2020-03-24,0.0,0.0
14,0.05,0.2,high,2020-04-23,0.25,1.014689270921787
14,0.05,0.2,high,2020-05-22,0.25,0.2388209193734836
14,0.05,0.2,high,2020-06-23,0.25,1.405389573272675
14,0.05,0.2,high,2020-07-23,0.25,0.23729321917607127
14,0.05,0.2,high,2020-08-21,0.25,-1.169922124487266
14,0.05,0.2,high,2020-09-22,0.25,2.8933408205397804
14,0.05,0.2,high,2020-10-21,0.25,1.9930693402030464
14,0.05,0.2,high,2020-11-19,0.25,2.631780205533363
14,0.05,0.2,high,2020-12-21,0.25,2.123431204920845
14,0.05,0.2,high,2021-01-22,0.25,-0.4679593762619394
14,0.05,0.2,high,2021-02-23,0.25,-0.5729335213273901
14,0.05,0.2,high,2021-03-24,0.25,1.9218541909477915
14,0.05,0.2,high,2021-04-23,0.25,-0.26934607237515396
14,0.05,0.2,high,2021-05-24,0.25,0.3233860523017995
14,0.05,0.2,high,2021-06-23,0.25,1.6183039757901474
14,0.05,0.2,high,2021-07-23,0.25,0.3415078887312628
14,0.05,0.2,high,2021-08-23,0.25,-0.718344450945374
14,0.05,0.2,high,2021-09-22,0.25,1.7542810457966462
14,0.05,0.2,high,2021-10-21,0.25,3.3980373571330214
14,0.05,0.2,high,2021-11-19,0.25,-2.5806188194267943
14,0.05,0.2,high,2021-12-21,0.25,-1.5600118024265308
14,0.05,0.2,high,2022-01-21,0.0,0.0
14,0.05,0.2,high,2022-02-22,0.0,0.0
14,0.05,0.2,high,2022-03-23,0.0,0.0
14,0.05,0.2,high,2022-04-22,0.0,0.0
14,0.05,0.2,high,2022-05-23,0.0,0.0
14,0.05,0.2,high,2022-06-23,0.0,0.0
14,0.05,0.2,high,2022-07-25,0.0,0.0
14,0.05,0.2,high,2022-08-23,0.0,0.0
14,0.05,0.2,high,2022-09-22,0.0,0.0
14,0.05,0.2,high,2022-10-21,0.0,0.0
14,0.05,0.2,high,2022-11-21,0.0,0.0
14,0.05,0.2,high,2022-12-21,0.0,0.0
14,0.05,0.2,high,2023-01-24,0.0,0.0
14,0.05,0.2,high,2023-02-23,0.25,-0.43838086193401793
14,0.05,0.2,high,2023-03-24,0.25,0.331046005265101
14,0.05,0.2,high,2023-04-25,0.25,-0.07898303900200077
14,0.05,0.2,high,2023-05-24,0.25,3.5319803420682083
14,0.05,0.2,high,2023-06-26,0.25,1.1045403061882508
14,0.05,0.2,high,2023-07-26,0.25,-0.6125452632518846
14,0.05,0.2,high,2023-08-24,0.25,-0.6840060374004642
14,0.05,0.2,high,2023-09-25,0.25,-2.041403825613619
14,0.05,0.2,high,2023-10-24,0.25,0.8074842168124041
14,0.05,0.2,high,2023-11-22,0.25,0.5476251478944594
14,0.05,0.2,high,2023-12-22,0.25,-1.1629934484994608
14,0.05,0.2,high,2024-01-25,0.25,1.4653080246060046
14,0.05,0.2,high,2024-02-26,0.25,-0.13121152206839737
14,0.05,0.2,high,2024-03-26,0.25,0.05983176058348416
14,0.05,0.2,high,2024-04-25,0.25,0.15952998843862254
14,0.05,0.2,high,2024-05-24,0.25,0.5042058169293595
14,0.05,0.2,high,2024-06-26,0.25,-0.8357689958664261
14,0.05,0.2,high,2024-07-26,0.25,4.338386608401601
14,0.05,0.2,high,2024-08-26,0.25,0.6082874759282264
14,0.05,0.2,high,2024-09-25,0.25,0.08828703602243859
14,0.05,0.2,high,2024-10-24,0.25,5.756726150521074
14,0.05,0.2,high,2024-11-22,0.25,-0.6505668421738275
14,0.05,0.2,high,2024-12-24,0.25,-0.30140147532607964
14,0.05,0.2,high,2025-01-28,0.25,-0.44589781592448974
14,0.05,0.2,high,2025-02-27,0.25,-0.028664419805335406
14,0.05,0.2,high,2025-03-28,0.0,0.0
14,0.05,0.2,high,2025-04-29,0.0,0.0
14,0.05,0.2,high,2025-05-29,0.25,0.40304593280688916
14,0.05,0.2,high,2025-06-30,0.25,0.3237594452256465
14,0.05,0.2,high,2025-07-30,0.25,-1.6914343323621406
14,0.05,0.2,high,2025-08-28,0.25,1.8543362675454755
14,0.05,0.2,high,2025-09-29,0.25,1.4386442699805713
14,0.05,0.2,high,2025-10-28,0.25,-2.041309639261546
14,0.05,0.2,high,2025-11-26,0.25,0.06291591817177977
14,0.05,0.2,high,2025-12-29,0.25,2.9496984742716448
14,0.05,0.2,high,2026-01-29,0.25,-0.10003981831874231
14,0.05,0.2,high,2026-03-02,0.25,0.5544507933050946
14,0.05,0.2,high,2026-03-31,0.0,0.0
14,0.05,0.2,high,2026-04-30,0.25,2.18326361481056
14,0.05,0.2,high,2026-06-01,0.25,0.983804097152241
14,0.05,0.2,high,2026-07-01,0.25,0.3162805409498537
14,0.05,0.2,momentum,2016-07-21,0.25,1.4563884078944378
14,0.05,0.2,momentum,2016-08-19,0.25,-1.3630144655901177
14,0.05,0.2,momentum,2016-09-20,0.25,0.4839968230849756
14,0.05,0.2,momentum,2016-10-19,0.25,2.7821594977197606
14,0.05,0.2,momentum,2016-11-17,0.25,1.8516704562260733
14,0.05,0.2,momentum,2016-12-19,0.25,0.1605253748817148
14,0.05,0.2,momentum,2017-01-20,0.25,2.9544723075228374
14,0.05,0.2,momentum,2017-02-21,0.25,-0.9001382557039972
14,0.05,0.2,momentum,2017-03-22,0.25,-0.3876783235037484
14,0.05,0.2,momentum,2017-04-21,0.25,1.5389755689872109
14,0.05,0.2,momentum,2017-05-22,0.25,2.191736695243174
14,0.05,0.2,momentum,2017-06-21,0.25,0.43180156878370735
14,0.05,0.2,momentum,2017-07-21,0.25,-0.8247452094055974
14,0.05,0.2,momentum,2017-08-21,0.25,3.3929524876865846
14,0.05,0.2,momentum,2017-09-20,0.25,1.6290834532044052
14,0.05,0.2,momentum,2017-10-19,0.25,3.7488719498238288
14,0.05,0.2,momentum,2017-11-17,0.25,-0.41604117543488917
14,0.05,0.2,momentum,2017-12-19,0.25,1.0977740002608538
14,0.05,0.2,momentum,2018-01-22,0.25,-1.2570237246116833
14,0.05,0.2,momentum,2018-02-21,0.25,3.1585477446801624
14,0.05,0.2,momentum,2018-03-22,0.25,-0.012925820542231126
14,0.05,0.2,momentum,2018-04-23,0.25,3.4629103906535175
14,0.05,0.2,momentum,2018-05-22,0.25,-1.517026158066992
14,0.05,0.2,momentum,2018-06-21,0.25,-0.35389190724067765
14,0.05,0.2,momentum,2018-07-23,0.25,-3.244939475185027
14,0.05,0.2,momentum,2018-08-21,0.25,1.6038734286129008
14,0.05,0.2,momentum,2018-09-20,0.25,-2.5420567335313393
14,0.05,0.2,momentum,2018-10-19,0.25,0.7068339331167905
14,0.05,0.2,momentum,2018-11-19,0.0,0.0
14,0.05,0.2,momentum,2018-12-20,0.0,0.0
14,0.05,0.2,momentum,2019-01-23,0.0,0.0
14,0.05,0.2,momentum,2019-02-22,0.25,2.1002297802609426
14,0.05,0.2,momentum,2019-03-25,0.25,0.8199638176678015
14,0.05,0.2,momentum,2019-04-24,0.25,0.4540704171737353
14,0.05,0.2,momentum,2019-05-23,0.25,2.8737445596572764
14,0.05,0.2,momentum,2019-06-24,0.25,1.6021797473342314
14,0.05,0.2,momentum,2019-07-24,0.25,2.0846152475802127
14,0.05,0.2,momentum,2019-08-22,0.25,-3.373405288253506
14,0.05,0.2,momentum,2019-09-23,0.25,-1.5140864156855671
14,0.05,0.2,momentum,2019-10-22,0.25,-0.9189503573529101
14,0.05,0.2,momentum,2019-11-20,0.25,3.1996227982249215
14,0.05,0.2,momentum,2019-12-20,0.25,2.023227112309911
14,0.05,0.2,momentum,2020-01-23,0.25,5.014113253683372
14,0.05,0.2,momentum,2020-02-24,0.25,-9.717159348953308
14,0.05,0.2,momentum,2020-03-24,0.0,0.0
14,0.05,0.2,momentum,2020-04-23,0.25,4.970326476000997
14,0.05,0.2,momentum,2020-05-22,0.25,-0.31580653744029963
14,0.05,0.2,momentum,2020-06-23,0.25,7.784944544794192
14,0.05,0.2,momentum,2020-07-23,0.25,5.422127918055808
14,0.05,0.2,momentum,2020-08-21,0.25,0.8238581512899357
14,0.05,0.2,momentum,2020-09-22,0.25,1.0584357055632543
14,0.05,0.2,momentum,2020-10-21,0.25,0.741192835169513
14,0.05,0.2,momentum,2020-11-19,0.25,6.110230674284622
14,0.05,0.2,momentum,2020-12-21,0.25,5.063484279679842
14,0.05,0.2,momentum,2021-01-22,0.25,-3.0491651381140628
14,0.05,0.2,momentum,2021-02-23,0.25,-1.223579311462042
14,0.05,0.2,momentum,2021-03-24,0.25,2.9455965506594683
14,0.05,0.2,momentum,2021-04-23,0.25,-4.792368778154977
14,0.05,0.2,momentum,2021-05-24,0.25,2.198509513930502
14,0.05,0.2,momentum,2021-06-23,0.25,-1.235887563881899
14,0.05,0.2,momentum,2021-07-23,0.25,1.3712463621046833
14,0.05,0.2,momentum,2021-08-23,0.25,-1.329883250514996
14,0.05,0.2,momentum,2021-09-22,0.25,0.5347892364217177
14,0.05,0.2,momentum,2021-10-21,0.25,0.9068561064788927
14,0.05,0.2,momentum,2021-11-19,0.25,-3.746370599150861
14,0.05,0.2,momentum,2021-12-21,0.25,-4.666247999125906
14,0.05,0.2,momentum,2022-01-21,0.0,0.0
14,0.05,0.2,momentum,2022-02-22,0.0,0.0
14,0.05,0.2,momentum,2022-03-23,0.0,0.0
14,0.05,0.2,momentum,2022-04-22,0.0,0.0
14,0.05,0.2,momentum,2022-05-23,0.0,0.0
14,0.05,0.2,momentum,2022-06-23,0.0,0.0
14,0.05,0.2,momentum,2022-07-25,0.0,0.0
14,0.05,0.2,momentum,2022-08-23,0.0,0.0
14,0.05,0.2,momentum,2022-09-22,0.0,0.0
14,0.05,0.2,momentum,2022-10-21,0.0,0.0
14,0.05,0.2,momentum,2022-11-21,0.0,0.0
14,0.05,0.2,momentum,2022-12-21,0.0,0.0
14,0.05,0.2,momentum,2023-01-24,0.0,0.0
14,0.05,0.2,momentum,2023-02-23,0.25,0.9858024461775416
14,0.05,0.2,momentum,2023-03-24,0.25,0.33454903359453336
14,0.05,0.2,momentum,2023-04-25,0.25,-1.0024547390767857
14,0.05,0.2,momentum,2023-05-24,0.25,1.4907753242716648
14,0.05,0.2,momentum,2023-06-26,0.25,2.9066308103460115
14,0.05,0.2,momentum,2023-07-26,0.25,0.19571677032517165
14,0.05,0.2,momentum,2023-08-24,0.25,-2.237675611090506
14,0.05,0.2,momentum,2023-09-25,0.25,1.165070155323833
14,0.05,0.2,momentum,2023-10-24,0.25,3.222392459537282
14,0.05,0.2,momentum,2023-11-22,0.25,1.6048570938534734
14,0.05,0.2,momentum,2023-12-22,0.25,-3.6025759696221127
14,0.05,0.2,momentum,2024-01-25,0.25,6.154117119639868
14,0.05,0.2,momentum,2024-02-26,0.25,2.3851755650296846
14,0.05,0.2,momentum,2024-03-26,0.25,-4.0287527296314245
14,0.05,0.2,momentum,2024-04-25,0.25,2.544894074664694
14,0.05,0.2,momentum,2024-05-24,0.25,-3.135710161628069
14,0.05,0.2,momentum,2024-06-26,0.25,-1.7260307525675755
14,0.05,0.2,momentum,2024-07-26,0.25,4.521488868475165
14,0.05,0.2,momentum,2024-08-26,0.25,0.47278374237440524
14,0.05,0.2,momentum,2024-09-25,0.25,3.5332183701203945
14,0.05,0.2,momentum,2024-10-24,0.25,7.25050483643388
14,0.05,0.2,momentum,2024-11-22,0.25,-4.438428591313803
14,0.05,0.2,momentum,2024-12-24,0.25,1.30935460596171
14,0.05,0.2,momentum,2025-01-28,0.25,-0.9755495573558703
14,0.05,0.2,momentum,2025-02-27,0.25,-0.19752350853415868
14,0.05,0.2,momentum,2025-03-28,0.0,0.0
14,0.05,0.2,momentum,2025-04-29,0.0,0.0
14,0.05,0.2,momentum,2025-05-29,0.25,0.6642315070835902
14,0.05,0.2,momentum,2025-06-30,0.25,4.137721235039016
14,0.05,0.2,momentum,2025-07-30,0.25,-0.6971377038134219
14,0.05,0.2,momentum,2025-08-28,0.25,9.878082282548029
14,0.05,0.2,momentum,2025-09-29,0.25,6.686212927852386
14,0.05,0.2,momentum,2025-10-28,0.25,-6.4282125552544755
14,0.05,0.2,momentum,2025-11-26,0.25,-1.3423779604661235
14,0.05,0.2,momentum,2025-12-29,0.25,3.5284679219034665
14,0.05,0.2,momentum,2026-01-29,0.25,-4.905664315271652
14,0.05,0.2,momentum,2026-03-02,0.25,-3.435594733195857
14,0.05,0.2,momentum,2026-03-31,0.0,0.0
14,0.05,0.2,momentum,2026-04-30,0.25,9.912738358650852
14,0.05,0.2,momentum,2026-06-01,0.25,-1.5368444562640748
14,0.05,0.2,momentum,2026-07-01,0.25,-4.810219910823399
14,0.05,0.2,qqq,2016-07-21,0.25,0.8378198065390308
14,0.05,0.2,qqq,2016-08-19,0.25,-0.053655073717762125
14,0.05,0.2,qqq,2016-09-20,0.25,0.026495069787846326
14,0.05,0.2,qqq,2016-10-19,0.25,-0.22372576312140735
14,0.05,0.2,qqq,2016-11-17,0.25,0.38464945740164236
14,0.05,0.2,qqq,2016-12-19,0.25,0.4698889446205001
14,0.05,0.2,qqq,2017-01-20,0.25,1.2950843881939678
14,0.05,0.2,qqq,2017-02-21,0.25,-0.09781383905840269
14,0.05,0.2,qqq,2017-03-22,0.25,0.345734945929288
14,0.05,0.2,qqq,2017-04-21,0.25,0.6593048671363233
14,0.05,0.2,qqq,2017-05-22,0.25,0.009030812464771998
14,0.05,0.2,qqq,2017-06-21,0.25,0.5182164304696313
14,0.05,0.2,qqq,2017-07-21,0.25,-0.5451708584145787
14,0.05,0.2,qqq,2017-08-21,0.25,0.7081940057554359
14,0.05,0.2,qqq,2017-09-20,0.25,0.5701521685898658
14,0.05,0.2,qqq,2017-10-19,0.25,0.8933695904375316
14,0.05,0.2,qqq,2017-11-17,0.25,0.7455099752311956
14,0.05,0.2,qqq,2017-12-19,0.25,1.2255424472240595
14,0.05,0.2,qqq,2018-01-22,0.25,-0.5455880523573375
14,0.05,0.2,qqq,2018-02-21,0.25,0.19884928348585795
14,0.05,0.2,qqq,2018-03-22,0.25,-0.09750661505630864
14,0.05,0.2,qqq,2018-04-23,0.25,0.8304962781515712
14,0.05,0.2,qqq,2018-05-22,0.25,1.5539963112778166
14,0.05,0.2,qqq,2018-06-21,0.25,0.330741469390583
14,0.05,0.2,qqq,2018-07-23,0.25,-0.2851363531764073
14,0.05,0.2,qqq,2018-08-21,0.25,0.3271158637386362
14,0.05,0.2,qqq,2018-09-20,0.25,-1.6298170694196479
14,0.05,0.2,qqq,2018-10-19,0.25,-0.9902711701328615
14,0.05,0.2,qqq,2018-11-19,0.0,0.0
14,0.05,0.2,qqq,2018-12-20,0.0,0.0
14,0.05,0.2,qqq,2019-01-23,0.0,0.0
14,0.05,0.2,qqq,2019-02-22,0.25,0.6195929370899522
14,0.05,0.2,qqq,2019-03-25,0.25,1.4378771515832556
14,0.05,0.2,qqq,2019-04-24,0.25,-1.3697158946333166
14,0.05,0.2,qqq,2019-05-23,0.25,1.2531809963923113
14,0.05,0.2,qqq,2019-06-24,0.25,0.7143552894600003
14,0.05,0.2,qqq,2019-07-24,0.25,-0.8016903855491919
14,0.05,0.2,qqq,2019-08-22,0.25,0.49249599698983904
14,0.05,0.2,qqq,2019-09-23,0.25,0.2133987537493054
14,0.05,0.2,qqq,2019-10-22,0.25,1.5020945696312404
14,0.05,0.2,qqq,2019-11-20,0.25,1.0534230863168847
14,0.05,0.2,qqq,2019-12-20,0.25,1.3470153191016854
14,0.05,0.2,qqq,2020-01-23,0.25,0.46201085923354146
14,0.05,0.2,qqq,2020-02-24,0.25,-5.9090695973891165
14,0.05,0.2,qqq,2020-03-24,0.0,0.0
14,0.05,0.2,qqq,2020-04-23,0.25,2.066971812421614
14,0.05,0.2,qqq,2020-05-22,0.25,1.4264679329264007
14,0.05,0.2,qqq,2020-06-23,0.25,1.6468345211722024
14,0.05,0.2,qqq,2020-07-23,0.25,2.4927824092462636
14,0.05,0.2,qqq,2020-08-21,0.25,-1.6016199528345099
14,0.05,0.2,qqq,2020-09-22,0.25,1.0740244806971777
14,0.05,0.2,qqq,2020-10-21,0.25,0.39294989407014924
14,0.05,0.2,qqq,2020-11-19,0.25,1.4660058062615278
14,0.05,0.2,qqq,2020-12-21,0.25,1.279475581967815
14,0.05,0.2,qqq,2021-01-22,0.25,-0.5407386893676147
14,0.05,0.2,qqq,2021-02-23,0.25,-0.13757048505204095
14,0.05,0.2,qqq,2021-03-24,0.25,1.9808597615037948
14,0.05,0.2,qqq,2021-04-23,0.25,-0.9798828666308212
14,0.05,0.2,qqq,2021-05-24,0.25,0.9884116541841736
14,0.05,0.2,qqq,2021-06-23,0.25,0.9645198861546689
14,0.05,0.2,qqq,2021-07-23,0.25,-0.033651952470992175
14,0.05,0.2,qqq,2021-08-23,0.25,-0.5360920104189981
14,0.05,0.2,qqq,2021-09-22,0.25,0.234031086355313
14,0.05,0.2,qqq,2021-10-21,0.25,1.660144956810039
14,0.05,0.2,qqq,2021-11-19,0.25,-1.5506133470102434
14,0.05,0.2,qqq,2021-12-21,0.25,-1.7942892195239146
14,0.05,0.2,qqq,2022-01-21,0.0,0.0
14,0.05,0.2,qqq,2022-02-22,0.0,0.0
14,0.05,0.2,qqq,2022-03-23,0.0,0.0
14,0.05,0.2,qqq,2022-04-22,0.0,0.0
14,0.05,0.2,qqq,2022-05-23,0.0,0.0
14,0.05,0.2,qqq,2022-06-23,0.0,0.0
14,0.05,0.2,qqq,2022-07-25,0.0,0.0
14,0.05,0.2,qqq,2022-08-23,0.0,0.0
14,0.05,0.2,qqq,2022-09-22,0.0,0.0
14,0.05,0.2,qqq,2022-10-21,0.0,0.0
14,0.05,0.2,qqq,2022-11-21,0.0,0.0
14,0.05,0.2,qqq,2022-12-21,0.0,0.0
14,0.05,0.2,qqq,2023-01-24,0.0,0.0
14,0.05,0.2,qqq,2023-02-23,0.25,1.529485240130235
14,0.05,0.2,qqq,2023-03-24,0.25,0.29836182644205067
14,0.05,0.2,qqq,2023-04-25,0.25,1.5356942042559218
14,0.05,0.2,qqq,2023-05-24,0.25,1.708145414568718
14,0.05,0.2,qqq,2023-06-26,0.25,1.3064157133330756
14,0.05,0.2,qqq,2023-07-26,0.25,-0.9591981329247878
14,0.05,0.2,qqq,2023-08-24,0.25,-0.3009172309250463
14,0.05,0.2,qqq,2023-09-25,0.25,-0.1422033928923927
14,0.05,0.2,qqq,2023-10-24,0.25,2.1722616197551003
14,0.05,0.2,qqq,2023-11-22,0.25,1.1624657205561162
14,0.05,0.2,qqq,2023-12-22,0.25,0.9745098945521669
14,0.05,0.2,qqq,2024-01-25,0.25,0.6754372471740933
14,0.05,0.2,qqq,2024-02-26,0.25,0.38775003264965857
14,0.05,0.2,qqq,2024-03-26,0.25,-1.1637730843678695
14,0.05,0.2,qqq,2024-04-25,0.25,1.4693871904568168
14,0.05,0.2,qqq,2024-05-24,0.25,1.0890397773834826
14,0.05,0.2,qqq,2024-06-26,0.25,-1.1854112812159645
14,0.05,0.2,qqq,2024-07-26,0.25,0.7156249024357741
14,0.05,0.2,qqq,2024-08-26,0.25,0.6011806056928748
14,0.05,0.2,qqq,2024-09-25,0.25,-0.3033094529509617
14,0.05,0.2,qqq,2024-10-24,0.25,0.4458862541078856
14,0.05,0.2,qqq,2024-11-22,0.25,0.6259413076246112
14,0.05,0.2,qqq,2024-12-24,0.25,-0.7162972878703822
14,0.05,0.2,qqq,2025-01-28,0.25,-0.42721862415762146
14,0.05,0.2,qqq,2025-02-27,0.25,-0.9375310258248892
14,0.05,0.2,qqq,2025-03-28,0.0,0.0
14,0.05,0.2,qqq,2025-04-29,0.0,0.0
14,0.05,0.2,qqq,2025-05-29,0.25,1.3557493478189908
14,0.05,0.2,qqq,2025-06-30,0.25,0.7456674643794736
14,0.05,0.2,qqq,2025-07-30,0.25,-0.09554444529310535
14,0.05,0.2,qqq,2025-08-28,0.25,0.9052659173512279
14,0.05,0.2,qqq,2025-09-29,0.25,1.186648359371545
14,0.05,0.2,qqq,2025-10-28,0.25,-1.0980569442322285
14,0.05,0.2,qqq,2025-11-26,0.25,0.297661903494828
14,0.05,0.2,qqq,2025-12-29,0.25,0.48862790384240906
14,0.05,0.2,qqq,2026-01-29,0.25,-0.7844470059513164
14,0.05,0.2,qqq,2026-03-02,0.25,-1.6124846592526998
14,0.05,0.2,qqq,2026-03-31,0.0,0.0
14,0.05,0.2,qqq,2026-04-30,0.25,2.5283519492931283
14,0.05,0.2,qqq,2026-06-01,0.25,-0.22439652369448115
14,0.05,0.2,qqq,2026-07-01,0.25,-1.4952094364544144
14,0.05,0.5,high,2016-07-21,0.25,0.008031422577547964
14,0.05,0.5,high,2016-08-19,0.25,-1.0798240879946297
14,0.05,0.5,high,2016-09-20,0.25,-0.23042308846219495
14,0.05,0.5,high,2016-10-19,0.25,0.46746783193640784
14,0.05,0.5,high,2016-11-17,0.25,2.593304563446619
14,0.05,0.5,high,2016-12-19,0.25,-0.8998752459771109
14,0.05,0.5,high,2017-01-20,0.25,1.7168286848561198
14,0.05,0.5,high,2017-02-21,0.25,0.03469442480672491
14,0.05,0.5,high,2017-03-22,0.25,0.1934330455848121
14,0.05,0.5,high,2017-04-21,0.25,0.6296582118681338
14,0.05,0.5,high,2017-05-22,0.25,0.9535912811715175
14,0.05,0.5,high,2017-06-21,0.25,0.35272417145033597
14,0.05,0.5,high,2017-07-21,0.25,-0.6650277031291951
14,0.05,0.5,high,2017-08-21,0.25,3.3408705787843163
14,0.05,0.5,high,2017-09-20,0.25,0.3008620699544551
14,0.05,0.5,high,2017-10-19,0.25,-0.03313958910801107
14,0.05,0.5,high,2017-11-17,0.25,0.0753982306599621
14,0.05,0.5,high,2017-12-19,0.25,1.8596105686957243
14,0.05,0.5,high,2018-01-22,0.25,-0.07293373681537263
14,0.05,0.5,high,2018-02-21,0.25,1.5484031384156216
14,0.05,0.5,high,2018-03-22,0.25,1.0898706310331185
14,0.05,0.5,high,2018-04-23,0.25,1.2795555320126217
14,0.05,0.5,high,2018-05-22,0.25,0.5107563705766482
14,0.05,0.5,high,2018-06-21,0.25,-0.3043648668615617
14,0.05,0.5,high,2018-07-23,0.25,-0.7347550768770139
14,0.05,0.5,high,2018-08-21,0.25,3.1910702611375186
14,0.05,0.5,high,2018-09-20,0.25,-1.3037648346577058
14,0.05,0.5,high,2018-10-19,0.25,0.7506733563982015
14,0.05,0.5,high,2018-11-19,0.0,0.0
14,0.05,0.5,high,2018-12-20,0.0,0.0
14,0.05,0.5,high,2019-01-23,0.0,0.0
14,0.05,0.5,high,2019-02-22,0.25,-0.0807738533215363
14,0.05,0.5,high,2019-03-25,0.25,-0.1431762888818522
14,0.05,0.5,high,2019-04-24,0.25,0.5380771001199713
14,0.05,0.5,high,2019-05-23,0.25,0.744612697747904
14,0.05,0.5,high,2019-06-24,0.25,0.23427959703756773
14,0.05,0.5,high,2019-07-24,0.25,-0.7614133696285164
14,0.05,0.5,high,2019-08-22,0.25,0.9149765742010763
14,0.05,0.5,high,2019-09-23,0.25,-0.3250293483155531
14,0.05,0.5,high,2019-10-22,0.25,0.7287810097774905
14,0.05,0.5,high,2019-11-20,0.25,0.5746453915447258
14,0.05,0.5,high,2019-12-20,0.25,0.5820287452893202
14,0.05,0.5,high,2020-01-23,0.25,0.5350576830430942
14,0.05,0.5,high,2020-02-24,0.25,-7.833823812611939
14,0.05,0.5,high,2020-03-24,0.0,0.0
14,0.05,0.5,high,2020-04-23,0.25,0.9367618993479487
14,0.05,0.5,high,2020-05-22,0.25,0.16321767247760022
14,0.05,0.5,high,2020-06-23,0.25,1.3262918533883727
14,0.05,0.5,high,2020-07-23,0.25,0.16169454852783538
14,0.05,0.5,high,2020-08-21,0.25,-1.2413054615665442
14,0.05,0.5,high,2020-09-22,0.25,2.8097859215394205
14,0.05,0.5,high,2020-10-21,0.25,1.9122112172215822
14,0.05,0.5,high,2020-11-19,0.25,2.549008815073983
14,0.05,0.5,high,2020-12-21,0.25,2.042182581120233
14,0.05,0.5,high,2021-01-22,0.25,-0.5414454527336354
14,0.05,0.5,high,2021-02-23,0.25,-0.6461051462550826
14,0.05,0.5,high,2021-03-24,0.25,1.8412093939584429
14,0.05,0.5,high,2021-04-23,0.25,-0.3434270978224241
14,0.05,0.5,high,2021-05-24,0.25,0.24752948934789742
14,0.05,0.5,high,2021-06-23,0.25,1.5385684677860167
14,0.05,0.5,high,2021-07-23,0.25,0.265597041558685
14,0.05,0.5,high,2021-08-23,0.25,-0.7910804953660255
14,0.05,0.5,high,2021-09-22,0.25,1.6741382165460506
14,0.05,0.5,high,2021-10-21,0.25,3.312970632481793
14,0.05,0.5,high,2021-11-19,0.25,-2.6477763944998456
14,0.05,0.5,high,2021-12-21,0.25,-1.6302266203294558
14,0.05,0.5,high,2022-01-21,0.0,0.0
14,0.05,0.5,high,2022-02-22,0.0,0.0
14,0.05,0.5,high,2022-03-23,0.0,0.0
14,0.05,0.5,high,2022-04-22,0.0,0.0
14,0.05,0.5,high,2022-05-23,0.0,0.0
14,0.05,0.5,high,2022-06-23,0.0,0.0
14,0.05,0.5,high,2022-07-25,0.0,0.0
14,0.05,0.5,high,2022-08-23,0.0,0.0
14,0.05,0.5,high,2022-09-22,0.0,0.0
14,0.05,0.5,high,2022-10-21,0.0,0.0
14,0.05,0.5,high,2022-11-21,0.0,0.0
14,0.05,0.5,high,2022-12-21,0.0,0.0
14,0.05,0.5,high,2023-01-24,0.0,0.0
14,0.05,0.5,high,2023-02-23,0.25,-0.5119555412659071
14,0.05,0.5,high,2023-03-24,0.25,0.25516649681323056
14,0.05,0.5,high,2023-04-25,0.25,-0.15363429962221842
14,0.05,0.5,high,2023-05-24,0.25,3.446512389301293
14,0.05,0.5,high,2023-06-26,0.25,1.0263437845608347
14,0.05,0.5,high,2023-07-26,0.25,-0.6855982306434805
14,0.05,0.5,high,2023-08-24,0.25,-0.7568449430270907
14,0.05,0.5,high,2023-09-25,0.25,-2.110176626866911
14,0.05,0.5,high,2023-10-24,0.25,0.730177530924081
14,0.05,0.5,high,2023-11-22,0.25,0.4710968735416099
14,0.05,0.5,high,2023-12-22,0.25,-1.2343975405261443
14,0.05,0.5,high,2024-01-25,0.25,1.3860308181488534
14,0.05,0.5,high,2024-02-26,0.25,-0.20570633152503515
14,0.05,0.5,high,2024-03-26,0.25,-0.015235321742468333
14,0.05,0.5,high,2024-04-25,0.25,0.08416425865365174
14,0.05,0.5,high,2024-05-24,0.25,0.42780760579974597
14,0.05,0.5,high,2024-06-26,0.25,-0.9081532933932768
14,0.05,0.5,high,2024-07-26,0.25,4.2505030541988065
14,0.05,0.5,high,2024-08-26,0.25,0.5315774867092893
14,0.05,0.5,high,2024-09-25,0.25,0.0131347155143402
14,0.05,0.5,high,2024-10-24,0.25,5.664593940054696
14,0.05,0.5,high,2024-11-22,0.25,-0.7235059153851697
14,0.05,0.5,high,2024-12-24,0.25,-0.37538647835806405
14,0.05,0.5,high,2025-01-28,0.25,-0.5194499781138506
14,0.05,0.5,high,2025-02-27,0.25,-0.10346641056476757
14,0.05,0.5,high,2025-03-28,0.0,0.0
14,0.05,0.5,high,2025-04-29,0.0,0.0
14,0.05,0.5,high,2025-05-29,0.25,0.3269507475483824
14,0.05,0.5,high,2025-06-30,0.25,0.2479017637679659
14,0.05,0.5,high,2025-07-30,0.25,-1.7612554722081342
14,0.05,0.5,high,2025-08-28,0.25,1.7738937214555772
14,0.05,0.5,high,2025-09-29,0.25,1.359446935179509
14,0.05,0.5,high,2025-10-28,0.25,-2.110082722651385
14,0.05,0.5,high,2025-11-26,0.25,-0.012160402792094072
14,0.05,0.5,high,2025-12-29,0.25,2.86597475511825
14,0.05,0.5,high,2026-01-29,0.25,-0.17462800305714232
14,0.05,0.5,high,2026-03-02,0.25,0.4779020726343841
14,0.05,0.5,high,2026-03-31,0.0,0.0
14,0.05,0.5,high,2026-04-30,0.25,2.101835762175419
14,0.05,0.5,high,2026-06-01,0.25,0.9059692425555488
14,0.05,0.5,high,2026-07-01,0.25,0.24044526265625255
14,0.05,0.5,momentum,2016-07-21,0.25,1.3771379202759837
14,0.05,0.5,momentum,2016-08-19,0.25,-1.4338193918163267
14,0.05,0.5,momentum,2016-09-20,0.25,0.4076591482837344
14,0.05,0.5,momentum,2016-10-19,0.25,2.6989376439526147
14,0.05,0.5,momentum,2016-11-17,0.25,1.7712358956119223
14,0.05,0.5,momentum,2016-12-19,0.25,0.08515666340249695
14,0.05,0.5,momentum,2017-01-20,0.25,2.8707342882840825
14,0.05,0.5,momentum,2017-02-21,0.25,-0.972329734197841
14,0.05,0.5,momentum,2017-03-22,0.25,-0.4614048830103856
14,0.05,0.5,momentum,2017-04-21,0.25,1.4594776903534834
14,0.05,0.5,momentum,2017-05-22,0.25,2.110283461375162
14,0.05,0.5,momentum,2017-06-21,0.25,0.3556202456088231
14,0.05,0.5,momentum,2017-07-21,0.25,-0.8971625288415219
14,0.05,0.5,momentum,2017-08-21,0.25,3.3079009948340454
14,0.05,0.5,momentum,2017-09-20,0.25,1.5493156551224185
14,0.05,0.5,momentum,2017-10-19,0.25,3.6627542951622294
14,0.05,0.5,momentum,2017-11-17,0.25,-0.48968277361531864
14,0.05,0.5,momentum,2017-12-19,0.25,1.0195977471990192
14,0.05,0.5,momentum,2018-01-22,0.25,-1.3281461476094214
14,0.05,0.5,momentum,2018-02-21,0.25,3.0741984145679524
14,0.05,0.5,momentum,2018-03-22,0.25,-0.08777495649952005
14,0.05,0.5,momentum,2018-04-23,0.25,3.3776493379080286
14,0.05,0.5,momentum,2018-05-22,0.25,-1.5873697400787368
14,0.05,0.5,momentum,2018-06-21,0.25,-0.42771967443758774
14,0.05,0.5,momentum,2018-07-23,0.25,-3.3101070682888034
14,0.05,0.5,momentum,2018-08-21,0.25,1.5241811475180223
14,0.05,0.5,momentum,2018-09-20,0.25,-2.6093298218809347
14,0.05,0.5,momentum,2018-10-19,0.25,0.6298287465842822
14,0.05,0.5,momentum,2018-11-19,0.0,0.0
14,0.05,0.5,momentum,2018-12-20,0.0,0.0
14,0.05,0.5,momentum,2019-01-23,0.0,0.0
14,0.05,0.5,momentum,2019-02-22,0.25,2.0190506566577504
14,0.05,0.5,momentum,2019-03-25,0.25,0.7426197489577069
14,0.05,0.5,momentum,2019-04-24,0.25,0.37782238734689333
14,0.05,0.5,momentum,2019-05-23,0.25,2.790248361534986
14,0.05,0.5,momentum,2019-06-24,0.25,1.5224925396857047
14,0.05,0.5,momentum,2019-07-24,0.25,2.003482897531672
14,0.05,0.5,momentum,2019-08-22,0.25,-3.4381880601877746
14,0.05,0.5,momentum,2019-09-23,0.25,-1.584438803737398
14,0.05,0.5,momentum,2019-10-22,0.25,-0.9910854839287997
14,0.05,0.5,momentum,2019-11-20,0.25,3.1151504272058483
14,0.05,0.5,momentum,2019-12-20,0.25,1.9422786512933499
14,0.05,0.5,momentum,2020-01-23,0.25,4.924205550707561
14,0.05,0.5,momentum,2020-02-24,0.25,-9.762939315406694
14,0.05,0.5,momentum,2020-03-24,0.0,0.0
14,0.05,0.5,momentum,2020-04-23,0.25,4.880549936940248
14,0.05,0.5,momentum,2020-05-22,0.25,-0.38974838990391003
14,0.05,0.5,momentum,2020-06-23,0.25,7.686736777291636
14,0.05,0.5,momentum,2020-07-23,0.25,5.330998001351905
14,0.05,0.5,momentum,2020-08-21,0.25,0.7465024170481005
14,0.05,0.5,momentum,2020-09-22,0.25,0.980377290922485
14,0.05,0.5,momentum,2020-10-21,0.25,0.6640847260573901
14,0.05,0.5,momentum,2020-11-19,0.25,6.017039535991375
14,0.05,0.5,momentum,2020-12-21,0.25,4.973428685093695
14,0.05,0.5,momentum,2021-01-22,0.25,-3.1149191760279527
14,0.05,0.5,momentum,2021-02-23,0.25,-1.2948019176748593
14,0.05,0.5,momentum,2021-03-24,0.25,2.861885118876595
14,0.05,0.5,momentum,2021-04-23,0.25,-4.852901024781186
14,0.05,0.5,momentum,2021-05-24,0.25,2.1170359919878035
14,0.05,0.5,momentum,2021-06-23,0.25,-1.3070733005495883
14,0.05,0.5,momentum,2021-07-23,0.25,1.2922509186948705
14,0.05,0.5,momentum,2021-08-23,0.25,-1.4007874217670024
14,0.05,0.5,momentum,2021-09-22,0.25,0.45829941222419457
14,0.05,0.5,momentum,2021-10-21,0.25,0.8292517506822694
14,0.05,0.5,momentum,2021-11-19,0.25,-3.8100361481937184
14,0.05,0.5,momentum,2021-12-21,0.25,-4.72715804233882
14,0.05,0.5,momentum,2022-01-21,0.0,0.0
14,0.05,0.5,momentum,2022-02-22,0.0,0.0
14,0.05,0.5,momentum,2022-03-23,0.0,0.0
14,0.05,0.5,momentum,2022-04-22,0.0,0.0
14,0.05,0.5,momentum,2022-05-23,0.0,0.0
14,0.05,0.5,momentum,2022-06-23,0.0,0.0
14,0.05,0.5,momentum,2022-07-25,0.0,0.0
14,0.05,0.5,momentum,2022-08-23,0.0,0.0
14,0.05,0.5,momentum,2022-09-22,0.0,0.0
14,0.05,0.5,momentum,2022-10-21,0.0,0.0
14,0.05,0.5,momentum,2022-11-21,0.0,0.0
14,0.05,0.5,momentum,2022-12-21,0.0,0.0
14,0.05,0.5,momentum,2023-01-24,0.0,0.0
14,0.05,0.5,momentum,2023-02-23,0.25,0.9079616054979089
14,0.05,0.5,momentum,2023-03-24,0.25,0.25865903177149097
14,0.05,0.5,momentum,2023-04-25,0.25,-1.0743397270900124
14,0.05,0.5,momentum,2023-05-24,0.25,1.4114218301562786
14,0.05,0.5,momentum,2023-06-26,0.25,2.8230361009922156
14,0.05,0.5,momentum,2023-07-26,0.25,0.12024264252057382
14,0.05,0.5,momentum,2023-08-24,0.25,-2.3058604774198965
14,0.05,0.5,momentum,2023-09-25,0.25,1.0866923156727326
14,0.05,0.5,momentum,2023-10-24,0.25,3.137851881674014
14,0.05,0.5,momentum,2023-11-22,0.25,1.5251618661753508
14,0.05,0.5,momentum,2023-12-22,0.25,-3.666672257522108
14,0.05,0.5,momentum,2024-01-25,0.25,6.0607945188755785
14,0.05,0.5,momentum,2024-02-26,0.25,2.3031428822769984
14,0.05,0.5,momentum,2024-03-26,0.25,-4.091572398987675
14,0.05,0.5,momentum,2024-04-25,0.25,2.462382952845643
14,0.05,0.5,momentum,2024-05-24,0.25,-3.2012049526935704
14,0.05,0.5,momentum,2024-06-26,0.25,-1.7957482583449647
14,0.05,0.5,momentum,2024-07-26,0.25,4.433056828849069
14,0.05,0.5,momentum,2024-08-26,0.25,0.3964796565158579
14,0.05,0.5,momentum,2024-09-25,0.25,3.447746708822841
14,0.05,0.5,momentum,2024-10-24,0.25,7.153897990676095
14,0.05,0.5,momentum,2024-11-22,0.25,-4.50002107080183
14,0.05,0.5,momentum,2024-12-24,0.25,1.2305445601873854
14,0.05,0.5,momentum,2025-01-28,0.25,-1.047515140223465
14,0.05,0.5,momentum,2025-02-27,0.25,-0.2718196794925465
14,0.05,0.5,momentum,2025-03-28,0.0,0.0
14,0.05,0.5,momentum,2025-04-29,0.0,0.0
14,0.05,0.5,momentum,2025-05-29,0.25,0.5873539367239555
14,0.05,0.5,momentum,2025-06-30,0.25,4.050438776815057
14,0.05,0.5,momentum,2025-07-30,0.25,-0.7699372733466103
14,0.05,0.5,momentum,2025-08-28,0.25,9.773604491192955
14,0.05,0.5,momentum,2025-09-29,0.25,6.591296426529558
14,0.05,0.5,momentum,2025-10-28,0.25,-6.483844608588852
14,0.05,0.5,momentum,2025-11-26,0.25,-1.413244703636829
14,0.05,0.5,momentum,2025-12-29,0.25,3.443010490641063
14,0.05,0.5,momentum,2026-01-29,0.25,-4.965857183505662
14,0.05,0.5,momentum,2026-03-02,0.25,-3.500191215763615
14,0.05,0.5,momentum,2026-03-31,0.0,0.0
14,0.05,0.5,momentum,2026-04-30,0.25,9.808156754527086
14,0.05,0.5,momentum,2026-06-01,0.25,-1.607128672281788
14,0.05,0.5,momentum,2026-07-01,0.25,-4.870698684127905
14,0.05,0.5,qqq,2016-07-21,0.25,0.7604222499603797
14,0.05,0.5,qqq,2016-08-19,0.25,-0.1283822046180827
14,0.05,0.5,qqq,2016-09-20,0.25,-0.04847215200688426
14,0.05,0.5,qqq,2016-10-19,0.25,-0.2979434448536544
14,0.05,0.5,qqq,2016-11-17,0.25,0.3086093790467537
14,0.05,0.5,qqq,2016-12-19,0.25,0.39359353016976684
14,0.05,0.5,qqq,2017-01-20,0.25,1.2163170890598485
14,0.05,0.5,qqq,2017-02-21,0.25,-0.17240869174931506
14,0.05,0.5,qqq,2017-03-22,0.25,0.2698114365468074
14,0.05,0.5,qqq,2017-04-21,0.25,0.5824420545966991
14,0.05,0.5,qqq,2017-05-22,0.25,-0.06588409489883817
14,0.05,0.5,qqq,2017-06-21,0.25,0.4417762503479583
14,0.05,0.5,qqq,2017-07-21,0.25,-0.6184256467937521
14,0.05,0.5,qqq,2017-08-21,0.25,0.6311847451059727
14,0.05,0.5,qqq,2017-09-20,0.25,0.4935564142262594
14,0.05,0.5,qqq,2017-10-19,0.25,0.8158056336914354
14,0.05,0.5,qqq,2017-11-17,0.25,0.6683889340646454
14,0.05,0.5,qqq,2017-12-19,0.25,1.1469834619628472
14,0.05,0.5,qqq,2018-01-22,0.25,-0.6188415910261091
14,0.05,0.5,qqq,2018-02-21,0.25,0.12336577219356215
14,0.05,0.5,qqq,2018-03-22,0.25,-0.17210238804109546
14,0.05,0.5,qqq,2018-04-23,0.25,0.7531206593063722
14,0.05,0.5,qqq,2018-05-22,0.25,1.4744534377970187
14,0.05,0.5,qqq,2018-06-21,0.25,0.25486287318023937
14,0.05,0.5,qqq,2018-07-23,0.25,-0.35917007861303585
14,0.05,0.5,qqq,2018-08-21,0.25,0.2512481280815715
14,0.05,0.5,qqq,2018-09-20,0.25,-1.6998227846528269
14,0.05,0.5,qqq,2018-10-19,0.25,-1.062192654200067
14,0.05,0.5,qqq,2018-11-19,0.0,0.0
14,0.05,0.5,qqq,2018-12-20,0.0,0.0
14,0.05,0.5,qqq,2019-01-23,0.0,0.0
14,0.05,0.5,qqq,2019-02-22,0.25,0.5428490822013909
14,0.05,0.5,qqq,2019-03-25,0.25,1.3586821146962302
14,0.05,0.5,qqq,2019-04-24,0.25,-1.440500746633544
14,0.05,0.5,qqq,2019-05-23,0.25,1.1745392194641102
14,0.05,0.5,qqq,2019-06-24,0.25,0.6373275725976235
14,0.05,0.5,qqq,2019-07-24,0.25,-0.8741767660377597
14,0.05,0.5,qqq,2019-08-22,0.25,0.41613286279231776
14,0.05,0.5,qqq,2019-09-23,0.25,0.1378716593120055
14,0.05,0.5,qqq,2019-10-22,0.25,1.4227071685554593
14,0.05,0.5,qqq,2019-11-20,0.25,0.9753796870483278
14,0.05,0.5,qqq,2019-12-20,0.25,1.2680924601257137
14,0.05,0.5,qqq,2020-01-23,0.25,0.38573904369962886
14,0.05,0.5,qqq,2020-02-24,0.25,-5.966256750834664
14,0.05,0.5,qqq,2020-03-24,0.0,0.0
14,0.05,0.5,qqq,2020-04-23,0.25,1.9858923135339435
14,0.05,0.5,qqq,2020-05-22,0.25,1.3473070725160685
14,0.05,0.5,qqq,2020-06-23,0.25,1.5670135495137627
14,0.05,0.5,qqq,2020-07-23,0.25,2.41042738866184
14,0.05,0.5,qqq,2020-08-21,0.25,-1.6717101329313033
14,0.05,0.5,qqq,2020-09-22,0.25,0.9959193696588597
14,0.05,0.5,qqq,2020-10-21,0.25,0.31688495163924024
14,0.05,0.5,qqq,2020-11-19,0.25,1.386726509589531
14,0.05,0.5,qqq,2020-12-21,0.25,1.2007550392346467
14,0.05,0.5,qqq,2021-01-22,0.25,-0.6140067543721539
14,0.05,0.5,qqq,2021-02-23,0.25,-0.21204624614464818
14,0.05,0.5,qqq,2021-03-24,0.25,1.900038212488897
14,0.05,0.5,qqq,2021-04-23,0.25,-1.051835469008866
14,0.05,0.5,qqq,2021-05-24,0.25,0.9105629975848517
14,0.05,0.5,qqq,2021-06-23,0.25,0.8867427976861908
14,0.05,0.5,qqq,2021-07-23,0.25,-0.10843900300540055
14,0.05,0.5,qqq,2021-08-23,0.25,-0.6093739946164134
14,0.05,0.5,qqq,2021-09-22,0.25,0.15844218747231853
14,0.05,0.5,qqq,2021-10-21,0.25,1.580284113552377
14,0.05,0.5,qqq,2021-11-19,0.25,-1.6208563181199676
14,0.05,0.5,qqq,2021-12-21,0.25,-1.8638022560930834
14,0.05,0.5,qqq,2022-01-21,0.0,0.0
14,0.05,0.5,qqq,2022-02-22,0.0,0.0
14,0.05,0.5,qqq,2022-03-23,0.0,0.0
14,0.05,0.5,qqq,2022-04-22,0.0,0.0
14,0.05,0.5,qqq,2022-05-23,0.0,0.0
14,0.05,0.5,qqq,2022-06-23,0.0,0.0
14,0.05,0.5,qqq,2022-07-25,0.0,0.0
14,0.05,0.5,qqq,2022-08-23,0.0,0.0
14,0.05,0.5,qqq,2022-09-22,0.0,0.0
14,0.05,0.5,qqq,2022-10-21,0.0,0.0
14,0.05,0.5,qqq,2022-11-21,0.0,0.0
14,0.05,0.5,qqq,2022-12-21,0.0,0.0
14,0.05,0.5,qqq,2023-01-24,0.0,0.0
14,0.05,0.5,qqq,2023-02-23,0.25,1.4500157899115296
14,0.05,0.5,qqq,2023-03-24,0.25,0.2225802239125052
14,0.05,0.5,qqq,2023-04-25,0.25,1.4562061549969307
14,0.05,0.5,qqq,2023-05-24,0.25,1.6281407852573926
14,0.05,0.5,qqq,2023-06-26,0.25,1.2276144710533954
14,0.05,0.5,qqq,2023-07-26,0.25,-1.0312126967167434
14,0.05,0.5,qqq,2023-08-24,0.25,-0.37490368451801315
14,0.05,0.5,qqq,2023-09-25,0.25,-0.21666527604370378
14,0.05,0.5,qqq,2023-10-24,0.25,2.0908667237525824
14,0.05,0.5,qqq,2023-11-22,0.25,1.084095682526387
14,0.05,0.5,qqq,2023-12-22,0.25,0.8967028808714916
14,0.05,0.5,qqq,2024-01-25,0.25,0.5985261098607086
14,0.05,0.5,qqq,2024-02-26,0.25,0.31170066647756567
14,0.05,0.5,qqq,2024-03-26,0.25,-1.2351748409842322
14,0.05,0.5,qqq,2024-04-25,0.25,1.3900977648003687
14,0.05,0.5,qqq,2024-05-24,0.25,1.0108896878104456
14,0.05,0.5,qqq,2024-06-26,0.25,-1.2567482203060365
14,0.05,0.5,qqq,2024-07-26,0.25,0.6385933824296641
14,0.05,0.5,qqq,2024-08-26,0.25,0.5244919052048047
14,0.05,0.5,qqq,2024-09-25,0.25,-0.37728874060884987
14,0.05,0.5,qqq,2024-10-24,0.25,0.36966274005785227
14,0.05,0.5,qqq,2024-11-22,0.25,0.5491784361018492
14,0.05,0.5,qqq,2024-12-24,0.25,-0.7890394645971299
14,0.05,0.5,qqq,2025-01-28,0.25,-0.500826740131477
14,0.05,0.5,qqq,2025-02-27,0.25,-1.0096104937442063
14,0.05,0.5,qqq,2025-03-28,0.0,0.0
14,0.05,0.5,qqq,2025-04-29,0.0,0.0
14,0.05,0.5,qqq,2025-05-29,0.25,1.2768003259358007
14,0.05,0.5,qqq,2025-06-30,0.25,0.6685459514519376
14,0.05,0.5,qqq,2025-07-30,0.25,-0.17014609598532404
14,0.05,0.5,qqq,2025-08-28,0.25,0.8276663249887406
14,0.05,0.5,qqq,2025-09-29,0.25,1.1082058819034346
14,0.05,0.5,qqq,2025-10-28,0.25,-1.1696555544806864
14,0.05,0.5,qqq,2025-11-26,0.25,0.22188239759441952
14,0.05,0.5,qqq,2025-12-29,0.25,0.41227635657290485
14,0.05,0.5,qqq,2026-01-29,0.25,-0.8569850392286305
14,0.05,0.5,qqq,2026-03-02,0.25,-1.6825422939669599
14,0.05,0.5,qqq,2026-03-31,0.0,0.0
14,0.05,0.5,qqq,2026-04-30,0.25,2.4458903796457765
14,0.05,0.5,qqq,2026-06-01,0.25,-0.29861219615389123
14,0.05,0.5,qqq,2026-07-01,0.25,-1.56561837076592
14,0.05,1.0,high,2016-07-21,0.25,-0.11669846893018754
14,0.05,1.0,high,2016-08-19,0.25,-1.1991281985795799
14,0.05,1.0,high,2016-09-20,0.25,-0.35396366583366756
14,0.05,1.0,high,2016-10-19,0.25,0.3404464584432887
14,0.05,1.0,high,2016-11-17,0.25,2.4556803807837646
14,0.05,1.0,high,2016-12-19,0.25,-1.0200768682119166
14,0.05,1.0,high,2017-01-20,0.25,1.5835760074668581
14,0.05,1.0,high,2017-02-21,0.25,-0.0901684509139633
14,0.05,1.0,high,2017-03-22,0.25,0.06777844617291695
14,0.05,1.0,high,2017-04-21,0.25,0.5018278987127589
14,0.05,1.0,high,2017-05-22,0.25,0.8241453215901418
14,0.05,1.0,high,2017-06-21,0.25,0.22627509267652002
14,0.05,1.0,high,2017-07-21,0.25,-0.7864006494096798
14,0.05,1.0,high,2017-08-21,0.25,3.1995178408260605
14,0.05,1.0,high,2017-09-20,0.25,0.17467165825377773
14,0.05,1.0,high,2017-10-19,0.25,-0.1576641363511988
14,0.05,1.0,high,2017-11-17,0.25,-0.0496676590925782
14,0.05,1.0,high,2017-12-19,0.25,1.7256457533304737
14,0.05,1.0,high,2018-01-22,0.25,-0.1972598070316356
14,0.05,1.0,high,2018-02-21,0.25,1.4159904991636996
14,0.05,1.0,high,2018-03-22,0.25,0.9597449654710433
14,0.05,1.0,high,2018-04-23,0.25,1.148483795297639
14,0.05,1.0,high,2018-05-22,0.25,0.3835190914555753
14,0.05,1.0,high,2018-06-21,0.25,-0.4275366527099589
14,0.05,1.0,high,2018-07-23,0.25,-0.8557802513710744
14,0.05,1.0,high,2018-08-21,0.25,3.0504646662491197
14,0.05,1.0,high,2018-09-20,0.25,-1.4219520198612279
14,0.05,1.0,high,2018-10-19,0.25,0.6222394689113342
14,0.05,1.0,high,2018-11-19,0.0,0.0
14,0.05,1.0,high,2018-12-20,0.0,0.0
14,0.05,1.0,high,2019-01-23,0.0,0.0
14,0.05,1.0,high,2019-02-22,0.25,-0.20506082022475614
14,0.05,1.0,high,2019-03-25,0.25,-0.2671520178117337
14,0.05,1.0,high,2019-04-24,0.25,0.41070355630958844
14,0.05,1.0,high,2019-05-23,0.25,0.616209038361859
14,0.05,1.0,high,2019-06-24,0.25,0.10842127163683823
14,0.05,1.0,high,2019-07-24,0.25,-0.8823055833986126
14,0.05,1.0,high,2019-08-22,0.25,0.785723209075817
14,0.05,1.0,high,2019-09-23,0.25,-0.448098068133429
14,0.05,1.0,high,2019-10-22,0.25,0.6004563124132778
14,0.05,1.0,high,2019-11-20,0.25,0.4470894599668096
14,0.05,1.0,high,2019-12-20,0.25,0.45443598854526535
14,0.05,1.0,high,2020-01-23,0.25,0.4076991988572809
14,0.05,1.0,high,2020-02-24,0.25,-7.919441719006725
14,0.05,1.0,high,2020-03-24,0.0,0.0
14,0.05,1.0,high,2020-04-23,0.25,0.8073998778796332
14,0.05,1.0,high,2020-05-22,0.25,0.03771377506003315
14,0.05,1.0,high,2020-06-23,0.25,1.194987014907145
14,0.05,1.0,high,2020-07-23,0.25,0.0361982478331635
14,0.05,1.0,high,2020-08-21,0.25,-1.3598041687246432
14,0.05,1.0,high,2020-09-22,0.25,2.671082017892057
14,0.05,1.0,high,2020-10-21,0.25,1.7779840512109235
14,0.05,1.0,high,2020-11-19,0.25,2.4116055615916343
14,0.05,1.0,high,2020-12-21,0.25,1.9073071707978118
14,0.05,1.0,high,2021-01-22,0.25,-0.6634347770257953
14,0.05,1.0,high,2021-02-23,0.25,-0.7675724705546116
14,0.05,1.0,high,2021-03-24,0.25,1.7073363561701305
14,0.05,1.0,high,2021-04-23,0.25,-0.4664040571469852
14,0.05,1.0,high,2021-05-24,0.25,0.12160507887220007
14,0.05,1.0,high,2021-06-23,0.25,1.4062048798720417
14,0.05,1.0,high,2021-07-23,0.25,0.13958251747956396
14,0.05,1.0,high,2021-08-23,0.25,-0.91182474157675
14,0.05,1.0,high,2021-09-22,0.25,1.5410984618531076
14,0.05,1.0,high,2021-10-21,0.25,3.1717570481105017
14,0.05,1.0,high,2021-11-19,0.25,-2.7592601965697017
14,0.05,1.0,high,2021-12-21,0.25,-1.7467855468979554
14,0.05,1.0,high,2022-01-21,0.0,0.0
14,0.05,1.0,high,2022-02-22,0.0,0.0
14,0.05,1.0,high,2022-03-23,0.0,0.0
14,0.05,1.0,high,2022-04-22,0.0,0.0
14,0.05,1.0,high,2022-05-23,0.0,0.0
14,0.05,1.0,high,2022-06-23,0.0,0.0
14,0.05,1.0,high,2022-07-25,0.0,0.0
14,0.05,1.0,high,2022-08-23,0.0,0.0
14,0.05,1.0,high,2022-09-22,0.0,0.0
14,0.05,1.0,high,2022-10-21,0.0,0.0
14,0.05,1.0,high,2022-11-21,0.0,0.0
14,0.05,1.0,high,2022-12-21,0.0,0.0
14,0.05,1.0,high,2023-01-24,0.0,0.0
14,0.05,1.0,high,2023-02-23,0.25,-0.6340919492447306
14,0.05,1.0,high,2023-03-24,0.25,0.12920399604980926
14,0.05,1.0,high,2023-04-25,0.25,-0.277557868247158
14,0.05,1.0,high,2023-05-24,0.25,3.3046327529502095
14,0.05,1.0,high,2023-06-26,0.25,0.8965349650764898
14,0.05,1.0,high,2023-07-26,0.25,-0.8068685794974773
14,0.05,1.0,high,2023-08-24,0.25,-0.8777599422513771
14,0.05,1.0,high,2023-09-25,0.25,-2.2243417579689617
14,0.05,1.0,high,2023-10-24,0.25,0.601845868280293
14,0.05,1.0,high,2023-11-22,0.25,0.3440573998646723
14,0.05,1.0,high,2023-12-22,0.25,-1.3529307015853753
14,0.05,1.0,high,2024-01-25,0.25,1.2544280260035734
14,0.05,1.0,high,2024-02-26,0.25,-0.3293701860293319
14,0.05,1.0,high,2024-03-26,0.25,-0.1398491681907199
14,0.05,1.0,high,2024-04-25,0.25,-0.04094535248192477
14,0.05,1.0,high,2024-05-24,0.25,0.3009840413872311
14,0.05,1.0,high,2024-06-26,0.25,-1.0283136280937466
14,0.05,1.0,high,2024-07-26,0.25,4.104613439344784
14,0.05,1.0,high,2024-08-26,0.25,0.40423636032762555
14,0.05,1.0,high,2024-09-25,0.25,-0.1116206291434163
14,0.05,1.0,high,2024-10-24,0.25,5.511651414885765
14,0.05,1.0,high,2024-11-22,0.25,-0.8445871961224038
14,0.05,1.0,high,2024-12-24,0.25,-0.49820403728843
14,0.05,1.0,high,2025-01-28,0.25,-0.641549006889186
14,0.05,1.0,high,2025-02-27,0.25,-0.22764019622011356
14,0.05,1.0,high,2025-03-28,0.0,0.0
14,0.05,1.0,high,2025-04-29,0.0,0.0
14,0.05,1.0,high,2025-05-29,0.25,0.20063021613252463
14,0.05,1.0,high,2025-06-30,0.25,0.12197549653885087
14,0.05,1.0,high,2025-07-30,0.25,-1.8771608801448458
14,0.05,1.0,high,2025-08-28,0.25,1.6403564268685944
14,0.05,1.0,high,2025-09-29,0.25,1.227976732632441
14,0.05,1.0,high,2025-10-28,0.25,-2.2242483221094678
14,0.05,1.0,high,2025-11-26,0.25,-0.13678958568568156
14,0.05,1.0,high,2025-12-29,0.25,2.726990604417523
14,0.05,1.0,high,2026-01-29,0.25,-0.29844686362618944
14,0.05,1.0,high,2026-03-02,0.25,0.35082865739164415
14,0.05,1.0,high,2026-03-31,0.0,0.0
14,0.05,1.0,high,2026-04-30,0.25,1.966662826043164
14,0.05,1.0,high,2026-06-01,0.25,0.7767608023377948
14,0.05,1.0,high,2026-07-01,0.25,0.11455618542259849
14,0.05,1.0,momentum,2016-07-21,0.25,1.2455794822890942
14,0.05,1.0,momentum,2016-08-19,0.25,-1.5513579177739212
14,0.05,1.0,momentum,2016-09-20,0.25,0.2809360761841795
14,0.05,1.0,momentum,2016-10-19,0.25,2.5607866064386586
14,0.05,1.0,momentum,2016-11-17,0.25,1.637711857179469
14,0.05,1.0,momentum,2016-12-19,0.25,-0.03995789744440925
14,0.05,1.0,momentum,2017-01-20,0.25,2.731726398967327
14,0.05,1.0,momentum,2017-02-21,0.25,-1.0921699829081755
14,0.05,1.0,momentum,2017-03-22,0.25,-0.5837934171167403
14,0.05,1.0,momentum,2017-04-21,0.25,1.3275085750759752
14,0.05,1.0,momentum,2017-05-22,0.25,1.9750683915544576
14,0.05,1.0,momentum,2017-06-21,0.25,0.22915672239476326
14,0.05,1.0,momentum,2017-07-21,0.25,-1.017377681006304
14,0.05,1.0,momentum,2017-08-21,0.25,3.1667126957538594
14,0.05,1.0,momentum,2017-09-20,0.25,1.4168984646081961
14,0.05,1.0,momentum,2017-10-19,0.25,3.5197961321169924
14,0.05,1.0,momentum,2017-11-17,0.25,-0.6119302691022122
14,0.05,1.0,momentum,2017-12-19,0.25,0.8898225742058674
14,0.05,1.0,momentum,2018-01-22,0.25,-1.4462117287383003
14,0.05,1.0,momentum,2018-02-21,0.25,2.9341757289256476
14,0.05,1.0,momentum,2018-03-22,0.25,-0.2120270047470063
14,0.05,1.0,momentum,2018-04-23,0.25,3.2361131624549344
14,0.05,1.0,momentum,2018-05-22,0.25,-1.7041424193386612
14,0.05,1.0,momentum,2018-06-21,0.25,-0.5502762166666009
14,0.05,1.0,momentum,2018-07-23,0.25,-3.4182874342869263
14,0.05,1.0,momentum,2018-08-21,0.25,1.3918893177070624
14,0.05,1.0,momentum,2018-09-20,0.25,-2.721005379821162
14,0.05,1.0,momentum,2018-10-19,0.25,0.5019975828711054
14,0.05,1.0,momentum,2018-11-19,0.0,0.0
14,0.05,1.0,momentum,2018-12-20,0.0,0.0
14,0.05,1.0,momentum,2019-01-23,0.0,0.0
14,0.05,1.0,momentum,2019-02-22,0.25,1.8842906189682207
14,0.05,1.0,momentum,2019-03-25,0.25,0.6142260295898483
14,0.05,1.0,momentum,2019-04-24,0.25,0.2512481288781121
14,0.05,1.0,momentum,2019-05-23,0.25,2.65164190329219
14,0.05,1.0,momentum,2019-06-24,0.25,1.390209131963993
14,0.05,1.0,momentum,2019-07-24,0.25,1.8688005054942058
14,0.05,1.0,momentum,2019-08-22,0.25,-3.5457296102809788
14,0.05,1.0,momentum,2019-09-23,0.25,-1.701226101315989
14,0.05,1.0,momentum,2019-10-22,0.25,-1.110832186586297
14,0.05,1.0,momentum,2019-11-20,0.25,2.974923489577175
14,0.05,1.0,momentum,2019-12-20,0.25,1.8079015211481142
14,0.05,1.0,momentum,2020-01-23,0.25,4.774955781754264
14,0.05,1.0,momentum,2020-02-24,0.25,-9.83893557812615
14,0.05,1.0,momentum,2020-03-24,0.0,0.0
14,0.05,1.0,momentum,2020-04-23,0.25,4.7315179044364
14,0.05,1.0,momentum,2020-05-22,0.25,-0.5124943174596108
14,0.05,1.0,momentum,2020-06-23,0.25,7.52370862593168
14,0.05,1.0,momentum,2020-07-23,0.25,5.179719317072307
14,0.05,1.0,momentum,2020-08-21,0.25,0.6180893325106407
14,0.05,1.0,momentum,2020-09-22,0.25,0.8507977336166705
14,0.05,1.0,momentum,2020-10-21,0.25,0.5360827074484042
14,0.05,1.0,momentum,2020-11-19,0.25,5.862339155507867
14,0.05,1.0,momentum,2020-12-21,0.25,4.82393341116214
14,0.05,1.0,momentum,2021-01-22,0.25,-3.224073059861765
14,0.05,1.0,momentum,2021-02-23,0.25,-1.4130338062636305
14,0.05,1.0,momentum,2021-03-24,0.25,2.722921365618447
14,0.05,1.0,momentum,2021-04-23,0.25,-4.953386561883743
14,0.05,1.0,momentum,2021-05-24,0.25,1.9817872432902561
14,0.05,1.0,momentum,2021-06-23,0.25,-1.4252439844705922
14,0.05,1.0,momentum,2021-07-23,0.25,1.1611158625535412
14,0.05,1.0,momentum,2021-08-23,0.25,-1.518490697759134
14,0.05,1.0,momentum,2021-09-22,0.25,0.3313237670803826
14,0.05,1.0,momentum,2021-10-21,0.25,0.700425946117722
14,0.05,1.0,momentum,2021-11-19,0.25,-3.9157230712316915
14,0.05,1.0,momentum,2021-12-21,0.25,-4.828270734305862
14,0.05,1.0,momentum,2022-01-21,0.0,0.0
14,0.05,1.0,momentum,2022-02-22,0.0,0.0
14,0.05,1.0,momentum,2022-03-23,0.0,0.0
14,0.05,1.0,momentum,2022-04-22,0.0,0.0
14,0.05,1.0,momentum,2022-05-23,0.0,0.0
14,0.05,1.0,momentum,2022-06-23,0.0,0.0
14,0.05,1.0,momentum,2022-07-25,0.0,0.0
14,0.05,1.0,momentum,2022-08-23,0.0,0.0
14,0.05,1.0,momentum,2022-09-22,0.0,0.0
14,0.05,1.0,momentum,2022-10-21,0.0,0.0
14,0.05,1.0,momentum,2022-11-21,0.0,0.0
14,0.05,1.0,momentum,2022-12-21,0.0,0.0
14,0.05,1.0,momentum,2023-01-24,0.0,0.0
14,0.05,1.0,momentum,2023-02-23,0.25,0.7787432281839868
14,0.05,1.0,momentum,2023-03-24,0.25,0.13267911166390256
14,0.05,1.0,momentum,2023-04-25,0.25,-1.1936711914370068
14,0.05,1.0,momentum,2023-05-24,0.25,1.2796923979680574
14,0.05,1.0,momentum,2023-06-26,0.25,2.684266110837763
14,0.05,1.0,momentum,2023-07-26,0.25,-0.00504691292284587
14,0.05,1.0,momentum,2023-08-24,0.25,-2.4190496170479747
14,0.05,1.0,momentum,2023-09-25,0.25,0.9565825022552543
14,0.05,1.0,momentum,2023-10-24,0.25,2.9975117184217304
14,0.05,1.0,momentum,2023-11-22,0.25,1.3928651449385487
14,0.05,1.0,momentum,2023-12-22,0.25,-3.7730742213494817
14,0.05,1.0,momentum,2024-01-25,0.25,5.905875906329916
14,0.05,1.0,momentum,2024-02-26,0.25,2.1669659080889137
14,0.05,1.0,momentum,2024-03-26,0.25,-4.195855133690163
14,0.05,1.0,momentum,2024-04-25,0.25,2.3254117539387
14,0.05,1.0,momentum,2024-05-24,0.25,-3.3099284781605065
14,0.05,1.0,momentum,2024-06-26,0.25,-1.9114816302905346
14,0.05,1.0,momentum,2024-07-26,0.25,4.286256710000469
14,0.05,1.0,momentum,2024-08-26,0.25,0.269812343175202
14,0.05,1.0,momentum,2024-09-25,0.25,3.305860916187875
14,0.05,1.0,momentum,2024-10-24,0.25,6.9935274225110255
14,0.05,1.0,momentum,2024-11-22,0.25,-4.602266629620266
14,0.05,1.0,momentum,2024-12-24,0.25,1.0997172702701175
14,0.05,1.0,momentum,2025-01-28,0.25,-1.166980394701822
14,0.05,1.0,momentum,2025-02-27,0.25,-0.39515378750140107
14,0.05,1.0,momentum,2025-03-28,0.0,0.0
14,0.05,1.0,momentum,2025-04-29,0.0,0.0
14,0.05,1.0,momentum,2025-05-29,0.25,0.4597346200904573
14,0.05,1.0,momentum,2025-06-30,0.25,3.9055470012227866
14,0.05,1.0,momentum,2025-07-30,0.25,-0.8907869733511098
14,0.05,1.0,momentum,2025-08-28,0.25,9.60016789227678
14,0.05,1.0,momentum,2025-09-29,0.25,6.4337318861910076
14,0.05,1.0,momentum,2025-10-28,0.25,-6.576195662299789
14,0.05,1.0,momentum,2025-11-26,0.25,-1.5308858477726006
14,0.05,1.0,momentum,2025-12-29,0.25,3.3011483203365
14,0.05,1.0,momentum,2026-01-29,0.25,-5.065779341220811
14,0.05,1.0,momentum,2026-03-02,0.25,-3.6074235193296778
14,0.05,1.0,momentum,2026-03-31,0.0,0.0
14,0.05,1.0,momentum,2026-04-30,0.25,9.634547822971706
14,0.05,1.0,momentum,2026-06-01,0.25,-1.723802802022667
14,0.05,1.0,momentum,2026-07-01,0.25,-4.971095453742846
14,0.05,1.0,qqq,2016-07-21,0.25,0.6319397389566994
14,0.05,1.0,qqq,2016-08-19,0.25,-0.25243172042442863
14,0.05,1.0,qqq,2016-09-20,0.25,-0.17292022666114404
14,0.05,1.0,qqq,2016-10-19,0.25,-0.4211472581438169
14,0.05,1.0,qqq,2016-11-17,0.25,0.18238032691870742
14,0.05,1.0,qqq,2016-12-19,0.25,0.26694061165373206
14,0.05,1.0,qqq,2017-01-20,0.25,1.0855607599831396
14,0.05,1.0,qqq,2017-02-21,0.25,-0.29623862134072754
14,0.05,1.0,qqq,2017-03-22,0.25,0.14377589277920766
14,0.05,1.0,qqq,2017-04-21,0.25,0.45484723643389735
14,0.05,1.0,qqq,2017-05-22,0.25,-0.190245325862326
14,0.05,1.0,qqq,2017-06-21,0.25,0.3148830160166316
14,0.05,1.0,qqq,2017-07-21,0.25,-0.7400310251810427
14,0.05,1.0,qqq,2017-08-21,0.25,0.5033468182235712
14,0.05,1.0,qqq,2017-09-20,0.25,0.36640492149329074
14,0.05,1.0,qqq,2017-10-19,0.25,0.6870468928907414
14,0.05,1.0,qqq,2017-11-17,0.25,0.5403654478163711
14,0.05,1.0,qqq,2017-12-19,0.25,1.016572940824334
14,0.05,1.0,qqq,2018-01-22,0.25,-0.7404448948527098
14,0.05,1.0,qqq,2018-02-21,0.25,-0.0019393601507045055
14,0.05,1.0,qqq,2018-03-22,0.25,-0.29593384535082645
14,0.05,1.0,qqq,2018-04-23,0.25,0.624674565667771
14,0.05,1.0,qqq,2018-05-22,0.25,1.342409629580965
14,0.05,1.0,qqq,2018-06-21,0.25,0.12890188676804026
14,0.05,1.0,qqq,2018-07-23,0.25,-0.48206851835113085
14,0.05,1.0,qqq,2018-08-21,0.25,0.12530517054802903
14,0.05,1.0,qqq,2018-09-20,0.25,-1.8160345938541766
14,0.05,1.0,qqq,2018-10-19,0.25,-1.1815847032071725
14,0.05,1.0,qqq,2018-11-19,0.0,0.0
14,0.05,1.0,qqq,2018-12-20,0.0,0.0
14,0.05,1.0,qqq,2019-01-23,0.0,0.0
14,0.05,1.0,qqq,2019-02-22,0.25,0.41545173768486876
14,0.05,1.0,qqq,2019-03-25,0.25,1.2272157267627426
14,0.05,1.0,qqq,2019-04-24,0.25,-1.5580059487102171
14,0.05,1.0,qqq,2019-05-23,0.25,1.0439912614124136
14,0.05,1.0,qqq,2019-06-24,0.25,0.5094590077896033
14,0.05,1.0,qqq,2019-07-24,0.25,-0.9945065618405136
14,0.05,1.0,qqq,2019-08-22,0.25,0.28936752725052806
14,0.05,1.0,qqq,2019-09-23,0.25,0.0124941775014209
14,0.05,1.0,qqq,2019-10-22,0.25,1.2909214496883648
14,0.05,1.0,qqq,2019-11-20,0.25,0.845825055758409
14,0.05,1.0,qqq,2019-12-20,0.25,1.1370778965519746
14,0.05,1.0,qqq,2020-01-23,0.25,0.2591253001681393
14,0.05,1.0,qqq,2020-02-24,0.25,-6.061189322308946
14,0.05,1.0,qqq,2020-03-24,0.0,0.0
14,0.05,1.0,qqq,2020-04-23,0.25,1.8512976561764427
14,0.05,1.0,qqq,2020-05-22,0.25,1.2158974186674554
14,0.05,1.0,qqq,2020-06-23,0.25,1.4345080890989514
14,0.05,1.0,qqq,2020-07-23,0.25,2.2737153229819063
14,0.05,1.0,qqq,2020-08-21,0.25,-1.7880621566077615
14,0.05,1.0,qqq,2020-09-22,0.25,0.8662622947843257
14,0.05,1.0,qqq,2020-10-21,0.25,0.19061462432024
14,0.05,1.0,qqq,2020-11-19,0.25,1.2551202476182244
14,0.05,1.0,qqq,2020-12-21,0.25,1.070076327334335
14,0.05,1.0,qqq,2021-01-22,0.25,-0.7356341723979698
14,0.05,1.0,qqq,2021-02-23,0.25,-0.33567847973287046
14,0.05,1.0,qqq,2021-03-24,0.25,1.7658717604758456
14,0.05,1.0,qqq,2021-04-23,0.25,-1.1712791754440621
14,0.05,1.0,qqq,2021-05-24,0.25,0.7813316455850261
14,0.05,1.0,qqq,2021-06-23,0.25,0.7576302511572486
14,0.05,1.0,qqq,2021-07-23,0.25,-0.23258798739170805
14,0.05,1.0,qqq,2021-08-23,0.25,-0.7310245189640074
14,0.05,1.0,qqq,2021-09-22,0.25,0.0329621082320708
14,0.05,1.0,qqq,2021-10-21,0.25,1.4477124649604933
14,0.05,1.0,qqq,2021-11-19,0.25,-1.737461979945576
14,0.05,1.0,qqq,2021-12-21,0.25,-1.9791962023712362
14,0.05,1.0,qqq,2022-01-21,0.0,0.0
14,0.05,1.0,qqq,2022-02-22,0.0,0.0
14,0.05,1.0,qqq,2022-03-23,0.0,0.0
14,0.05,1.0,qqq,2022-04-22,0.0,0.0
14,0.05,1.0,qqq,2022-05-23,0.0,0.0
14,0.05,1.0,qqq,2022-06-23,0.0,0.0
14,0.05,1.0,qqq,2022-07-25,0.0,0.0
14,0.05,1.0,qqq,2022-08-23,0.0,0.0
14,0.05,1.0,qqq,2022-09-22,0.0,0.0
14,0.05,1.0,qqq,2022-10-21,0.0,0.0
14,0.05,1.0,qqq,2022-11-21,0.0,0.0
14,0.05,1.0,qqq,2022-12-21,0.0,0.0
14,0.05,1.0,qqq,2023-01-24,0.0,0.0
14,0.05,1.0,qqq,2023-02-23,0.25,1.318093866745862
14,0.05,1.0,qqq,2023-03-24,0.25,0.0967802502275017
14,0.05,1.0,qqq,2023-04-25,0.25,1.3242533568074144
14,0.05,1.0,qqq,2023-05-24,0.25,1.495330447047416
14,0.05,1.0,qqq,2023-06-26,0.25,1.0968017952292408
14,0.05,1.0,qqq,2023-07-26,0.25,-1.1507592611541217
14,0.05,1.0,qqq,2023-08-24,0.25,-0.49772365142772834
14,0.05,1.0,qqq,2023-09-25,0.25,-0.34027447178907044
14,0.05,1.0,qqq,2023-10-24,0.25,1.955748496723575
14,0.05,1.0,qqq,2023-11-22,0.25,0.9539988200591543
14,0.05,1.0,qqq,2023-12-22,0.25,0.7675406574978005
14,0.05,1.0,qqq,2024-01-25,0.25,0.47085107097062373
14,0.05,1.0,qqq,2024-02-26,0.25,0.18545619626482157
14,0.05,1.0,qqq,2024-03-26,0.25,-1.3537041251848625
14,0.05,1.0,qqq,2024-04-25,0.25,1.2584746883789633
14,0.05,1.0,qqq,2024-05-24,0.25,0.881157947076483
14,0.05,1.0,qqq,2024-06-26,0.25,-1.3751699052631738
14,0.05,1.0,qqq,2024-07-26,0.25,0.5107185042769302
14,0.05,1.0,qqq,2024-08-26,0.25,0.3971861188223791
14,0.05,1.0,qqq,2024-09-25,0.25,-0.500096811828632
14,0.05,1.0,qqq,2024-10-24,0.25,0.24312917859170557
14,0.05,1.0,qqq,2024-11-22,0.25,0.4217495233418189
14,0.05,1.0,qqq,2024-12-24,0.25,-0.9097938906393543
14,0.05,1.0,qqq,2025-01-28,0.25,-0.6230186540449489
14,0.05,1.0,qqq,2025-02-27,0.25,-1.1292648011857254
14,0.05,1.0,qqq,2025-03-28,0.0,0.0
14,0.05,1.0,qqq,2025-04-29,0.0,0.0
14,0.05,1.0,qqq,2025-05-29,0.25,1.1457423310683446
14,0.05,1.0,qqq,2025-06-30,0.25,0.5405216820647762
14,0.05,1.0,qqq,2025-07-30,0.25,-0.2939873104843227
14,0.05,1.0,qqq,2025-08-28,0.25,0.6988484278828588
14,0.05,1.0,qqq,2025-09-29,0.25,0.9779887675658516
14,0.05,1.0,qqq,2025-10-28,0.25,-1.2885116222397297
14,0.05,1.0,qqq,2025-11-26,0.25,0.0960859043833251
14,0.05,1.0,qqq,2025-12-29,0.25,0.2855302557159378
14,0.05,1.0,qqq,2026-01-29,0.25,-0.9774005803738883
14,0.05,1.0,qqq,2026-03-02,0.25,-1.7988402912289425
14,0.05,1.0,qqq,2026-03-31,0.0,0.0
14,0.05,1.0,qqq,2026-04-30,0.25,2.309001438987446
14,0.05,1.0,qqq,2026-06-01,0.25,-0.42181267398451183
14,0.05,1.0,qqq,2026-07-01,0.25,-1.6824995370110507
14,0.1,0.2,high,2016-07-21,0.5,0.16633682033830866
14,0.1,0.2,high,2016-08-19,0.5,-2.015911155644179
14,0.1,0.2,high,2016-09-20,0.5,-0.31200508170959873
14,0.1,0.2,high,2016-10-19,0.5,1.0879704055638317
14,0.1,0.2,high,2016-11-17,0.5,5.352418082229327
14,0.1,0.2,high,2016-12-19,0.5,-1.654932153877131
14,0.1,0.2,high,2017-01-20,0.5,3.5941995564569673
14,0.1,0.2,high,2017-02-21,0.5,0.21982304353864723
14,0.1,0.2,high,2017-03-22,0.5,0.5382541500015048
14,0.1,0.2,high,2017-04-21,0.5,1.413325772053331
14,0.1,0.2,high,2017-05-22,0.5,2.0631384337268077
14,0.1,0.2,high,2017-06-21,0.5,0.8577935866581399
14,0.1,0.2,high,2017-07-21,0.5,-1.1838258625878173
14,0.1,0.2,high,2017-08-21,0.5,6.852042258445401
14,0.1,0.2,high,2017-09-20,0.5,0.753757742816985
14,0.1,0.2,high,2017-10-19,0.5,0.08374739918188823
14,0.1,0.2,high,2017-11-17,0.5,0.3014752455772429
14,0.1,0.2,high,2017-12-19,0.5,3.880621304554799
14,0.1,0.2,high,2018-01-22,0.5,0.003919979596833656
14,0.1,0.2,high,2018-02-21,0.5,3.256336389656278
14,0.1,0.2,high,2018-03-22,0.5,2.3365160399562157
14,0.1,0.2,high,2018-04-23,0.5,2.7170256639036605
14,0.1,0.2,high,2018-05-22,0.5,1.1748076049095557
14,0.1,0.2,high,2018-06-21,0.5,-0.4603329567669179
14,0.1,0.2,high,2018-07-23,0.5,-1.3236996038640814
14,0.1,0.2,high,2018-08-21,0.5,6.551541468763977
14,0.1,0.2,high,2018-09-20,0.5,-2.465138315313964
14,0.1,0.2,high,2018-10-19,0.5,1.6560832445738027
14,0.1,0.2,high,2018-11-19,0.0,0.0
14,0.1,0.2,high,2018-12-20,0.0,0.0
14,0.1,0.2,high,2019-01-23,0.0,0.0
14,0.1,0.2,high,2019-02-22,0.5,-0.011807364899507622
14,0.1,0.2,high,2019-03-25,0.5,-0.13698721403800906
14,0.1,0.2,high,2019-04-24,0.5,1.2296132350404054
14,0.1,0.2,high,2019-05-23,0.5,1.6439255086022175
14,0.1,0.2,high,2019-06-24,0.5,0.6201927010015096
14,0.1,0.2,high,2019-07-24,0.5,-1.3771763798097303
14,0.1,0.2,high,2019-08-22,0.5,1.9856769829087018
14,0.1,0.2,high,2019-09-23,0.5,-0.5017860931342488
14,0.1,0.2,high,2019-10-22,0.5,1.612166999596143
14,0.1,0.2,high,2019-11-20,0.5,1.3029695577976952
14,0.1,0.2,high,2019-12-20,0.5,1.3177806320704644
14,0.1,0.2,high,2020-01-23,0.5,1.2235562571232261
14,0.1,0.2,high,2020-02-24,0.5,-15.564495582154835
14,0.1,0.2,high,2020-03-24,0.0,0.0
14,0.1,0.2,high,2020-04-23,0.5,2.029378541843574
14,0.1,0.2,high,2020-05-22,0.5,0.4776418387469894
14,0.1,0.2,high,2020-06-23,0.5,2.810779146545328
14,0.1,0.2,high,2020-07-23,0.5,0.47458643835212033
14,0.1,0.2,high,2020-08-21,0.5,-2.339844248974543
14,0.1,0.2,high,2020-09-22,0.5,5.786681641079561
14,0.1,0.2,high,2020-10-21,0.5,3.9861386804060928
14,0.1,0.2,high,2020-11-19,0.5,5.263560411066726
14,0.1,0.2,high,2020-12-21,0.5,4.24686240984169
14,0.1,0.2,high,2021-01-22,0.5,-0.9359187525238788
14,0.1,0.2,high,2021-02-23,0.5,-1.1458670426547801
14,0.1,0.2,high,2021-03-24,0.5,3.843708381895583
14,0.1,0.2,high,2021-04-23,0.5,-0.5386921447503079
14,0.1,0.2,high,2021-05-24,0.5,0.6467721046035546
14,0.1,0.2,high,2021-06-23,0.5,3.236607951580317
14,0.1,0.2,high,2021-07-23,0.5,0.6830157774625034
14,0.1,0.2,high,2021-08-23,0.5,-1.4366889018907703
14,0.1,0.2,high,2021-09-22,0.5,3.508562091593248
14,0.1,0.2,high,2021-10-21,0.5,6.796074714266065
14,0.1,0.2,high,2021-11-19,0.5,-5.161237638853599
14,0.1,0.2,high,2021-12-21,0.5,-3.1200236048530727
14,0.1,0.2,high,2022-01-21,0.0,0.0
14,0.1,0.2,high,2022-02-22,0.0,0.0
14,0.1,0.2,high,2022-03-23,0.0,0.0
14,0.1,0.2,high,2022-04-22,0.0,0.0
14,0.1,0.2,high,2022-05-23,0.0,0.0
14,0.1,0.2,high,2022-06-23,0.0,0.0
14,0.1,0.2,high,2022-07-25,0.0,0.0
14,0.1,0.2,high,2022-08-23,0.0,0.0
14,0.1,0.2,high,2022-09-22,0.0,0.0
14,0.1,0.2,high,2022-10-21,0.0,0.0
14,0.1,0.2,high,2022-11-21,0.0,0.0
14,0.1,0.2,high,2022-12-21,0.0,0.0
14,0.1,0.2,high,2023-01-24,0.0,0.0
14,0.1,0.2,high,2023-02-23,0.5,-0.8767617238680248
14,0.1,0.2,high,2023-03-24,0.5,0.6620920105302242
14,0.1,0.2,high,2023-04-25,0.5,-0.15796607800401263
14,0.1,0.2,high,2023-05-24,0.5,7.063960684136439
14,0.1,0.2,high,2023-06-26,0.5,2.2090806123765017
14,0.1,0.2,high,2023-07-26,0.5,-1.2250905265037804
14,0.1,0.2,high,2023-08-24,0.5,-1.3680120748009283
14,0.1,0.2,high,2023-09-25,0.5,-4.08280765122726
14,0.1,0.2,high,2023-10-24,0.5,1.614968433624786
14,0.1,0.2,high,2023-11-22,0.5,1.0952502957889187
14,0.1,0.2,high,2023-12-22,0.5,-2.3259868969988995
14,0.1,0.2,high,2024-01-25,0.5,2.9306160492120092
14,0.1,0.2,high,2024-02-26,0.5,-0.26242304413680584
14,0.1,0.2,high,2024-03-26,0.5,0.11966352116696832
14,0.1,0.2,high,2024-04-25,0.5,0.3190599768772451
14,0.1,0.2,high,2024-05-24,0.5,1.008411633858719
14,0.1,0.2,high,2024-06-26,0.5,-1.6715379917328632
14,0.1,0.2,high,2024-07-26,0.5,8.676773216803223
14,0.1,0.2,high,2024-08-26,0.5,1.2165749518564306
14,0.1,0.2,high,2024-09-25,0.5,0.17657407204485498
14,0.1,0.2,high,2024-10-24,0.5,11.513452301042149
14,0.1,0.2,high,2024-11-22,0.5,-1.301133684347644
14,0.1,0.2,high,2024-12-24,0.5,-0.6028029506521704
14,0.1,0.2,high,2025-01-28,0.5,-0.8917956318489795
14,0.1,0.2,high,2025-02-27,0.5,-0.057328839610681914
14,0.1,0.2,high,2025-03-28,0.0,0.0
14,0.1,0.2,high,2025-04-29,0.0,0.0
14,0.1,0.2,high,2025-05-29,0.5,0.8060918656137561
14,0.1,0.2,high,2025-06-30,0.5,0.647518890451293
14,0.1,0.2,high,2025-07-30,0.5,-3.38286866472427
14,0.1,0.2,high,2025-08-28,0.5,3.7086725350909067
14,0.1,0.2,high,2025-09-29,0.5,2.8772885399611647
14,0.1,0.2,high,2025-10-28,0.5,-4.082619278523092
14,0.1,0.2,high,2025-11-26,0.5,0.12583183634355954
14,0.1,0.2,high,2025-12-29,0.5,5.899396948543245
14,0.1,0.2,high,2026-01-29,0.5,-0.20007963663748463
14,0.1,0.2,high,2026-03-02,0.5,1.1089015866102114
14,0.1,0.2,high,2026-03-31,0.0,0.0
14,0.1,0.2,high,2026-04-30,0.5,4.366527229621098
14,0.1,0.2,high,2026-06-01,0.5,1.9676081943044599
14,0.1,0.2,high,2026-07-01,0.5,0.6325610818997296
14,0.1,0.2,momentum,2016-07-21,0.5,2.9127768157888756
14,0.1,0.2,momentum,2016-08-19,0.5,-2.7260289311802355
14,0.1,0.2,momentum,2016-09-20,0.5,0.9679936461699734
14,0.1,0.2,momentum,2016-10-19,0.5,5.564318995439521
14,0.1,0.2,momentum,2016-11-17,0.5,3.7033409124521466
14,0.1,0.2,momentum,2016-12-19,0.5,0.3210507497634296
14,0.1,0.2,momentum,2017-01-20,0.5,5.908944615045675
14,0.1,0.2,momentum,2017-02-21,0.5,-1.8002765114079722
14,0.1,0.2,momentum,2017-03-22,0.5,-0.775356647007508
14,0.1,0.2,momentum,2017-04-21,0.5,3.0779511379743996
14,0.1,0.2,momentum,2017-05-22,0.5,4.3834733904863254
14,0.1,0.2,momentum,2017-06-21,0.5,0.8636031375674147
14,0.1,0.2,momentum,2017-07-21,0.5,-1.6494904188111836
14,0.1,0.2,momentum,2017-08-21,0.5,6.785904975373147
14,0.1,0.2,momentum,2017-09-20,0.5,3.2581669064088326
14,0.1,0.2,momentum,2017-10-19,0.5,7.49774389964768
14,0.1,0.2,momentum,2017-11-17,0.5,-0.8320823508697783
14,0.1,0.2,momentum,2017-12-19,0.5,2.1955480005216854
14,0.1,0.2,momentum,2018-01-22,0.5,-2.5140474492233666
14,0.1,0.2,momentum,2018-02-21,0.5,6.317095489360325
14,0.1,0.2,momentum,2018-03-22,0.5,-0.025851641084495558
14,0.1,0.2,momentum,2018-04-23,0.5,6.925820781307035
14,0.1,0.2,momentum,2018-05-22,0.5,-3.0340523161339727
14,0.1,0.2,momentum,2018-06-21,0.5,-0.7077838144813664
14,0.1,0.2,momentum,2018-07-23,0.5,-6.489878950370043
14,0.1,0.2,momentum,2018-08-21,0.5,3.207746857225824
14,0.1,0.2,momentum,2018-09-20,0.5,-5.084113467062668
14,0.1,0.2,momentum,2018-10-19,0.5,1.4136678662336033
14,0.1,0.2,momentum,2018-11-19,0.0,0.0
14,0.1,0.2,momentum,2018-12-20,0.0,0.0
14,0.1,0.2,momentum,2019-01-23,0.0,0.0
14,0.1,0.2,momentum,2019-02-22,0.5,4.200459560521863
14,0.1,0.2,momentum,2019-03-25,0.5,1.6399276353356251
14,0.1,0.2,momentum,2019-04-24,0.5,0.9081408343474928
14,0.1,0.2,momentum,2019-05-23,0.5,5.7474891193145305
14,0.1,0.2,momentum,2019-06-24,0.5,3.204359494668463
14,0.1,0.2,momentum,2019-07-24,0.5,4.169230495160425
14,0.1,0.2,momentum,2019-08-22,0.5,-6.746810576507023
14,0.1,0.2,momentum,2019-09-23,0.5,-3.0281728313711342
14,0.1,0.2,momentum,2019-10-22,0.5,-1.837900714705809
14,0.1,0.2,momentum,2019-11-20,0.5,6.399245596449821
14,0.1,0.2,momentum,2019-12-20,0.5,4.046454224619822
14,0.1,0.2,momentum,2020-01-23,0.5,10.028226507366789
14,0.1,0.2,momentum,2020-02-24,0.5,-19.43431869790664
14,0.1,0.2,momentum,2020-03-24,0.0,0.0
14,0.1,0.2,momentum,2020-04-23,0.5,9.940652952001994
14,0.1,0.2,momentum,2020-05-22,0.5,-0.6316130748806104
14,0.1,0.2,momentum,2020-06-23,0.5,15.569889089588385
14,0.1,0.2,momentum,2020-07-23,0.5,10.844255836111639
14,0.1,0.2,momentum,2020-08-21,0.5,1.6477163025798713
14,0.1,0.2,momentum,2020-09-22,0.5,2.1168714111265086
14,0.1,0.2,momentum,2020-10-21,0.5,1.4823856703390481
14,0.1,0.2,momentum,2020-11-19,0.5,12.220461348569266
14,0.1,0.2,momentum,2020-12-21,0.5,10.126968559359707
14,0.1,0.2,momentum,2021-01-22,0.5,-6.0983302762281255
14,0.1,0.2,momentum,2021-02-23,0.5,-2.447158622924095
14,0.1,0.2,momentum,2021-03-24,0.5,5.891193101318959
14,0.1,0.2,momentum,2021-04-23,0.5,-9.584737556309953
14,0.1,0.2,momentum,2021-05-24,0.5,4.397019027860982
14,0.1,0.2,momentum,2021-06-23,0.5,-2.4717751277637867
14,0.1,0.2,momentum,2021-07-23,0.5,2.7424927242093444
14,0.1,0.2,momentum,2021-08-23,0.5,-2.659766501029981
14,0.1,0.2,momentum,2021-09-22,0.5,1.0695784728434354
14,0.1,0.2,momentum,2021-10-21,0.5,1.8137122129577854
14,0.1,0.2,momentum,2021-11-19,0.5,-7.492741198301712
14,0.1,0.2,momentum,2021-12-21,0.5,-9.332495998251822
14,0.1,0.2,momentum,2022-01-21,0.0,0.0
14,0.1,0.2,momentum,2022-02-22,0.0,0.0
14,0.1,0.2,momentum,2022-03-23,0.0,0.0
14,0.1,0.2,momentum,2022-04-22,0.0,0.0
14,0.1,0.2,momentum,2022-05-23,0.0,0.0
14,0.1,0.2,momentum,2022-06-23,0.0,0.0
14,0.1,0.2,momentum,2022-07-25,0.0,0.0
14,0.1,0.2,momentum,2022-08-23,0.0,0.0
14,0.1,0.2,momentum,2022-09-22,0.0,0.0
14,0.1,0.2,momentum,2022-10-21,0.0,0.0
14,0.1,0.2,momentum,2022-11-21,0.0,0.0
14,0.1,0.2,momentum,2022-12-21,0.0,0.0
14,0.1,0.2,momentum,2023-01-24,0.0,0.0
14,0.1,0.2,momentum,2023-02-23,0.5,1.9716048923550389
14,0.1,0.2,momentum,2023-03-24,0.5,0.6690980671890889
14,0.1,0.2,momentum,2023-04-25,0.5,-2.0049094781535937
14,0.1,0.2,momentum,2023-05-24,0.5,2.9815506485433296
14,0.1,0.2,momentum,2023-06-26,0.5,5.813261620692023
14,0.1,0.2,momentum,2023-07-26,0.5,0.3914335406503433
14,0.1,0.2,momentum,2023-08-24,0.5,-4.475351222181001
14,0.1,0.2,momentum,2023-09-25,0.5,2.330140310647666
14,0.1,0.2,momentum,2023-10-24,0.5,6.444784919074542
14,0.1,0.2,momentum,2023-11-22,0.5,3.2097141877069246
14,0.1,0.2,momentum,2023-12-22,0.5,-7.205151939244214
14,0.1,0.2,momentum,2024-01-25,0.5,12.308234239279713
14,0.1,0.2,momentum,2024-02-26,0.5,4.770351130059347
14,0.1,0.2,momentum,2024-03-26,0.5,-8.05750545926286
14,0.1,0.2,momentum,2024-04-25,0.5,5.089788149329433
14,0.1,0.2,momentum,2024-05-24,0.5,-6.271420323256138
14,0.1,0.2,momentum,2024-06-26,0.5,-3.45206150513514
14,0.1,0.2,momentum,2024-07-26,0.5,9.04297773695031
14,0.1,0.2,momentum,2024-08-26,0.5,0.9455674847488327
14,0.1,0.2,momentum,2024-09-25,0.5,7.066436740240789
14,0.1,0.2,momentum,2024-10-24,0.5,14.50100967286776
14,0.1,0.2,momentum,2024-11-22,0.5,-8.876857182627617
14,0.1,0.2,momentum,2024-12-24,0.5,2.6187092119234645
14,0.1,0.2,momentum,2025-01-28,0.5,-1.9510991147117407
14,0.1,0.2,momentum,2025-02-27,0.5,-0.39504701706831735
14,0.1,0.2,momentum,2025-03-28,0.0,0.0
14,0.1,0.2,momentum,2025-04-29,0.0,0.0
14,0.1,0.2,momentum,2025-05-29,0.5,1.3284630141671805
14,0.1,0.2,momentum,2025-06-30,0.5,8.275442470078008
14,0.1,0.2,momentum,2025-07-30,0.5,-1.3942754076268438
14,0.1,0.2,momentum,2025-08-28,0.5,19.75616456509608
14,0.1,0.2,momentum,2025-09-29,0.5,13.372425855704794
14,0.1,0.2,momentum,2025-10-28,0.5,-12.856425110508951
14,0.1,0.2,momentum,2025-11-26,0.5,-2.684755920932236
14,0.1,0.2,momentum,2025-12-29,0.5,7.056935843806911
14,0.1,0.2,momentum,2026-01-29,0.5,-9.811328630543304
14,0.1,0.2,momentum,2026-03-02,0.5,-6.871189466391703
14,0.1,0.2,momentum,2026-03-31,0.0,0.0
14,0.1,0.2,momentum,2026-04-30,0.5,19.825476717301726
14,0.1,0.2,momentum,2026-06-01,0.5,-3.0736889125281497
14,0.1,0.2,momentum,2026-07-01,0.5,-9.620439821646798
14,0.1,0.2,qqq,2016-07-21,0.5,1.6756396130780615
14,0.1,0.2,qqq,2016-08-19,0.5,-0.10731014743551315
14,0.1,0.2,qqq,2016-09-20,0.5,0.05299013957569265
14,0.1,0.2,qqq,2016-10-19,0.5,-0.4474515262428258
14,0.1,0.2,qqq,2016-11-17,0.5,0.7692989148032847
14,0.1,0.2,qqq,2016-12-19,0.5,0.9397778892410003
14,0.1,0.2,qqq,2017-01-20,0.5,2.59016877638798
14,0.1,0.2,qqq,2017-02-21,0.5,-0.19562767811680537
14,0.1,0.2,qqq,2017-03-22,0.5,0.691469891858576
14,0.1,0.2,qqq,2017-04-21,0.5,1.3186097342726688
14,0.1,0.2,qqq,2017-05-22,0.5,0.0180616249295662
14,0.1,0.2,qqq,2017-06-21,0.5,1.0364328609392848
14,0.1,0.2,qqq,2017-07-21,0.5,-1.0903417168291796
14,0.1,0.2,qqq,2017-08-21,0.5,1.4163880115108496
14,0.1,0.2,qqq,2017-09-20,0.5,1.1403043371797317
14,0.1,0.2,qqq,2017-10-19,0.5,1.7867391808750632
14,0.1,0.2,qqq,2017-11-17,0.5,1.491019950462369
14,0.1,0.2,qqq,2017-12-19,0.5,2.451084894448141
14,0.1,0.2,qqq,2018-01-22,0.5,-1.091176104714664
14,0.1,0.2,qqq,2018-02-21,0.5,0.3976985669716937
14,0.1,0.2,qqq,2018-03-22,0.5,-0.19501323011260618
14,0.1,0.2,qqq,2018-04-23,0.5,1.6609925563031647
14,0.1,0.2,qqq,2018-05-22,0.5,3.107992622555611
14,0.1,0.2,qqq,2018-06-21,0.5,0.661482938781166
14,0.1,0.2,qqq,2018-07-23,0.5,-0.5702727063528146
14,0.1,0.2,qqq,2018-08-21,0.5,0.6542317274772502
14,0.1,0.2,qqq,2018-09-20,0.5,-3.2596341388392847
14,0.1,0.2,qqq,2018-10-19,0.5,-1.980542340265723
14,0.1,0.2,qqq,2018-11-19,0.0,0.0
14,0.1,0.2,qqq,2018-12-20,0.0,0.0
14,0.1,0.2,qqq,2019-01-23,0.0,0.0
14,0.1,0.2,qqq,2019-02-22,0.5,1.2391858741799266
14,0.1,0.2,qqq,2019-03-25,0.5,2.875754303166511
14,0.1,0.2,qqq,2019-04-24,0.5,-2.739431789266633
14,0.1,0.2,qqq,2019-05-23,0.5,2.506361992784667
14,0.1,0.2,qqq,2019-06-24,0.5,1.4287105789200227
14,0.1,0.2,qqq,2019-07-24,0.5,-1.6033807710983727
14,0.1,0.2,qqq,2019-08-22,0.5,0.9849919939796781
14,0.1,0.2,qqq,2019-09-23,0.5,0.4267975074986108
14,0.1,0.2,qqq,2019-10-22,0.5,3.004189139262503
14,0.1,0.2,qqq,2019-11-20,0.5,2.1068461726337695
14,0.1,0.2,qqq,2019-12-20,0.5,2.6940306382033707
14,0.1,0.2,qqq,2020-01-23,0.5,0.9240217184671051
14,0.1,0.2,qqq,2020-02-24,0.5,-11.818139194778233
14,0.1,0.2,qqq,2020-03-24,0.0,0.0
14,0.1,0.2,qqq,2020-04-23,0.5,4.13394362484325
14,0.1,0.2,qqq,2020-05-22,0.5,2.8529358658527793
14,0.1,0.2,qqq,2020-06-23,0.5,3.293669042344427
14,0.1,0.2,qqq,2020-07-23,0.5,4.985564818492527
14,0.1,0.2,qqq,2020-08-21,0.5,-3.2032399056690197
14,0.1,0.2,qqq,2020-09-22,0.5,2.1480489613943776
14,0.1,0.2,qqq,2020-10-21,0.5,0.7858997881402985
14,0.1,0.2,qqq,2020-11-19,0.5,2.9320116125230777
14,0.1,0.2,qqq,2020-12-21,0.5,2.55895116393563
14,0.1,0.2,qqq,2021-01-22,0.5,-1.0814773787352183
14,0.1,0.2,qqq,2021-02-23,0.5,-0.2751409701040708
14,0.1,0.2,qqq,2021-03-24,0.5,3.9617195230075675
14,0.1,0.2,qqq,2021-04-23,0.5,-1.9597657332616314
14,0.1,0.2,qqq,2021-05-24,0.5,1.976823308368303
14,0.1,0.2,qqq,2021-06-23,0.5,1.9290397723093378
14,0.1,0.2,qqq,2021-07-23,0.5,-0.06730390494198435
14,0.1,0.2,qqq,2021-08-23,0.5,-1.0721840208379962
14,0.1,0.2,qqq,2021-09-22,0.5,0.468062172710626
14,0.1,0.2,qqq,2021-10-21,0.5,3.320289913620056
14,0.1,0.2,qqq,2021-11-19,0.5,-3.101226694020476
14,0.1,0.2,qqq,2021-12-21,0.5,-3.5885784390478292
14,0.1,0.2,qqq,2022-01-21,0.0,0.0
14,0.1,0.2,qqq,2022-02-22,0.0,0.0
14,0.1,0.2,qqq,2022-03-23,0.0,0.0
14,0.1,0.2,qqq,2022-04-22,0.0,0.0
14,0.1,0.2,qqq,2022-05-23,0.0,0.0
14,0.1,0.2,qqq,2022-06-23,0.0,0.0
14,0.1,0.2,qqq,2022-07-25,0.0,0.0
14,0.1,0.2,qqq,2022-08-23,0.0,0.0
14,0.1,0.2,qqq,2022-09-22,0.0,0.0
14,0.1,0.2,qqq,2022-10-21,0.0,0.0
14,0.1,0.2,qqq,2022-11-21,0.0,0.0
14,0.1,0.2,qqq,2022-12-21,0.0,0.0
14,0.1,0.2,qqq,2023-01-24,0.0,0.0
14,0.1,0.2,qqq,2023-02-23,0.5,3.058970480260448
14,0.1,0.2,qqq,2023-03-24,0.5,0.5967236528841013
14,0.1,0.2,qqq,2023-04-25,0.5,3.0713884085118437
14,0.1,0.2,qqq,2023-05-24,0.5,3.416290829137414
14,0.1,0.2,qqq,2023-06-26,0.5,2.612831426666151
14,0.1,0.2,qqq,2023-07-26,0.5,-1.9183962658495757
14,0.1,0.2,qqq,2023-08-24,0.5,-0.6018344618500815
14,0.1,0.2,qqq,2023-09-25,0.5,-0.2844067857847854
14,0.1,0.2,qqq,2023-10-24,0.5,4.3445232395101785
14,0.1,0.2,qqq,2023-11-22,0.5,2.3249314411122546
14,0.1,0.2,qqq,2023-12-22,0.5,1.9490197891043337
14,0.1,0.2,qqq,2024-01-25,0.5,1.3508744943481865
14,0.1,0.2,qqq,2024-02-26,0.5,0.7755000652993171
14,0.1,0.2,qqq,2024-03-26,0.5,-2.327546168735739
14,0.1,0.2,qqq,2024-04-25,0.5,2.9387743809136335
14,0.1,0.2,qqq,2024-05-24,0.5,2.178079554766943
14,0.1,0.2,qqq,2024-06-26,0.5,-2.37082256243194
14,0.1,0.2,qqq,2024-07-26,0.5,1.431249804871526
14,0.1,0.2,qqq,2024-08-26,0.5,1.2023612113857718
14,0.1,0.2,qqq,2024-09-25,0.5,-0.6066189059019234
14,0.1,0.2,qqq,2024-10-24,0.5,0.8917725082157935
14,0.1,0.2,qqq,2024-11-22,0.5,1.2518826152492446
14,0.1,0.2,qqq,2024-12-24,0.5,-1.4325945757407643
14,0.1,0.2,qqq,2025-01-28,0.5,-0.8544372483152429
14,0.1,0.2,qqq,2025-02-27,0.5,-1.8750620516497896
14,0.1,0.2,qqq,2025-03-28,0.0,0.0
14,0.1,0.2,qqq,2025-04-29,0.0,0.0
14,0.1,0.2,qqq,2025-05-29,0.5,2.7114986956379816
14,0.1,0.2,qqq,2025-06-30,0.5,1.491334928758925
14,0.1,0.2,qqq,2025-07-30,0.5,-0.1910888905862218
14,0.1,0.2,qqq,2025-08-28,0.5,1.8105318347024557
14,0.1,0.2,qqq,2025-09-29,0.5,2.373296718743112
14,0.1,0.2,qqq,2025-10-28,0.5,-2.196113888464457
14,0.1,0.2,qqq,2025-11-26,0.5,0.5953238069896338
14,0.1,0.2,qqq,2025-12-29,0.5,0.9772558076847959
14,0.1,0.2,qqq,2026-01-29,0.5,-1.5688940119026218
14,0.1,0.2,qqq,2026-03-02,0.5,-3.2249693185054107
14,0.1,0.2,qqq,2026-03-31,0.0,0.0
14,0.1,0.2,qqq,2026-04-30,0.5,5.056703898586257
14,0.1,0.2,qqq,2026-06-01,0.5,-0.4487930473889623
14,0.1,0.2,qqq,2026-07-01,0.5,-2.990418872908829
14,0.1,0.5,high,2016-07-21,0.5,0.016062845155118133
14,0.1,0.5,high,2016-08-19,0.5,-2.1596481759892705
14,0.1,0.5,high,2016-09-20,0.5,-0.4608461769243899
14,0.1,0.5,high,2016-10-19,0.5,0.9349356638728157
14,0.1,0.5,high,2016-11-17,0.5,5.186609126893238
14,0.1,0.5,high,2016-12-19,0.5,-1.7997504919542329
14,0.1,0.5,high,2017-01-20,0.5,3.433657369712262
14,0.1,0.5,high,2017-02-21,0.5,0.06938884961342762
14,0.1,0.5,high,2017-03-22,0.5,0.386866091169602
14,0.1,0.5,high,2017-04-21,0.5,1.2593164237362675
14,0.1,0.5,high,2017-05-22,0.5,1.907182562343035
14,0.1,0.5,high,2017-06-21,0.5,0.7054483429006497
14,0.1,0.5,high,2017-07-21,0.5,-1.3300554062584014
14,0.1,0.5,high,2017-08-21,0.5,6.68174115756861
14,0.1,0.5,high,2017-09-20,0.5,0.601724139908888
14,0.1,0.5,high,2017-10-19,0.5,-0.06627917821601104
14,0.1,0.5,high,2017-11-17,0.5,0.1507964613199464
14,0.1,0.5,high,2017-12-19,0.5,3.7192211373914708
14,0.1,0.5,high,2018-01-22,0.5,-0.14586747363074526
14,0.1,0.5,high,2018-02-21,0.5,3.0968062768312654
14,0.1,0.5,high,2018-03-22,0.5,2.179741262066237
14,0.1,0.5,high,2018-04-23,0.5,2.5591110640252435
14,0.1,0.5,high,2018-05-22,0.5,1.0215127411532743
14,0.1,0.5,high,2018-06-21,0.5,-0.6087297337231345
14,0.1,0.5,high,2018-07-23,0.5,-1.4695101537540167
14,0.1,0.5,high,2018-08-21,0.5,6.382140522275059
14,0.1,0.5,high,2018-09-20,0.5,-2.6075296693154226
14,0.1,0.5,high,2018-10-19,0.5,1.5013467127964253
14,0.1,0.5,high,2018-11-19,0.0,0.0
14,0.1,0.5,high,2018-12-20,0.0,0.0
14,0.1,0.5,high,2019-01-23,0.0,0.0
14,0.1,0.5,high,2019-02-22,0.5,-0.1615477066430726
14,0.1,0.5,high,2019-03-25,0.5,-0.2863525777637266
14,0.1,0.5,high,2019-04-24,0.5,1.0761542002398983
14,0.1,0.5,high,2019-05-23,0.5,1.4892253954957857
14,0.1,0.5,high,2019-06-24,0.5,0.46855919407513547
14,0.1,0.5,high,2019-07-24,0.5,-1.5228267392570216
14,0.1,0.5,high,2019-08-22,0.5,1.8299531484021525
14,0.1,0.5,high,2019-09-23,0.5,-0.6500586966311062
14,0.1,0.5,high,2019-10-22,0.5,1.4575620195549588
14,0.1,0.5,high,2019-11-20,0.5,1.1492907830894294
14,0.1,0.5,high,2019-12-20,0.5,1.1640574905786405
14,0.1,0.5,high,2020-01-23,0.5,1.0701153660861884
14,0.1,0.5,high,2020-02-24,0.5,-15.667647625223868
14,0.1,0.5,high,2020-03-24,0.0,0.0
14,0.1,0.5,high,2020-04-23,0.5,1.8735237986959197
14,0.1,0.5,high,2020-05-22,0.5,0.32643534495517823
14,0.1,0.5,high,2020-06-23,0.5,2.6525837067767455
14,0.1,0.5,high,2020-07-23,0.5,0.32338909705564856
14,0.1,0.5,high,2020-08-21,0.5,-2.4826109231330773
14,0.1,0.5,high,2020-09-22,0.5,5.619571843078819
14,0.1,0.5,high,2020-10-21,0.5,3.8244224344431865
14,0.1,0.5,high,2020-11-19,0.5,5.098017630147966
14,0.1,0.5,high,2020-12-21,0.5,4.084365162240444
14,0.1,0.5,high,2021-01-22,0.5,-1.0828909054672708
14,0.1,0.5,high,2021-02-23,0.5,-1.2922102925101542
14,0.1,0.5,high,2021-03-24,0.5,3.6824187879168635
14,0.1,0.5,high,2021-04-23,0.5,-0.6868541956448593
14,0.1,0.5,high,2021-05-24,0.5,0.49505897869579485
14,0.1,0.5,high,2021-06-23,0.5,3.0771369355720557
14,0.1,0.5,high,2021-07-23,0.5,0.5311940831173922
14,0.1,0.5,high,2021-08-23,0.5,-1.5821609907320622
14,0.1,0.5,high,2021-09-22,0.5,3.348276433092079
14,0.1,0.5,high,2021-10-21,0.5,6.6259412649636085
14,0.1,0.5,high,2021-11-19,0.5,-5.295552788999702
14,0.1,0.5,high,2021-12-21,0.5,-3.2604532406588893
14,0.1,0.5,high,2022-01-21,0.0,0.0
14,0.1,0.5,high,2022-02-22,0.0,0.0
14,0.1,0.5,high,2022-03-23,0.0,0.0
14,0.1,0.5,high,2022-04-22,0.0,0.0
14,0.1,0.5,high,2022-05-23,0.0,0.0
14,0.1,0.5,high,2022-06-23,0.0,0.0
14,0.1,0.5,high,2022-07-25,0.0,0.0
14,0.1,0.5,high,2022-08-23,0.0,0.0
14,0.1,0.5,high,2022-09-22,0.0,0.0
14,0.1,0.5,high,2022-10-21,0.0,0.0
14,0.1,0.5,high,2022-11-21,0.0,0.0
14,0.1,0.5,high,2022-12-21,0.0,0.0
14,0.1,0.5,high,2023-01-24,0.0,0.0
14,0.1,0.5,high,2023-02-23,0.5,-1.0239110825318143
14,0.1,0.5,high,2023-03-24,0.5,0.5103329936264389
14,0.1,0.5,high,2023-04-25,0.5,-0.30726859924444794
14,0.1,0.5,high,2023-05-24,0.5,6.893024778602586
14,0.1,0.5,high,2023-06-26,0.5,2.0526875691216473
14,0.1,0.5,high,2023-07-26,0.5,-1.3711964612869498
14,0.1,0.5,high,2023-08-24,0.5,-1.5136898860541814
14,0.1,0.5,high,2023-09-25,0.5,-4.220353253733833
14,0.1,0.5,high,2023-10-24,0.5,1.460355061848162
14,0.1,0.5,high,2023-11-22,0.5,0.942193747083242
14,0.1,0.5,high,2023-12-22,0.5,-2.4687950810522885
14,0.1,0.5,high,2024-01-25,0.5,2.772061636297729
14,0.1,0.5,high,2024-02-26,0.5,-0.4114126630500592
14,0.1,0.5,high,2024-03-26,0.5,-0.03047064348495887
14,0.1,0.5,high,2024-04-25,0.5,0.16832851730728127
14,0.1,0.5,high,2024-05-24,0.5,0.8556152115994697
14,0.1,0.5,high,2024-06-26,0.5,-1.8163065867865646
14,0.1,0.5,high,2024-07-26,0.5,8.501006108397636
14,0.1,0.5,high,2024-08-26,0.5,1.0631549734185786
14,0.1,0.5,high,2024-09-25,0.5,0.026269431028658197
14,0.1,0.5,high,2024-10-24,0.5,11.329187880109393
14,0.1,0.5,high,2024-11-22,0.5,-1.4470118307703395
14,0.1,0.5,high,2024-12-24,0.5,-0.7507729567161392
14,0.1,0.5,high,2025-01-28,0.5,-1.038899956227679
14,0.1,0.5,high,2025-02-27,0.5,-0.20693282112952405
14,0.1,0.5,high,2025-03-28,0.0,0.0
14,0.1,0.5,high,2025-04-29,0.0,0.0
14,0.1,0.5,high,2025-05-29,0.5,0.6539014950967648
14,0.1,0.5,high,2025-06-30,0.5,0.4958035275359318
14,0.1,0.5,high,2025-07-30,0.5,-3.5225109444162683
14,0.1,0.5,high,2025-08-28,0.5,3.5477874429111544
14,0.1,0.5,high,2025-09-29,0.5,2.718893870358996
14,0.1,0.5,high,2025-10-28,0.5,-4.22016544530277
14,0.1,0.5,high,2025-11-26,0.5,-0.02432080558417704
14,0.1,0.5,high,2025-12-29,0.5,5.7319495102365
14,0.1,0.5,high,2026-01-29,0.5,-0.34925600611428465
14,0.1,0.5,high,2026-03-02,0.5,0.9558041452687682
14,0.1,0.5,high,2026-03-31,0.0,0.0
14,0.1,0.5,high,2026-04-30,0.5,4.2036715243508604
14,0.1,0.5,high,2026-06-01,0.5,1.8119384851110754
14,0.1,0.5,high,2026-07-01,0.5,0.4808905253125273
14,0.1,0.5,momentum,2016-07-21,0.5,2.754275840551945
14,0.1,0.5,momentum,2016-08-19,0.5,-2.8676387836326533
14,0.1,0.5,momentum,2016-09-20,0.5,0.815318296567491
14,0.1,0.5,momentum,2016-10-19,0.5,5.397875287905229
14,0.1,0.5,momentum,2016-11-17,0.5,3.5424717912238224
14,0.1,0.5,momentum,2016-12-19,0.5,0.1703133268049939
14,0.1,0.5,momentum,2017-01-20,0.5,5.741468576568143
14,0.1,0.5,momentum,2017-02-21,0.5,-1.9446594683956708
14,0.1,0.5,momentum,2017-03-22,0.5,-0.9228097660207601
14,0.1,0.5,momentum,2017-04-21,0.5,2.918955380706967
14,0.1,0.5,momentum,2017-05-22,0.5,4.220566922750302
14,0.1,0.5,momentum,2017-06-21,0.5,0.711240491217624
14,0.1,0.5,momentum,2017-07-21,0.5,-1.7943250576830327
14,0.1,0.5,momentum,2017-08-21,0.5,6.615801989668113
14,0.1,0.5,momentum,2017-09-20,0.5,3.0986313102448593
14,0.1,0.5,momentum,2017-10-19,0.5,7.325508590324459
14,0.1,0.5,momentum,2017-11-17,0.5,-0.9793655472306262
14,0.1,0.5,momentum,2017-12-19,0.5,2.039195494398016
14,0.1,0.5,momentum,2018-01-22,0.5,-2.6562922952188206
14,0.1,0.5,momentum,2018-02-21,0.5,6.148396829135927
14,0.1,0.5,momentum,2018-03-22,0.5,-0.1755499129990512
14,0.1,0.5,momentum,2018-04-23,0.5,6.755298675816079
14,0.1,0.5,momentum,2018-05-22,0.5,-3.1747394801574513
14,0.1,0.5,momentum,2018-06-21,0.5,-0.8554393488751755
14,0.1,0.5,momentum,2018-07-23,0.5,-6.620214136577596
14,0.1,0.5,momentum,2018-08-21,0.5,3.0483622950360223
14,0.1,0.5,momentum,2018-09-20,0.5,-5.21865964376188
14,0.1,0.5,momentum,2018-10-19,0.5,1.2596574931685645
14,0.1,0.5,momentum,2018-11-19,0.0,0.0
14,0.1,0.5,momentum,2018-12-20,0.0,0.0
14,0.1,0.5,momentum,2019-01-23,0.0,0.0
14,0.1,0.5,momentum,2019-02-22,0.5,4.038101313315501
14,0.1,0.5,momentum,2019-03-25,0.5,1.4852394979154138
14,0.1,0.5,momentum,2019-04-24,0.5,0.7556447746938089
14,0.1,0.5,momentum,2019-05-23,0.5,5.58049672306995
14,0.1,0.5,momentum,2019-06-24,0.5,3.044985079371365
14,0.1,0.5,momentum,2019-07-24,0.5,4.006965795063322
14,0.1,0.5,momentum,2019-08-22,0.5,-6.876376120375561
14,0.1,0.5,momentum,2019-09-23,0.5,-3.168877607474807
14,0.1,0.5,momentum,2019-10-22,0.5,-1.9821709678575994
14,0.1,0.5,momentum,2019-11-20,0.5,6.2303008544116745
14,0.1,0.5,momentum,2019-12-20,0.5,3.8845573025866997
14,0.1,0.5,momentum,2020-01-23,0.5,9.848411101415099
14,0.1,0.5,momentum,2020-02-24,0.5,-19.525878630813388
14,0.1,0.5,momentum,2020-03-24,0.0,0.0
14,0.1,0.5,momentum,2020-04-23,0.5,9.761099873880497
14,0.1,0.5,momentum,2020-05-22,0.5,-0.7794967798078423
14,0.1,0.5,momentum,2020-06-23,0.5,15.373473554583272
14,0.1,0.5,momentum,2020-07-23,0.5,10.661996002703834
14,0.1,0.5,momentum,2020-08-21,0.5,1.493004834096201
14,0.1,0.5,momentum,2020-09-22,0.5,1.96075458184497
14,0.1,0.5,momentum,2020-10-21,0.5,1.3281694521148024
14,0.1,0.5,momentum,2020-11-19,0.5,12.03407907198275
14,0.1,0.5,momentum,2020-12-21,0.5,9.946857370187413
14,0.1,0.5,momentum,2021-01-22,0.5,-6.229838352055895
14,0.1,0.5,momentum,2021-02-23,0.5,-2.5896038353497186
14,0.1,0.5,momentum,2021-03-24,0.5,5.72377023775319
14,0.1,0.5,momentum,2021-04-23,0.5,-9.705802049562385
14,0.1,0.5,momentum,2021-05-24,0.5,4.234071983975607
14,0.1,0.5,momentum,2021-06-23,0.5,-2.6141466010991765
14,0.1,0.5,momentum,2021-07-23,0.5,2.584501837389741
14,0.1,0.5,momentum,2021-08-23,0.5,-2.8015748435339938
14,0.1,0.5,momentum,2021-09-22,0.5,0.9165988244483891
14,0.1,0.5,momentum,2021-10-21,0.5,1.6585035013645388
14,0.1,0.5,momentum,2021-11-19,0.5,-7.620072296387437
14,0.1,0.5,momentum,2021-12-21,0.5,-9.45431608467765
14,0.1,0.5,momentum,2022-01-21,0.0,0.0
14,0.1,0.5,momentum,2022-02-22,0.0,0.0
14,0.1,0.5,momentum,2022-03-23,0.0,0.0
14,0.1,0.5,momentum,2022-04-22,0.0,0.0
14,0.1,0.5,momentum,2022-05-23,0.0,0.0
14,0.1,0.5,momentum,2022-06-23,0.0,0.0
14,0.1,0.5,momentum,2022-07-25,0.0,0.0
14,0.1,0.5,momentum,2022-08-23,0.0,0.0
14,0.1,0.5,momentum,2022-09-22,0.0,0.0
14,0.1,0.5,momentum,2022-10-21,0.0,0.0
14,0.1,0.5,momentum,2022-11-21,0.0,0.0
14,0.1,0.5,momentum,2022-12-21,0.0,0.0
14,0.1,0.5,momentum,2023-01-24,0.0,0.0
14,0.1,0.5,momentum,2023-02-23,0.5,1.8159232109958179
14,0.1,0.5,momentum,2023-03-24,0.5,0.5173180635429597
14,0.1,0.5,momentum,2023-04-25,0.5,-2.1486794541800247
14,0.1,0.5,momentum,2023-05-24,0.5,2.8228436603125795
14,0.1,0.5,momentum,2023-06-26,0.5,5.646072201984453
14,0.1,0.5,momentum,2023-07-26,0.5,0.24048528504116984
14,0.1,0.5,momentum,2023-08-24,0.5,-4.611720954839804
14,0.1,0.5,momentum,2023-09-25,0.5,2.1733846313454652
14,0.1,0.5,momentum,2023-10-24,0.5,6.275703763348051
14,0.1,0.5,momentum,2023-11-22,0.5,3.0503237323507237
14,0.1,0.5,momentum,2023-12-22,0.5,-7.333344515044226
14,0.1,0.5,momentum,2024-01-25,0.5,12.121589037751178
14,0.1,0.5,momentum,2024-02-26,0.5,4.606285764554019
14,0.1,0.5,momentum,2024-03-26,0.5,-8.18314479797536
14,0.1,0.5,momentum,2024-04-25,0.5,4.924765905691286
14,0.1,0.5,momentum,2024-05-24,0.5,-6.402409905387141
14,0.1,0.5,momentum,2024-06-26,0.5,-3.5914965166899293
14,0.1,0.5,momentum,2024-07-26,0.5,8.866113657698115
14,0.1,0.5,momentum,2024-08-26,0.5,0.7929593130317159
14,0.1,0.5,momentum,2024-09-25,0.5,6.895493417645637
14,0.1,0.5,momentum,2024-10-24,0.5,14.30779598135219
14,0.1,0.5,momentum,2024-11-22,0.5,-9.00004214160367
14,0.1,0.5,momentum,2024-12-24,0.5,2.461089120374793
14,0.1,0.5,momentum,2025-01-28,0.5,-2.095030280446919
14,0.1,0.5,momentum,2025-02-27,0.5,-0.543639358985093
14,0.1,0.5,momentum,2025-03-28,0.0,0.0
14,0.1,0.5,momentum,2025-04-29,0.0,0.0
14,0.1,0.5,momentum,2025-05-29,0.5,1.1747078734478889
14,0.1,0.5,momentum,2025-06-30,0.5,8.10087755363016
14,0.1,0.5,momentum,2025-07-30,0.5,-1.5398745466931985
14,0.1,0.5,momentum,2025-08-28,0.5,19.54720898238589
14,0.1,0.5,momentum,2025-09-29,0.5,13.182592853059138
14,0.1,0.5,momentum,2025-10-28,0.5,-12.967689217177691
14,0.1,0.5,momentum,2025-11-26,0.5,-2.826489407273658
14,0.1,0.5,momentum,2025-12-29,0.5,6.886020981282104
14,0.1,0.5,momentum,2026-01-29,0.5,-9.931714367011324
14,0.1,0.5,momentum,2026-03-02,0.5,-7.00038243152723
14,0.1,0.5,momentum,2026-03-31,0.0,0.0
14,0.1,0.5,momentum,2026-04-30,0.5,19.616313509054173
14,0.1,0.5,momentum,2026-06-01,0.5,-3.214257344563598
14,0.1,0.5,momentum,2026-07-01,0.5,-9.74139736825581
14,0.1,0.5,qqq,2016-07-21,0.5,1.5208444999207593
14,0.1,0.5,qqq,2016-08-19,0.5,-0.2567644092361765
14,0.1,0.5,qqq,2016-09-20,0.5,-0.09694430401376852
14,0.1,0.5,qqq,2016-10-19,0.5,-0.5958868897072978
14,0.1,0.5,qqq,2016-11-17,0.5,0.6172187580935518
14,0.1,0.5,qqq,2016-12-19,0.5,0.7871870603395337
14,0.1,0.5,qqq,2017-01-20,0.5,2.432634178119697
14,0.1,0.5,qqq,2017-02-21,0.5,-0.3448173834986523
14,0.1,0.5,qqq,2017-03-22,0.5,0.5396228730936148
14,0.1,0.5,qqq,2017-04-21,0.5,1.1648841091933981
14,0.1,0.5,qqq,2017-05-22,0.5,-0.13176818979767635
14,0.1,0.5,qqq,2017-06-21,0.5,0.8835525006959388
14,0.1,0.5,qqq,2017-07-21,0.5,-1.2368512935874931
14,0.1,0.5,qqq,2017-08-21,0.5,1.2623694902119453
14,0.1,0.5,qqq,2017-09-20,0.5,0.9871128284525188
14,0.1,0.5,qqq,2017-10-19,0.5,1.6316112673828709
14,0.1,0.5,qqq,2017-11-17,0.5,1.3367778681292908
14,0.1,0.5,qqq,2017-12-19,0.5,2.29396692392565
14,0.1,0.5,qqq,2018-01-22,0.5,-1.2376831820522183
14,0.1,0.5,qqq,2018-02-21,0.5,0.2467315443871021
14,0.1,0.5,qqq,2018-03-22,0.5,-0.3442047760821909
14,0.1,0.5,qqq,2018-04-23,0.5,1.5062413186127
14,0.1,0.5,qqq,2018-05-22,0.5,2.9489068755940373
14,0.1,0.5,qqq,2018-06-21,0.5,0.5097257463604565
14,0.1,0.5,qqq,2018-07-23,0.5,-0.7183401572260717
14,0.1,0.5,qqq,2018-08-21,0.5,0.5024962561631208
14,0.1,0.5,qqq,2018-09-20,0.5,-3.3996455693056427
14,0.1,0.5,qqq,2018-10-19,0.5,-2.124385308400145
14,0.1,0.5,qqq,2018-11-19,0.0,0.0
14,0.1,0.5,qqq,2018-12-20,0.0,0.0
14,0.1,0.5,qqq,2019-01-23,0.0,0.0
14,0.1,0.5,qqq,2019-02-22,0.5,1.0856981644027597
14,0.1,0.5,qqq,2019-03-25,0.5,2.7173642293924605
14,0.1,0.5,qqq,2019-04-24,0.5,-2.881001493267088
14,0.1,0.5,qqq,2019-05-23,0.5,2.3490784389282204
14,0.1,0.5,qqq,2019-06-24,0.5,1.2746551451952692
14,0.1,0.5,qqq,2019-07-24,0.5,-1.7483535320755306
14,0.1,0.5,qqq,2019-08-22,0.5,0.8322657255846577
14,0.1,0.5,qqq,2019-09-23,0.5,0.2757433186239888
14,0.1,0.5,qqq,2019-10-22,0.5,2.845414337110941
14,0.1,0.5,qqq,2019-11-20,0.5,1.9507593740966556
14,0.1,0.5,qqq,2019-12-20,0.5,2.5361849202514053
14,0.1,0.5,qqq,2020-01-23,0.5,0.7714780873992577
14,0.1,0.5,qqq,2020-02-24,0.5,-11.932513501669328
14,0.1,0.5,qqq,2020-03-24,0.0,0.0
14,0.1,0.5,qqq,2020-04-23,0.5,3.9717846270678647
14,0.1,0.5,qqq,2020-05-22,0.5,2.6946141450321592
14,0.1,0.5,qqq,2020-06-23,0.5,3.1340270990275254
14,0.1,0.5,qqq,2020-07-23,0.5,4.820854777323658
14,0.1,0.5,qqq,2020-08-21,0.5,-3.3434202658626178
14,0.1,0.5,qqq,2020-09-22,0.5,1.9918387393177195
14,0.1,0.5,qqq,2020-10-21,0.5,0.6337699032784583
14,0.1,0.5,qqq,2020-11-19,0.5,2.773453019179062
14,0.1,0.5,qqq,2020-12-21,0.5,2.4015100784692933
14,0.1,0.5,qqq,2021-01-22,0.5,-1.2280135087443078
14,0.1,0.5,qqq,2021-02-23,0.5,-0.42409249228929635
14,0.1,0.5,qqq,2021-03-24,0.5,3.8000764249778385
14,0.1,0.5,qqq,2021-04-23,0.5,-2.103670938017732
14,0.1,0.5,qqq,2021-05-24,0.5,1.8211259951697034
14,0.1,0.5,qqq,2021-06-23,0.5,1.7734855953723816
14,0.1,0.5,qqq,2021-07-23,0.5,-0.2168780060108011
14,0.1,0.5,qqq,2021-08-23,0.5,-1.2187479892328157
14,0.1,0.5,qqq,2021-09-22,0.5,0.31688437494463706
14,0.1,0.5,qqq,2021-10-21,0.5,3.1605682271047764
14,0.1,0.5,qqq,2021-11-19,0.5,-3.241712636239946
14,0.1,0.5,qqq,2021-12-21,0.5,-3.7276045121861556
14,0.1,0.5,qqq,2022-01-21,0.0,0.0
14,0.1,0.5,qqq,2022-02-22,0.0,0.0
14,0.1,0.5,qqq,2022-03-23,0.0,0.0
14,0.1,0.5,qqq,2022-04-22,0.0,0.0
14,0.1,0.5,qqq,2022-05-23,0.0,0.0
14,0.1,0.5,qqq,2022-06-23,0.0,0.0
14,0.1,0.5,qqq,2022-07-25,0.0,0.0
14,0.1,0.5,qqq,2022-08-23,0.0,0.0
14,0.1,0.5,qqq,2022-09-22,0.0,0.0
14,0.1,0.5,qqq,2022-10-21,0.0,0.0
14,0.1,0.5,qqq,2022-11-21,0.0,0.0
14,0.1,0.5,qqq,2022-12-21,0.0,0.0
14,0.1,0.5,qqq,2023-01-24,0.0,0.0
14,0.1,0.5,qqq,2023-02-23,0.5,2.9000315798230814
14,0.1,0.5,qqq,2023-03-24,0.5,0.4451604478250326
14,0.1,0.5,qqq,2023-04-25,0.5,2.9124123099938393
14,0.1,0.5,qqq,2023-05-24,0.5,3.256281570514785
14,0.1,0.5,qqq,2023-06-26,0.5,2.4552289421067686
14,0.1,0.5,qqq,2023-07-26,0.5,-2.0624253934334758
14,0.1,0.5,qqq,2023-08-24,0.5,-0.7498073690360152
14,0.1,0.5,qqq,2023-09-25,0.5,-0.43333055208740756
14,0.1,0.5,qqq,2023-10-24,0.5,4.181733447505165
14,0.1,0.5,qqq,2023-11-22,0.5,2.168191365052774
14,0.1,0.5,qqq,2023-12-22,0.5,1.7934057617429833
14,0.1,0.5,qqq,2024-01-25,0.5,1.1970522197213729
14,0.1,0.5,qqq,2024-02-26,0.5,0.6234013329550869
14,0.1,0.5,qqq,2024-03-26,0.5,-2.4703496819684645
14,0.1,0.5,qqq,2024-04-25,0.5,2.7801955296007375
14,0.1,0.5,qqq,2024-05-24,0.5,2.0217793756208913
14,0.1,0.5,qqq,2024-06-26,0.5,-2.513496440612073
14,0.1,0.5,qqq,2024-07-26,0.5,1.2771867648593505
14,0.1,0.5,qqq,2024-08-26,0.5,1.0489838104095872
14,0.1,0.5,qqq,2024-09-25,0.5,-0.7545774812176997
14,0.1,0.5,qqq,2024-10-24,0.5,0.7393254801157267
14,0.1,0.5,qqq,2024-11-22,0.5,1.0983568722036985
14,0.1,0.5,qqq,2024-12-24,0.5,-1.5780789291942598
14,0.1,0.5,qqq,2025-01-28,0.5,-1.001653480262954
14,0.1,0.5,qqq,2025-02-27,0.5,-2.019220987488435
14,0.1,0.5,qqq,2025-03-28,0.0,0.0
14,0.1,0.5,qqq,2025-04-29,0.0,0.0
14,0.1,0.5,qqq,2025-05-29,0.5,2.5536006518716015
14,0.1,0.5,qqq,2025-06-30,0.5,1.3370919029038975
14,0.1,0.5,qqq,2025-07-30,0.5,-0.3402921919706481
14,0.1,0.5,qqq,2025-08-28,0.5,1.6553326499774812
14,0.1,0.5,qqq,2025-09-29,0.5,2.2164117638068914
14,0.1,0.5,qqq,2025-10-28,0.5,-2.3393111089613727
14,0.1,0.5,qqq,2025-11-26,0.5,0.44376479518886125
14,0.1,0.5,qqq,2025-12-29,0.5,0.8245527131458319
14,0.1,0.5,qqq,2026-01-29,0.5,-1.7139700784572498
14,0.1,0.5,qqq,2026-03-02,0.5,-3.365084587933931
14,0.1,0.5,qqq,2026-03-31,0.0,0.0
14,0.1,0.5,qqq,2026-04-30,0.5,4.891780759291597
14,0.1,0.5,qqq,2026-06-01,0.5,-0.5972243923077936
14,0.1,0.5,qqq,2026-07-01,0.5,-3.1312367415318287
14,0.1,1.0,high,2016-07-21,0.5,-0.23339693786037508
14,0.1,1.0,high,2016-08-19,0.5,-2.398256397159171
14,0.1,1.0,high,2016-09-20,0.5,-0.7079273316673351
14,0.1,1.0,high,2016-10-19,0.5,0.6808929168865774
14,0.1,1.0,high,2016-11-17,0.5,4.911360761567529
14,0.1,1.0,high,2016-12-19,0.5,-2.0401537364238442
14,0.1,1.0,high,2017-01-20,0.5,3.167152014933694
14,0.1,1.0,high,2017-02-21,0.5,-0.1803369018279155
14,0.1,1.0,high,2017-03-22,0.5,0.1355568923458339
14,0.1,1.0,high,2017-04-21,0.5,1.00365579742554
14,0.1,1.0,high,2017-05-22,0.5,1.6482906431802613
14,0.1,1.0,high,2017-06-21,0.5,0.45255018535306224
14,0.1,1.0,high,2017-07-21,0.5,-1.5728012988193707
14,0.1,1.0,high,2017-08-21,0.5,6.399035681652143
14,0.1,1.0,high,2017-09-20,0.5,0.34934331650753325
14,0.1,1.0,high,2017-10-19,0.5,-0.3153282727023865
14,0.1,1.0,high,2017-11-17,0.5,-0.0993353181851675
14,0.1,1.0,high,2017-12-19,0.5,3.451291506660925
14,0.1,1.0,high,2018-01-22,0.5,-0.3945196140632601
14,0.1,1.0,high,2018-02-21,0.5,2.831980998327399
14,0.1,1.0,high,2018-03-22,0.5,1.9194899309420865
14,0.1,1.0,high,2018-04-23,0.5,2.296967590595278
14,0.1,1.0,high,2018-05-22,0.5,0.7670381829111506
14,0.1,1.0,high,2018-06-21,0.5,-0.8550733054199178
14,0.1,1.0,high,2018-07-23,0.5,-1.7115605027421377
14,0.1,1.0,high,2018-08-21,0.5,6.100929332498239
14,0.1,1.0,high,2018-09-20,0.5,-2.8439040397224447
14,0.1,1.0,high,2018-10-19,0.5,1.2444789378226906
14,0.1,1.0,high,2018-11-19,0.0,0.0
14,0.1,1.0,high,2018-12-20,0.0,0.0
14,0.1,1.0,high,2019-01-23,0.0,0.0
14,0.1,1.0,high,2019-02-22,0.5,-0.41012164044950117
14,0.1,1.0,high,2019-03-25,0.5,-0.5343040356234674
14,0.1,1.0,high,2019-04-24,0.5,0.8214071126191769
14,0.1,1.0,high,2019-05-23,0.5,1.232418076723718
14,0.1,1.0,high,2019-06-24,0.5,0.21684254327363206
14,0.1,1.0,high,2019-07-24,0.5,-1.7646111667972253
14,0.1,1.0,high,2019-08-22,0.5,1.5714464181516563
14,0.1,1.0,high,2019-09-23,0.5,-0.896196136266858
14,0.1,1.0,high,2019-10-22,0.5,1.2009126248265778
14,0.1,1.0,high,2019-11-20,0.5,0.8941789199335748
14,0.1,1.0,high,2019-12-20,0.5,0.9088719770905307
14,0.1,1.0,high,2020-01-23,0.5,0.815398397714584
14,0.1,1.0,high,2020-02-24,0.5,-15.83888343801343
14,0.1,1.0,high,2020-03-24,0.0,0.0
14,0.1,1.0,high,2020-04-23,0.5,1.6147997557592442
14,0.1,1.0,high,2020-05-22,0.5,0.0754275501200663
14,0.1,1.0,high,2020-06-23,0.5,2.38997402981429
14,0.1,1.0,high,2020-07-23,0.5,0.0723964956663492
14,0.1,1.0,high,2020-08-21,0.5,-2.7196083374492863
14,0.1,1.0,high,2020-09-22,0.5,5.342164035784092
14,0.1,1.0,high,2020-10-21,0.5,3.5559681024218692
14,0.1,1.0,high,2020-11-19,0.5,4.823211123183291
14,0.1,1.0,high,2020-12-21,0.5,3.8146143415956013
14,0.1,1.0,high,2021-01-22,0.5,-1.3268695540515907
14,0.1,1.0,high,2021-02-23,0.5,-1.5351449411092122
14,0.1,1.0,high,2021-03-24,0.5,3.414672712340283
14,0.1,1.0,high,2021-04-23,0.5,-0.9328081142939815
14,0.1,1.0,high,2021-05-24,0.5,0.24321015774442234
14,0.1,1.0,high,2021-06-23,0.5,2.812409759744061
14,0.1,1.0,high,2021-07-23,0.5,0.2791650349591057
14,0.1,1.0,high,2021-08-23,0.5,-1.8236494831534888
14,0.1,1.0,high,2021-09-22,0.5,3.0821969237062152
14,0.1,1.0,high,2021-10-21,0.5,6.343514096221026
14,0.1,1.0,high,2021-11-19,0.5,-5.518520393139392
14,0.1,1.0,high,2021-12-21,0.5,-3.493571093795922
14,0.1,1.0,high,2022-01-21,0.0,0.0
14,0.1,1.0,high,2022-02-22,0.0,0.0
14,0.1,1.0,high,2022-03-23,0.0,0.0
14,0.1,1.0,high,2022-04-22,0.0,0.0
14,0.1,1.0,high,2022-05-23,0.0,0.0
14,0.1,1.0,high,2022-06-23,0.0,0.0
14,0.1,1.0,high,2022-07-25,0.0,0.0
14,0.1,1.0,high,2022-08-23,0.0,0.0
14,0.1,1.0,high,2022-09-22,0.0,0.0
14,0.1,1.0,high,2022-10-21,0.0,0.0
14,0.1,1.0,high,2022-11-21,0.0,0.0
14,0.1,1.0,high,2022-12-21,0.0,0.0
14,0.1,1.0,high,2023-01-24,0.0,0.0
14,0.1,1.0,high,2023-02-23,0.5,-1.2681838984894611
14,0.1,1.0,high,2023-03-24,0.5,0.2584079920996185
14,0.1,1.0,high,2023-04-25,0.5,-0.5551157364943049
14,0.1,1.0,high,2023-05-24,0.5,6.609265505900419
14,0.1,1.0,high,2023-06-26,0.5,1.7930699301529796
14,0.1,1.0,high,2023-07-26,0.5,-1.6137371589949434
14,0.1,1.0,high,2023-08-24,0.5,-1.7555198845027542
14,0.1,1.0,high,2023-09-25,0.5,-4.448683515937935
14,0.1,1.0,high,2023-10-24,0.5,1.2036917365605637
14,0.1,1.0,high,2023-11-22,0.5,0.6881147997293668
14,0.1,1.0,high,2023-12-22,0.5,-2.7058614031707506
14,0.1,1.0,high,2024-01-25,0.5,2.508856052007147
14,0.1,1.0,high,2024-02-26,0.5,-0.6587403720586638
14,0.1,1.0,high,2024-03-26,0.5,-0.2796983363814509
14,0.1,1.0,high,2024-04-25,0.5,-0.08189070496384954
14,0.1,1.0,high,2024-05-24,0.5,0.60196808277444
14,0.1,1.0,high,2024-06-26,0.5,-2.056627256187493
14,0.1,1.0,high,2024-07-26,0.5,8.209226878689545
14,0.1,1.0,high,2024-08-26,0.5,0.8084727206552289
14,0.1,1.0,high,2024-09-25,0.5,-0.2232412582868326
14,0.1,1.0,high,2024-10-24,0.5,11.02330282977153
14,0.1,1.0,high,2024-11-22,0.5,-1.6891743922448077
14,0.1,1.0,high,2024-12-24,0.5,-0.9964080745768711
14,0.1,1.0,high,2025-01-28,0.5,-1.2830980137783832
14,0.1,1.0,high,2025-02-27,0.5,-0.4552803924402271
14,0.1,1.0,high,2025-03-28,0.0,0.0
14,0.1,1.0,high,2025-04-29,0.0,0.0
14,0.1,1.0,high,2025-05-29,0.5,0.40126043226504926
14,0.1,1.0,high,2025-06-30,0.5,0.24395099307770174
14,0.1,1.0,high,2025-07-30,0.5,-3.7543217602896917
14,0.1,1.0,high,2025-08-28,0.5,3.280712853737189
14,0.1,1.0,high,2025-09-29,0.5,2.455953465264904
14,0.1,1.0,high,2025-10-28,0.5,-4.4484966442189355
14,0.1,1.0,high,2025-11-26,0.5,-0.2735791713713742
14,0.1,1.0,high,2025-12-29,0.5,5.453981208835046
14,0.1,1.0,high,2026-01-29,0.5,-0.5968937272523789
14,0.1,1.0,high,2026-03-02,0.5,0.7016573147832883
14,0.1,1.0,high,2026-03-31,0.0,0.0
14,0.1,1.0,high,2026-04-30,0.5,3.9333256520863724
14,0.1,1.0,high,2026-06-01,0.5,1.5535216046756117
14,0.1,1.0,high,2026-07-01,0.5,0.22911237084517477
14,0.1,1.0,momentum,2016-07-21,0.5,2.491158964578166
14,0.1,1.0,momentum,2016-08-19,0.5,-3.1027158355478424
14,0.1,1.0,momentum,2016-09-20,0.5,0.5618721523683368
14,0.1,1.0,momentum,2016-10-19,0.5,5.121573212877317
14,0.1,1.0,momentum,2016-11-17,0.5,3.275423714358916
14,0.1,1.0,momentum,2016-12-19,0.5,-0.0799157948888296
14,0.1,1.0,momentum,2017-01-20,0.5,5.463452797934676
14,0.1,1.0,momentum,2017-02-21,0.5,-2.18433996581634
14,0.1,1.0,momentum,2017-03-22,0.5,-1.1675868342334805
14,0.1,1.0,momentum,2017-04-21,0.5,2.6550171501519504
14,0.1,1.0,momentum,2017-05-22,0.5,3.950136783108915
14,0.1,1.0,momentum,2017-06-21,0.5,0.4583134447895265
14,0.1,1.0,momentum,2017-07-21,0.5,-2.034755362012597
14,0.1,1.0,momentum,2017-08-21,0.5,6.333425391507719
14,0.1,1.0,momentum,2017-09-20,0.5,2.8337969292164145
14,0.1,1.0,momentum,2017-10-19,0.5,7.039592264233963
14,0.1,1.0,momentum,2017-11-17,0.5,-1.2238605382044132
14,0.1,1.0,momentum,2017-12-19,0.5,1.7796451484116904
14,0.1,1.0,momentum,2018-01-22,0.5,-2.8924234574766117
14,0.1,1.0,momentum,2018-02-21,0.5,5.868351457851317
14,0.1,1.0,momentum,2018-03-22,0.5,-0.4240540094940237
14,0.1,1.0,momentum,2018-04-23,0.5,6.472226324909891
14,0.1,1.0,momentum,2018-05-22,0.5,-3.4082848386773335
14,0.1,1.0,momentum,2018-06-21,0.5,-1.1005524333332017
14,0.1,1.0,momentum,2018-07-23,0.5,-6.8365748685738525
14,0.1,1.0,momentum,2018-08-21,0.5,2.783778635414147
14,0.1,1.0,momentum,2018-09-20,0.5,-5.442010759642313
14,0.1,1.0,momentum,2018-10-19,0.5,1.0039951657421886
14,0.1,1.0,momentum,2018-11-19,0.0,0.0
14,0.1,1.0,momentum,2018-12-20,0.0,0.0
14,0.1,1.0,momentum,2019-01-23,0.0,0.0
14,0.1,1.0,momentum,2019-02-22,0.5,3.768581237936419
14,0.1,1.0,momentum,2019-03-25,0.5,1.2284520591797188
14,0.1,1.0,momentum,2019-04-24,0.5,0.502496257756202
14,0.1,1.0,momentum,2019-05-23,0.5,5.303283806584358
14,0.1,1.0,momentum,2019-06-24,0.5,2.780418263927942
14,0.1,1.0,momentum,2019-07-24,0.5,3.7376010109884117
14,0.1,1.0,momentum,2019-08-22,0.5,-7.091459220561969
14,0.1,1.0,momentum,2019-09-23,0.5,-3.402452202631989
14,0.1,1.0,momentum,2019-10-22,0.5,-2.2216643731725827
14,0.1,1.0,momentum,2019-11-20,0.5,5.949846979154327
14,0.1,1.0,momentum,2019-12-20,0.5,3.6158030422962284
14,0.1,1.0,momentum,2020-01-23,0.5,9.549911563508573
14,0.1,1.0,momentum,2020-02-24,0.5,-19.67787115625229
14,0.1,1.0,momentum,2020-03-24,0.0,0.0
14,0.1,1.0,momentum,2020-04-23,0.5,9.4630358088728
14,0.1,1.0,momentum,2020-05-22,0.5,-1.0249886349192106
14,0.1,1.0,momentum,2020-06-23,0.5,15.047417251863383
14,0.1,1.0,momentum,2020-07-23,0.5,10.359438634144592
14,0.1,1.0,momentum,2020-08-21,0.5,1.2361786650213036
14,0.1,1.0,momentum,2020-09-22,0.5,1.701595467233341
14,0.1,1.0,momentum,2020-10-21,0.5,1.0721654148968085
14,0.1,1.0,momentum,2020-11-19,0.5,11.724678311015735
14,0.1,1.0,momentum,2020-12-21,0.5,9.647866822324303
14,0.1,1.0,momentum,2021-01-22,0.5,-6.44814611972353
14,0.1,1.0,momentum,2021-02-23,0.5,-2.82606761252725
14,0.1,1.0,momentum,2021-03-24,0.5,5.445842731236894
14,0.1,1.0,momentum,2021-04-23,0.5,-9.906773123767486
14,0.1,1.0,momentum,2021-05-24,0.5,3.9635744865805123
14,0.1,1.0,momentum,2021-06-23,0.5,-2.8504879689411733
14,0.1,1.0,momentum,2021-07-23,0.5,2.3222317251070823
14,0.1,1.0,momentum,2021-08-23,0.5,-3.036981395518268
14,0.1,1.0,momentum,2021-09-22,0.5,0.6626475341607208
14,0.1,1.0,momentum,2021-10-21,0.5,1.400851892235444
14,0.1,1.0,momentum,2021-11-19,0.5,-7.831446142463383
14,0.1,1.0,momentum,2021-12-21,0.5,-9.656541468611735
14,0.1,1.0,momentum,2022-01-21,0.0,0.0
14,0.1,1.0,momentum,2022-02-22,0.0,0.0
14,0.1,1.0,momentum,2022-03-23,0.0,0.0
14,0.1,1.0,momentum,2022-04-22,0.0,0.0
14,0.1,1.0,momentum,2022-05-23,0.0,0.0
14,0.1,1.0,momentum,2022-06-23,0.0,0.0
14,0.1,1.0,momentum,2022-07-25,0.0,0.0
14,0.1,1.0,momentum,2022-08-23,0.0,0.0
14,0.1,1.0,momentum,2022-09-22,0.0,0.0
14,0.1,1.0,momentum,2022-10-21,0.0,0.0
14,0.1,1.0,momentum,2022-11-21,0.0,0.0
14,0.1,1.0,momentum,2022-12-21,0.0,0.0
14,0.1,1.0,momentum,2023-01-24,0.0,0.0
14,0.1,1.0,momentum,2023-02-23,0.5,1.5574864563679736
14,0.1,1.0,momentum,2023-03-24,0.5,0.2653582233277829
14,0.1,1.0,momentum,2023-04-25,0.5,-2.3873423828740026
14,0.1,1.0,momentum,2023-05-24,0.5,2.559384795936137
14,0.1,1.0,momentum,2023-06-26,0.5,5.368532221675548
14,0.1,1.0,momentum,2023-07-26,0.5,-0.01009382584569174
14,0.1,1.0,momentum,2023-08-24,0.5,-4.83809923409596
14,0.1,1.0,momentum,2023-09-25,0.5,1.9131650045105086
14,0.1,1.0,momentum,2023-10-24,0.5,5.995023436843483
14,0.1,1.0,momentum,2023-11-22,0.5,2.7857302898771197
14,0.1,1.0,momentum,2023-12-22,0.5,-7.546148442698975
14,0.1,1.0,momentum,2024-01-25,0.5,11.811751812659853
14,0.1,1.0,momentum,2024-02-26,0.5,4.3339318161778495
14,0.1,1.0,momentum,2024-03-26,0.5,-8.391710267380336
14,0.1,1.0,momentum,2024-04-25,0.5,4.6508235078774
14,0.1,1.0,momentum,2024-05-24,0.5,-6.6198569563210015
14,0.1,1.0,momentum,2024-06-26,0.5,-3.822963260581058
14,0.1,1.0,momentum,2024-07-26,0.5,8.572513420000938
14,0.1,1.0,momentum,2024-08-26,0.5,0.5396246863504262
14,0.1,1.0,momentum,2024-09-25,0.5,6.611721832375794
14,0.1,1.0,momentum,2024-10-24,0.5,13.987054845022051
14,0.1,1.0,momentum,2024-11-22,0.5,-9.204533259240533
14,0.1,1.0,momentum,2024-12-24,0.5,2.199434540540235
14,0.1,1.0,momentum,2025-01-28,0.5,-2.333960789403644
14,0.1,1.0,momentum,2025-02-27,0.5,-0.7903075750028243
14,0.1,1.0,momentum,2025-03-28,0.0,0.0
14,0.1,1.0,momentum,2025-04-29,0.0,0.0
14,0.1,1.0,momentum,2025-05-29,0.5,0.9194692401809368
14,0.1,1.0,momentum,2025-06-30,0.5,7.811094002445573
14,0.1,1.0,momentum,2025-07-30,0.5,-1.7815739467022196
14,0.1,1.0,momentum,2025-08-28,0.5,19.20033578455358
14,0.1,1.0,momentum,2025-09-29,0.5,12.867463772382015
14,0.1,1.0,momentum,2025-10-28,0.5,-13.152391324599588
14,0.1,1.0,momentum,2025-11-26,0.5,-3.0617716955452123
14,0.1,1.0,momentum,2025-12-29,0.5,6.602296640672978
14,0.1,1.0,momentum,2026-01-29,0.5,-10.131558682441621
14,0.1,1.0,momentum,2026-03-02,0.5,-7.2148470386593555
14,0.1,1.0,momentum,2026-03-31,0.0,0.0
14,0.1,1.0,momentum,2026-04-30,0.5,19.269095645943413
14,0.1,1.0,momentum,2026-06-01,0.5,-3.447605604045312
14,0.1,1.0,momentum,2026-07-01,0.5,-9.942190907485692
14,0.1,1.0,qqq,2016-07-21,0.5,1.2638794779133988
14,0.1,1.0,qqq,2016-08-19,0.5,-0.5048634408488462
14,0.1,1.0,qqq,2016-09-20,0.5,-0.3458404533222992
14,0.1,1.0,qqq,2016-10-19,0.5,-0.842294516287645
14,0.1,1.0,qqq,2016-11-17,0.5,0.36476065383741485
14,0.1,1.0,qqq,2016-12-19,0.5,0.5338812233074641
14,0.1,1.0,qqq,2017-01-20,0.5,2.1711215199662792
14,0.1,1.0,qqq,2017-02-21,0.5,-0.592477242681444
14,0.1,1.0,qqq,2017-03-22,0.5,0.2875517855584153
14,0.1,1.0,qqq,2017-04-21,0.5,0.9096944728677947
14,0.1,1.0,qqq,2017-05-22,0.5,-0.380490651724652
14,0.1,1.0,qqq,2017-06-21,0.5,0.629766032033241
14,0.1,1.0,qqq,2017-07-21,0.5,-1.4800620503620854
14,0.1,1.0,qqq,2017-08-21,0.5,1.0066936364471424
14,0.1,1.0,qqq,2017-09-20,0.5,0.7328098429865815
14,0.1,1.0,qqq,2017-10-19,0.5,1.3740937857814828
14,0.1,1.0,qqq,2017-11-17,0.5,1.08073089563272
14,0.1,1.0,qqq,2017-12-19,0.5,2.0331458816486903
14,0.1,1.0,qqq,2018-01-22,0.5,-1.4808897897054196
14,0.1,1.0,qqq,2018-02-21,0.5,-0.003878720301409011
14,0.1,1.0,qqq,2018-03-22,0.5,-0.591867690701664
14,0.1,1.0,qqq,2018-04-23,0.5,1.2493491313354976
14,0.1,1.0,qqq,2018-05-22,0.5,2.6848192591619524
14,0.1,1.0,qqq,2018-06-21,0.5,0.2578037735360583
14,0.1,1.0,qqq,2018-07-23,0.5,-0.9641370367022506
14,0.1,1.0,qqq,2018-08-21,0.5,0.25061034109603586
14,0.1,1.0,qqq,2018-09-20,0.5,-3.632069187708342
14,0.1,1.0,qqq,2018-10-19,0.5,-2.363169406414345
14,0.1,1.0,qqq,2018-11-19,0.0,0.0
14,0.1,1.0,qqq,2018-12-20,0.0,0.0
14,0.1,1.0,qqq,2019-01-23,0.0,0.0
14,0.1,1.0,qqq,2019-02-22,0.5,0.8309034753697153
14,0.1,1.0,qqq,2019-03-25,0.5,2.454431453525485
14,0.1,1.0,qqq,2019-04-24,0.5,-3.116011897420423
14,0.1,1.0,qqq,2019-05-23,0.5,2.0879825228248716
14,0.1,1.0,qqq,2019-06-24,0.5,1.0189180155792066
14,0.1,1.0,qqq,2019-07-24,0.5,-1.9890131236810271
14,0.1,1.0,qqq,2019-08-22,0.5,0.5787350545010339
14,0.1,1.0,qqq,2019-09-23,0.5,0.0249883550028418
14,0.1,1.0,qqq,2019-10-22,0.5,2.5818428993767517
14,0.1,1.0,qqq,2019-11-20,0.5,1.6916501115168625
14,0.1,1.0,qqq,2019-12-20,0.5,2.274155793103927
14,0.1,1.0,qqq,2020-01-23,0.5,0.5182506003363008
14,0.1,1.0,qqq,2020-02-24,0.5,-12.122378644617893
14,0.1,1.0,qqq,2020-03-24,0.0,0.0
14,0.1,1.0,qqq,2020-04-23,0.5,3.7025953123529076
14,0.1,1.0,qqq,2020-05-22,0.5,2.4317948373348885
14,0.1,1.0,qqq,2020-06-23,0.5,2.8690161781979473
14,0.1,1.0,qqq,2020-07-23,0.5,4.547430645963835
14,0.1,1.0,qqq,2020-08-21,0.5,-3.576124313215523
14,0.1,1.0,qqq,2020-09-22,0.5,1.7325245895686736
14,0.1,1.0,qqq,2020-10-21,0.5,0.38122924864048
14,0.1,1.0,qqq,2020-11-19,0.5,2.5102404952364488
14,0.1,1.0,qqq,2020-12-21,0.5,2.14015265466867
14,0.1,1.0,qqq,2021-01-22,0.5,-1.4712683447959174
14,0.1,1.0,qqq,2021-02-23,0.5,-0.671356959465752
14,0.1,1.0,qqq,2021-03-24,0.5,3.531743520951691
14,0.1,1.0,qqq,2021-04-23,0.5,-2.3425583508881243
14,0.1,1.0,qqq,2021-05-24,0.5,1.5626632911700744
14,0.1,1.0,qqq,2021-06-23,0.5,1.5152605023144972
14,0.1,1.0,qqq,2021-07-23,0.5,-0.4651759747834272
14,0.1,1.0,qqq,2021-08-23,0.5,-1.462049037928026
14,0.1,1.0,qqq,2021-09-22,0.5,0.0659242164641416
14,0.1,1.0,qqq,2021-10-21,0.5,2.895424929921009
14,0.1,1.0,qqq,2021-11-19,0.5,-3.474923959891163
14,0.1,1.0,qqq,2021-12-21,0.5,-3.9583924047424945
14,0.1,1.0,qqq,2022-01-21,0.0,0.0
14,0.1,1.0,qqq,2022-02-22,0.0,0.0
14,0.1,1.0,qqq,2022-03-23,0.0,0.0
14,0.1,1.0,qqq,2022-04-22,0.0,0.0
14,0.1,1.0,qqq,2022-05-23,0.0,0.0
14,0.1,1.0,qqq,2022-06-23,0.0,0.0
14,0.1,1.0,qqq,2022-07-25,0.0,0.0
14,0.1,1.0,qqq,2022-08-23,0.0,0.0
14,0.1,1.0,qqq,2022-09-22,0.0,0.0
14,0.1,1.0,qqq,2022-10-21,0.0,0.0
14,0.1,1.0,qqq,2022-11-21,0.0,0.0
14,0.1,1.0,qqq,2022-12-21,0.0,0.0
14,0.1,1.0,qqq,2023-01-24,0.0,0.0
14,0.1,1.0,qqq,2023-02-23,0.5,2.636187733491724
14,0.1,1.0,qqq,2023-03-24,0.5,0.1935605004549812
14,0.1,1.0,qqq,2023-04-25,0.5,2.648506713614873
14,0.1,1.0,qqq,2023-05-24,0.5,2.99066089409481
14,0.1,1.0,qqq,2023-06-26,0.5,2.1936035904584594
14,0.1,1.0,qqq,2023-07-26,0.5,-2.3015185223082324
14,0.1,1.0,qqq,2023-08-24,0.5,-0.9954473028554567
14,0.1,1.0,qqq,2023-09-25,0.5,-0.6805489435781298
14,0.1,1.0,qqq,2023-10-24,0.5,3.9114969934471278
14,0.1,1.0,qqq,2023-11-22,0.5,1.9079976401182863
14,0.1,1.0,qqq,2023-12-22,0.5,1.5350813149955789
14,0.1,1.0,qqq,2024-01-25,0.5,0.9417021419412475
14,0.1,1.0,qqq,2024-02-26,0.5,0.37091239252964314
14,0.1,1.0,qqq,2024-03-26,0.5,-2.707408250369725
14,0.1,1.0,qqq,2024-04-25,0.5,2.5169493767579265
14,0.1,1.0,qqq,2024-05-24,0.5,1.7623158941529438
14,0.1,1.0,qqq,2024-06-26,0.5,-2.750339810526359
14,0.1,1.0,qqq,2024-07-26,0.5,1.0214370085538382
14,0.1,1.0,qqq,2024-08-26,0.5,0.7943722376447804
14,0.1,1.0,qqq,2024-09-25,0.5,-1.000193623657275
14,0.1,1.0,qqq,2024-10-24,0.5,0.48625835718343335
14,0.1,1.0,qqq,2024-11-22,0.5,0.84349904668366
14,0.1,1.0,qqq,2024-12-24,0.5,-1.8195877812787087
14,0.1,1.0,qqq,2025-01-28,0.5,-1.246037308089909
14,0.1,1.0,qqq,2025-02-27,0.5,-2.258529602371462
14,0.1,1.0,qqq,2025-03-28,0.0,0.0
14,0.1,1.0,qqq,2025-04-29,0.0,0.0
14,0.1,1.0,qqq,2025-05-29,0.5,2.291484662136689
14,0.1,1.0,qqq,2025-06-30,0.5,1.0810433641295747
14,0.1,1.0,qqq,2025-07-30,0.5,-0.5879746209686565
14,0.1,1.0,qqq,2025-08-28,0.5,1.3976968557657177
14,0.1,1.0,qqq,2025-09-29,0.5,1.9559775351317032
14,0.1,1.0,qqq,2025-10-28,0.5,-2.5770232444794594
14,0.1,1.0,qqq,2025-11-26,0.5,0.19217180876662798
14,0.1,1.0,qqq,2025-12-29,0.5,0.5710605114318534
14,0.1,1.0,qqq,2026-01-29,0.5,-1.9548011607477656
14,0.1,1.0,qqq,2026-03-02,0.5,-3.597680582457885
14,0.1,1.0,qqq,2026-03-31,0.0,0.0
14,0.1,1.0,qqq,2026-04-30,0.5,4.618002877974914
14,0.1,1.0,qqq,2026-06-01,0.5,-0.8436253479690348
14,0.1,1.0,qqq,2026-07-01,0.5,-3.3649990740221014
