offset,day,method,hold,cost,tickers,exposure,return_pct
0,2016-06-30,high,1,0.2,ADP BSX CB CVX DHR,0.5,-0.029574990263170342
0,2016-08-01,high,1,0.2,AMZN BLK BSX DHR GOOGL,0.5,-0.19070104757847872
0,2016-08-30,high,1,0.2,APD BLK BRK-B JPM LHX,0.5,-0.044677449090990695
0,2016-09-29,high,1,0.2,ACN AMZN BKNG CAT NVDA,0.5,0.14288574029597267
0,2016-10-28,high,1,0.2,MA NOC TER JPM DE,0.5,-0.10799645722776585
0,2016-11-29,high,1,0.2,ACN ADP AMAT GD HPE,0.5,-0.3326478141558731
0,2016-12-29,high,1,0.2,ADP T DE CB ZTS,0.5,-0.26968857205267316
0,2017-01-31,high,1,0.2,DHR GEN HUBB NOW ZTS,0.5,-0.5265271885868561
0,2017-03-02,high,1,0.2,ABT ALB AVGO BKNG CGNX,0.5,0.1707387711514352
0,2017-03-31,high,1,0.2,ADBE AMZN CGNX DIS FTNT,0.5,-0.32118384361161656
0,2017-05-02,high,1,0.2,AAPL ABBNY ABBV AMAT ANET,0.5,-0.019860255355186318
0,2017-06-01,high,1,0.2,ABBNY ABT ACN AMAT ANET,0.5,0.37788296260994336
0,2017-06-30,high,1,0.2,AXP DHI PHM CAT C,0.5,-0.052095156449716296
0,2017-08-01,high,1,0.2,ACN APD C CB CGNX,0.5,-0.5635693447828993
0,2017-08-30,high,1,0.2,AAPL ADBE ANET BMY CAT,0.5,-0.06474398936079373
0,2017-09-29,high,1,0.2,ALB AMAT ASML AVAV AXP,0.5,0.08647311842311378
0,2017-10-30,high,1,0.2,AAPL ACN AMZN ANET AVGO,0.5,0.06030915330084152
0,2017-11-29,high,1,0.2,AXP BAC BLK BRK-B CI,0.5,0.16283637143859053
0,2017-12-29,high,1,0.2,ABBNY APD LOW PEP RIO,0.5,-0.19367310620737044
0,2018-01-31,high,1,0.2,ADP AMZN CB CRM FTNT,0.5,-0.7026266617437882
0,2018-03-02,high,1,0.2,CRM CRSP NFLX NOW PANW,0.5,0.7450626208782563
0,2018-04-03,high,1,0.2,RUN COP NEE LHX MPC,0.5,1.2687890475677532
0,2018-05-02,high,1,0.2,CCJ MA OKTA PANW VLO,0.5,0.08365876405407313
0,2018-06-01,high,1,0.2,AAPL ADBE ADP AMZN FTNT,0.5,0.10473268705386563
0,2018-07-02,high,1,0.2,CRM DELL NEE RUN AVAV,0.5,-0.42472189079265643
0,2018-08-01,high,1,0.2,AAPL MDT PFE LLY PLD,0.5,0.3867814529922464
0,2018-08-30,high,1,0.2,AAPL AMGN AMZN COP COST,0.5,0.15122599958665717
0,2018-10-01,high,1,0.2,ABT ADBE ADP BSX COP,0.5,-0.3936791513344362
0,2018-10-30,high,1,0.2,,0.0,0.0
0,2018-11-29,high,1,0.2,,0.0,0.0
0,2019-01-02,high,1,0.2,,0.0,0.0
0,2019-02-01,high,1,0.2,,0.0,0.0
0,2019-03-05,high,1,0.2,MRK NEE SBUX ZTS LLY,0.5,-0.6441787489583684
0,2019-04-03,high,1,0.2,ACN ANET APD DELL INTU,0.5,-0.8381105010325518
0,2019-05-03,high,1,0.2,APD AXP DELL DHR ENPH,0.5,0.463446268700185
0,2019-06-04,high,1,0.2,AON APD KO KTOS LHX,0.5,0.7124680763767488
0,2019-07-03,high,1,0.2,ABT ACN ADBE AON APD,0.5,0.02574408334834466
0,2019-08-02,high,1,0.2,SO ZTS DHI NEE T,0.5,-0.9176407033635869
0,2019-09-03,high,1,0.2,DUK KLAC KO LMT MLM,0.5,-0.12113594064494526
0,2019-10-02,high,1,0.2,LEN PHM SO DUK NEE,0.5,0.07301032235456084
0,2019-10-31,high,1,0.2,AMGN BMY MRK NEE SO,0.5,-0.5364379052451462
0,2019-12-02,high,1,0.2,BAC JPM AMGN DHR MRK,0.5,0.1771238007973963
0,2020-01-02,high,1,0.2,AAPL ABBNY ADBE AMAT AMD,0.5,0.24743962456046376
0,2020-02-03,high,1,0.2,ADBE AON DUK MSFT NOW,0.5,0.21979693557285795
0,2020-03-04,high,1,0.2,GILD NEE NVR DUK ZTS,0.5,-0.2499604442924075
0,2020-04-02,high,1,0.2,,0.0,0.0
0,2020-05-04,high,1,0.2,OKTA MRNA VRTX GILD TMO,0.5,0.20066909217277829
0,2020-06-03,high,1,0.2,ASML DHR KLAC LOW NKE,0.5,-0.3134750369614858
0,2020-07-02,high,1,0.2,ADBE AMGN AMZN ASML CRSP,0.5,0.6151996150796535
0,2020-08-03,high,1,0.2,AAPL ACN CGNX COST CRM,0.5,0.2810518324626532
0,2020-09-01,high,1,0.2,AAPL ALB AMD AMZN APD,0.5,-0.46433002591388384
0,2020-10-01,high,1,0.2,DDOG DHI ENPH LEN PACB,0.5,1.5656533443550336
0,2020-10-30,high,1,0.2,SQM PWR TMO NEE DHR,0.5,0.6260178139140482
0,2020-12-01,high,1,0.2,ACN AMAT ASML AVGO BLK,0.5,0.15680060252387662
0,2020-12-31,high,1,0.2,ABBNY AVGO BLK DIS GS,0.5,-1.141659268185391
0,2021-02-02,high,1,0.2,AVGO FTNT GOOGL MSTR NOW,0.5,-0.1308118830881555
0,2021-03-04,high,1,0.2,AXP BAC MPC SCHW EMR,0.5,-0.11260733324601757
0,2021-04-05,high,1,0.2,ABBNY ACN ADP AMAT AON,0.5,-0.5927633164195867
0,2021-05-04,high,1,0.2,AON BLK BRK-B CAT CI,0.5,0.180890461833072
0,2021-06-03,high,1,0.2,ANET AXP BAC COP EMR,0.5,0.08730927428408641
0,2021-07-02,high,1,0.2,ACN ADBE ADP BLK BMY,0.5,-0.15501764718723887
0,2021-08-03,high,1,0.2,ABBNY ADP ALB AMD AON,0.5,-0.014474397240626935
0,2021-09-01,high,1,0.2,ABT ACN ALB AON ASML,0.5,0.34890915592833416
0,2021-10-01,high,1,0.2,COP DELL JPM MPC MRK,0.5,-0.35455995624859016
0,2021-11-01,high,1,0.2,ABT ALB AMD COST CRM,0.5,0.22948861585940783
0,2021-12-01,high,1,0.2,LRCX NVR PFE AAPL NEE,0.5,0.05523593694858331
0,2021-12-31,high,1,0.2,ITW LIN MDLZ NEE PEP,0.5,-0.5876146240141322
0,2022-02-01,high,1,0.2,COP EOG OXY UPS VLO,0.5,0.4797470817464955
0,2022-03-03,high,1,0.2,,0.0,0.0
0,2022-04-01,high,1,0.2,,0.0,0.0
0,2022-05-03,high,1,0.2,,0.0,0.0
0,2022-06-02,high,1,0.2,,0.0,0.0
0,2022-07-05,high,1,0.2,,0.0,0.0
0,2022-08-03,high,1,0.2,,0.0,0.0
0,2022-09-01,high,1,0.2,,0.0,0.0
0,2022-10-03,high,1,0.2,,0.0,0.0
0,2022-11-01,high,1,0.2,,0.0,0.0
0,2022-12-01,high,1,0.2,,0.0,0.0
0,2023-01-03,high,1,0.2,,0.0,0.0
0,2023-02-02,high,1,0.2,BSX DHI NUE SYK URI,0.5,0.18438889880545428
0,2023-03-06,high,1,0.2,AVGO FSLR PGR PWR ROK,0.5,-0.49352031122781304
0,2023-04-04,high,1,0.2,BSX MCD MDLZ ORCL SYK,0.5,0.18692228968473223
0,2023-05-04,high,1,0.2,BIIB PEP VRTX MDLZ MSFT,0.5,0.37052538812418767
0,2023-06-05,high,1,0.2,CCJ FTNT ISRG LLY MLM,0.5,-0.5099027281245117
0,2023-07-06,high,1,0.2,VST BRK-B V MA MSTR,0.5,0.028653998580785434
0,2023-08-04,high,1,0.2,BKNG CEG MPC VRT VST,0.5,0.6110195766256155
0,2023-09-05,high,1,0.2,ADBE ANET IBM INTU LLY,0.5,0.013713808925919224
0,2023-10-04,high,1,0.2,COST GOOGL WMT VRTX LIN,0.5,-0.4032566948010352
0,2023-11-02,high,1,0.2,ANET CCJ CEG KTOS VRTX,0.5,-0.8919586021711057
0,2023-12-04,high,1,0.2,AVAV CCJ COIN COST CRWD,0.5,0.27522533610897515
0,2024-01-04,high,1,0.2,AMGN BSX C JPM VRTX,0.5,0.09358311566678434
0,2024-02-05,high,1,0.2,ABBV ASML BKNG BRK-B CAT,0.5,0.16407091928809514
0,2024-03-06,high,1,0.2,ABBV ABNB AMAT AMD ASML,0.5,-0.04781936992158675
0,2024-04-05,high,1,0.2,AMZN CAT CEG COP DELL,0.5,-1.0220603273192075
0,2024-05-06,high,1,0.2,CCJ CEG DUK GS MS,0.5,0.22139274699226608
0,2024-06-05,high,1,0.2,AMAT AVAV COST DHR GEN,0.5,-0.042466634542526194
0,2024-07-08,high,1,0.2,AAPL ANET ASML C KLAC,0.5,-0.11943279705594056
0,2024-08-06,high,1,0.2,DUK PG LMT T KO,0.5,0.25734541638684494
0,2024-09-05,high,1,0.2,SO SPGI T DUK PG,0.5,-0.24370306291743304
0,2024-10-04,high,1,0.2,ADP ANET AXP BSX CAT,0.5,-0.15907329217851318
0,2024-11-04,high,1,0.2,BKNG GILD ILMN V NOW,0.5,0.8816641787725343
0,2024-12-04,high,1,0.2,AAPL AMZN BKNG C COIN,0.5,-0.5655426754269444
0,2025-01-06,high,1,0.2,ANET C GOOGL IONQ KTOS,0.5,-1.3316040917985883
0,2025-02-06,high,1,0.2,ADP BAC BSX C COST,0.5,-0.4003180187859834
0,2025-03-10,high,1,0.2,,0.0,0.0
0,2025-04-08,high,1,0.2,,0.0,0.0
0,2025-05-08,high,1,0.2,,0.0,0.0
0,2025-06-09,high,1,0.2,IBM KTOS LEU MP MSFT,0.5,-0.8837063705896653
0,2025-07-10,high,1,0.2,BLK COIN EMR GEV HOOD,0.5,-0.02115719948905248
0,2025-08-08,high,1,0.2,AVGO BLK GILD HOOD JNJ,0.5,-0.20683043810825197
0,2025-09-09,high,1,0.2,C GOOGL GS HOOD MDT,0.5,-0.5039831525969762
0,2025-10-08,high,1,0.2,ANET ASTS AVAV CAT CEG,0.5,0.6564219431899776
0,2025-11-06,high,1,0.2,CWEN DDOG GOOGL LLY MU,0.5,0.330404210416102
0,2025-12-08,high,1,0.2,C GS MDB MS TER,0.5,0.12895184734000864
0,2026-01-08,high,1,0.2,F GM GOOGL HII LHX,0.5,0.17390136702581938
0,2026-02-09,high,1,0.2,ABBNY C CAT COP CVX,0.5,-0.42508045804170447
0,2026-03-11,high,1,0.2,CVX MPC OXY VLO VRT,0.5,0.739580798320083
0,2026-04-10,high,1,0.2,AMAT APD BEP CAT CWEN,0.5,-0.5573704940568636
0,2026-05-11,high,1,0.2,ABBNY AMAT AMD APD CGNX,0.5,-0.5941498175745408
0,2026-06-10,high,1,0.2,KO TJX CVS KLAC AMAT,0.5,1.4673413303004423
0,2026-07-13,high,1,0.2,AAPL CVS ELV KO MPC,0.5,-0.33562481167259683
0,2016-06-30,momentum,1,0.2,NVDA AMD AMZN ALB HII,0.5,0.13335846514868077
0,2016-08-01,momentum,1,0.2,AMD NVDA ALB HII KLAC,0.5,-0.8030477261186109
0,2016-08-30,momentum,1,0.2,AMD NVDA DHR ALB AMAT,0.5,-0.47352744054920404
0,2016-09-29,momentum,1,0.2,AMD NVDA AMAT DHR ALB,0.5,0.788017493840476
0,2016-10-28,momentum,1,0.2,AMD NVDA AMAT DHR ALB,0.5,0.1692989019510982
0,2016-11-29,momentum,1,0.2,AMD NVDA DHR GEN ALB,0.5,-0.3572940535789937
0,2016-12-29,momentum,1,0.2,AMD NVDA FCX CGNX DHR,0.5,-1.28994295044913
0,2017-01-31,momentum,1,0.2,AMD NVDA FCX URI CGNX,0.5,1.5682485228473597
0,2017-03-02,momentum,1,0.2,AMD NVDA URI MU DHR,0.5,-0.3545498383751622
0,2017-03-31,momentum,1,0.2,AMD NVDA MU URI CGNX,0.5,-0.5211619910536203
0,2017-05-02,momentum,1,0.2,AMD NVDA MU CGNX ANET,0.5,0.1516268049671421
0,2017-06-01,momentum,1,0.2,AMD NVDA MU CGNX XYZ,0.5,-0.012257737433019056
0,2017-06-30,momentum,1,0.2,NVDA XYZ ANET MU CGNX,0.5,-1.4579712609704476
0,2017-08-01,momentum,1,0.2,NVDA XYZ MU ANET CGNX,0.5,-1.3440363440597958
0,2017-08-30,momentum,1,0.2,NVDA XYZ CGNX NFLX ANET,0.5,0.018367956312692613
0,2017-09-29,momentum,1,0.2,NVDA STLA XYZ ANET CGNX,0.5,0.26130871631002694
0,2017-10-30,momentum,1,0.2,XYZ NVDA STLA MU ANET,0.5,1.054954724032342
0,2017-11-29,momentum,1,0.2,XYZ SEDG STLA SQM NVDA,0.5,0.4096558791503835
0,2017-12-29,momentum,1,0.2,SEDG XYZ ANET CGNX NVR,0.5,0.5976145818548773
0,2018-01-31,momentum,1,0.2,SEDG ANET XYZ FSLR SQM,0.5,-0.3849122584521636
0,2018-03-02,momentum,1,0.2,XYZ NVDA SEDG ANET STLA,0.5,1.6780402625981905
0,2018-04-03,momentum,1,0.2,SEDG XYZ FSLR CRSP NVDA,0.5,2.2586190577152943
0,2018-05-02,momentum,1,0.2,SEDG CRSP XYZ FSLR NVDA,0.5,0.32389383403508276
0,2018-06-01,momentum,1,0.2,CRSP SEDG XYZ STLA NFLX,0.5,0.13899530420886652
0,2018-07-02,momentum,1,0.2,ENPH CRSP SEDG XYZ OKTA,0.5,-0.6478538057952621
0,2018-08-01,momentum,1,0.2,ENPH CRSP XYZ OKTA NFLX,0.5,2.3501967036146043
0,2018-08-30,momentum,1,0.2,XYZ CRSP RUN OKTA NFLX,0.5,0.6272984217124078
0,2018-10-01,momentum,1,0.2,XYZ FTNT OKTA AMZN NFLX,0.5,-1.0239303218752327
0,2018-10-30,momentum,1,0.2,,0.0,0.0
0,2018-11-29,momentum,1,0.2,,0.0,0.0
0,2019-01-02,momentum,1,0.2,,0.0,0.0
0,2019-02-01,momentum,1,0.2,,0.0,0.0
0,2019-03-05,momentum,1,0.2,MDB OKTA AMD RUN LLY,0.5,-1.4136620990301108
0,2019-04-03,momentum,1,0.2,AMD MDB ZS OKTA IRDM,0.5,-1.6944673726617787
0,2019-05-03,momentum,1,0.2,MDB AMD ZS IRDM ENPH,0.5,1.8492592720016576
0,2019-06-04,momentum,1,0.2,MDB ENPH ZS AMD OKTA,0.5,0.5808625838729098
0,2019-07-03,momentum,1,0.2,MDB ENPH OKTA KTOS AMD,0.5,0.9293673691924242
0,2019-08-02,momentum,1,0.2,ENPH MDB OKTA ZS KTOS,0.5,-1.0512494701497732
0,2019-09-03,momentum,1,0.2,ENPH OKTA MDB ZS SBUX,0.5,0.7263889280560543
0,2019-10-02,momentum,1,0.2,ENPH SEDG OKTA SBUX KLAC,0.5,1.0865527530345531
0,2019-10-31,momentum,1,0.2,ENPH SEDG OKTA KLAC TER,0.5,-0.2482695641244037
0,2019-12-02,momentum,1,0.2,ENPH SEDG LRCX KLAC OKTA,0.5,1.7854335888810136
0,2020-01-02,momentum,1,0.2,ENPH CRSP SEDG AMD TER,0.5,0.6049412541599519
0,2020-02-03,momentum,1,0.2,ENPH SEDG AMD TER CRSP,0.5,1.5299979302100475
0,2020-03-04,momentum,1,0.2,ENPH TSLA SEDG AMD LRCX,0.5,1.1081080365107798
0,2020-04-02,momentum,1,0.2,,0.0,0.0
0,2020-05-04,momentum,1,0.2,ENPH TSLA SEDG AMD REGN,0.5,-1.2188215169865013
0,2020-06-03,momentum,1,0.2,TSLA ENPH MRNA NVDA SEDG,0.5,-1.265734574003785
0,2020-07-02,momentum,1,0.2,MRNA TSLA ENPH SEDG NVDA,0.5,1.133258935233994
0,2020-08-03,momentum,1,0.2,TSLA MRNA NVDA SEDG REGN,0.5,0.3931518317932703
0,2020-09-01,momentum,1,0.2,TSLA MRNA RUN NVDA AMD,0.5,-1.417477719003879
0,2020-10-01,momentum,1,0.2,TSLA MRNA RUN ENPH ZS,0.5,0.3545141359501791
0,2020-10-30,momentum,1,0.2,TSLA RUN ENPH MRNA ZS,0.5,0.4798447518518323
0,2020-12-01,momentum,1,0.2,TSLA ENPH RUN MRNA TWST,0.5,0.533779158674963
0,2020-12-31,momentum,1,0.2,MRNA TSLA TWST RUN ENPH,0.5,-0.4066458073842649
0,2021-02-02,momentum,1,0.2,TWST PACB ENPH MRNA TSLA,0.5,-0.45934038717804215
0,2021-03-04,momentum,1,0.2,PACB TWST TSLA MRNA MSTR,0.5,-1.293613561753948
0,2021-04-05,momentum,1,0.2,PACB TSLA MSTR FCX ENPH,0.5,-0.022519233108408976
0,2021-05-04,momentum,1,0.2,PACB MSTR NTLA BEAM TSLA,0.5,-0.9740947786289977
0,2021-06-03,momentum,1,0.2,PACB MSTR FCX UUUU NTLA,0.5,0.0846481363702134
0,2021-07-02,momentum,1,0.2,PACB UUUU MSTR FCX MRNA,0.5,-1.1939657469415166
0,2021-08-03,momentum,1,0.2,PACB NTLA BEAM MSTR MP,0.5,1.957975674470025
0,2021-09-01,momentum,1,0.2,NTLA MRNA PACB MSTR BEAM,0.5,0.061407864483475905
0,2021-10-01,momentum,1,0.2,NTLA MRNA UUUU NET ALB,0.5,-0.1021008322599215
0,2021-11-01,momentum,1,0.2,NTLA MRNA UUUU MSTR UEC,0.5,0.9796843760340401
0,2021-12-01,momentum,1,0.2,UUUU UEC NET FTNT CCJ,0.5,1.386947787203141
0,2021-12-31,momentum,1,0.2,NVDA F NET FTNT UEC,0.5,-0.5434967321873541
0,2022-02-01,momentum,1,0.2,FTNT NUE NVDA F EOG,0.5,0.17239259611472324
0,2022-03-03,momentum,1,0.2,,0.0,0.0
0,2022-04-01,momentum,1,0.2,,0.0,0.0
0,2022-05-03,momentum,1,0.2,,0.0,0.0
0,2022-06-02,momentum,1,0.2,,0.0,0.0
0,2022-07-05,momentum,1,0.2,,0.0,0.0
0,2022-08-03,momentum,1,0.2,,0.0,0.0
0,2022-09-01,momentum,1,0.2,,0.0,0.0
0,2022-10-03,momentum,1,0.2,,0.0,0.0
0,2022-11-01,momentum,1,0.2,,0.0,0.0
0,2022-12-01,momentum,1,0.2,,0.0,0.0
0,2023-01-03,momentum,1,0.2,,0.0,0.0
0,2023-02-02,momentum,1,0.2,FSLR CEG MPC IRDM LLY,0.5,-0.14538035110897018
0,2023-03-06,momentum,1,0.2,FSLR CEG VLO MPC ALB,0.5,-0.6325732967197295
0,2023-04-04,momentum,1,0.2,FSLR MPC IRDM VLO XOM,0.5,0.8393887296335167
0,2023-05-04,momentum,1,0.2,FSLR NFLX IRDM PACB ANET,0.5,0.3695587137654943
0,2023-06-05,momentum,1,0.2,FSLR PACB IRDM BIIB NFLX,0.5,0.03845473638144359
0,2023-07-06,momentum,1,0.2,FSLR NVDA PACB SYM VRT,0.5,0.06438326284565754
0,2023-08-04,momentum,1,0.2,SYM PACB IONQ NVDA VRT,0.5,-1.31495520272209
0,2023-09-05,momentum,1,0.2,SYM NVDA VRT IONQ PLTR,0.5,-0.2832584092540724
0,2023-10-04,momentum,1,0.2,NVDA IONQ VRT SYM META,0.5,0.4184972275041998
0,2023-11-02,momentum,1,0.2,NVDA META SYM IONQ VRT,0.5,-0.0688228257016199
0,2023-12-04,momentum,1,0.2,SYM VRT META NVDA PLTR,0.5,-0.011235240020213144
0,2024-01-04,momentum,1,0.2,SYM COIN IONQ MSTR VRT,0.5,-0.5271207454796922
0,2024-02-05,momentum,1,0.2,VRT SYM MSTR NVDA CRWD,0.5,-1.5715374332150978
0,2024-03-06,momentum,1,0.2,VRT NVDA META CRWD DELL,0.5,0.4066787868065802
0,2024-04-05,momentum,1,0.2,VRT MSTR COIN NVDA PLTR,0.5,-0.8512738491101457
0,2024-05-06,momentum,1,0.2,VRT COIN MSTR VST NVDA,0.5,-1.1159128317827727
0,2024-06-05,momentum,1,0.2,VRT MSTR COIN VST DELL,0.5,-1.6143451781605478
0,2024-07-08,momentum,1,0.2,MSTR VRT VST COIN NVDA,0.5,-0.35401522216016446
0,2024-08-06,momentum,1,0.2,MSTR VST NVDA ASTS COIN,0.5,-3.3638540051149968
0,2024-09-05,momentum,1,0.2,ASTS MSTR VST NVDA TWST,0.5,-3.2610160459584536
0,2024-10-04,momentum,1,0.2,ASTS MSTR VST NVDA TWST,0.5,-0.5273673586467797
0,2024-11-04,momentum,1,0.2,ASTS VST MSTR SMR NVDA,0.5,0.47660989132565224
0,2024-12-04,momentum,1,0.2,SMR ASTS MSTR VST NVDA,0.5,-1.3703264063507081
0,2025-01-06,momentum,1,0.2,SMR MSTR LUNR ASTS PLTR,0.5,-3.6659828646381287
0,2025-02-06,momentum,1,0.2,RGTI QBTS ASTS SMR MSTR,0.5,-0.7598830591371675
0,2025-03-10,momentum,1,0.2,,0.0,0.0
0,2025-04-08,momentum,1,0.2,,0.0,0.0
0,2025-05-08,momentum,1,0.2,,0.0,0.0
0,2025-06-09,momentum,1,0.2,RGTI QBTS RKLB PLTR IONQ,0.5,-1.8414565964465668
0,2025-07-10,momentum,1,0.2,QBTS RGTI OKLO RKLB IONQ,0.5,-1.7246710461318204
0,2025-08-08,momentum,1,0.2,QBTS RGTI RKLB OKLO IONQ,0.5,0.9473379569829854
0,2025-09-09,momentum,1,0.2,RGTI QBTS OKLO RKLB PLTR,0.5,-0.7818871651580017
0,2025-10-08,momentum,1,0.2,RGTI QBTS OKLO HOOD RKLB,0.5,1.114939261782255
0,2025-11-06,momentum,1,0.2,RGTI QBTS PL OKLO HOOD,0.5,3.3131880786996026
0,2025-12-08,momentum,1,0.2,RGTI QBTS OKLO LEU QS,0.5,0.5641180118851619
0,2026-01-08,momentum,1,0.2,OKLO LEU HOOD ASTS MP,0.5,-0.16280009504024973
0,2026-02-09,momentum,1,0.2,UUUU PL LEU MU ASTS,0.5,-1.9064911183090727
0,2026-03-11,momentum,1,0.2,PL UUUU RKLB MU UEC,0.5,-0.8872930172320714
0,2026-04-10,momentum,1,0.2,PL MU UUUU TER ASTS,0.5,1.5592724277889713
0,2026-05-11,momentum,1,0.2,PL MU TER UUUU ASTS,0.5,-0.32531717280244177
0,2026-06-10,momentum,1,0.2,MU PL TER RKLB AMD,0.5,3.739113556363427
0,2026-07-13,momentum,1,0.2,MU PL TER LRCX AMD,0.5,-1.2499512895274179
0,2016-06-30,qqq,1,0.2,QQQ,0.5,0.17399754168603287
0,2016-08-01,qqq,1,0.2,QQQ,0.5,-0.40619408974192917
0,2016-08-30,qqq,1,0.2,QQQ,0.5,-0.0741717535707953
0,2016-09-29,qqq,1,0.2,QQQ,0.5,0.14083660215171712
0,2016-10-28,qqq,1,0.2,QQQ,0.5,-0.3291700727651614
0,2016-11-29,qqq,1,0.2,QQQ,0.5,-0.7661271428199945
0,2016-12-29,qqq,1,0.2,QQQ,0.5,-0.7073212995522327
0,2017-01-31,qqq,1,0.2,QQQ,0.5,-0.10785414143819061
0,2017-03-02,qqq,1,0.2,QQQ,0.5,0.02610130823539336
0,2017-03-31,qqq,1,0.2,QQQ,0.5,-0.17146127745565343
0,2017-05-02,qqq,1,0.2,QQQ,0.5,-0.14720534680593422
0,2017-06-01,qqq,1,0.2,QQQ,0.5,0.2927416809645811
0,2017-06-30,qqq,1,0.2,QQQ,0.5,-0.8505495246118877
0,2017-08-01,qqq,1,0.2,QQQ,0.5,-0.2863938317436032
0,2017-08-30,qqq,1,0.2,QQQ,0.5,0.2922554521950671
0,2017-09-29,qqq,1,0.2,QQQ,0.5,-0.13072886565717035
0,2017-10-30,qqq,1,0.2,QQQ,0.5,-0.07365338618612327
0,2017-11-29,qqq,1,0.2,QQQ,0.5,0.10679224761691586
0,2017-12-29,qqq,1,0.2,QQQ,0.5,0.5152480237896828
0,2018-01-31,qqq,1,0.2,QQQ,0.5,-0.14145859648401204
0,2018-03-02,qqq,1,0.2,QQQ,0.5,0.6914443270259474
0,2018-04-03,qqq,1,0.2,QQQ,0.5,1.686176689520913
0,2018-05-02,qqq,1,0.2,QQQ,0.5,0.14805165291418287
0,2018-06-01,qqq,1,0.2,QQQ,0.5,0.22281979855265366
0,2018-07-02,qqq,1,0.2,QQQ,0.5,-0.8622809733265901
0,2018-08-01,qqq,1,0.2,QQQ,0.5,0.9385632732995086
0,2018-08-30,qqq,1,0.2,QQQ,0.5,0.026069976310494347
0,2018-10-01,qqq,1,0.2,QQQ,0.5,-0.16964770619936065
0,2018-10-30,qqq,1,0.2,,0.0,0.0
0,2018-11-29,qqq,1,0.2,,0.0,0.0
0,2019-01-02,qqq,1,0.2,,0.0,0.0
0,2019-02-01,qqq,1,0.2,,0.0,0.0
0,2019-03-05,qqq,1,0.2,QQQ,0.5,-0.431197594287247
0,2019-04-03,qqq,1,0.2,QQQ,0.5,-0.13247241277360988
0,2019-05-03,qqq,1,0.2,QQQ,0.5,0.6710769431464092
0,2019-06-04,qqq,1,0.2,QQQ,0.5,-0.20445776848517783
0,2019-07-03,qqq,1,0.2,QQQ,0.5,0.14155574273020388
0,2019-08-02,qqq,1,0.2,QQQ,0.5,-0.8344043948732227
0,2019-09-03,qqq,1,0.2,QQQ,0.5,0.13703469457295725
0,2019-10-02,qqq,1,0.2,QQQ,0.5,0.45325227125621037
0,2019-10-31,qqq,1,0.2,QQQ,0.5,0.13708377049970188
0,2019-12-02,qqq,1,0.2,QQQ,0.5,0.19918568796803982
0,2020-01-02,qqq,1,0.2,QQQ,0.5,0.10596754905238814
0,2020-02-03,qqq,1,0.2,QQQ,0.5,0.35389884388996595
0,2020-03-04,qqq,1,0.2,QQQ,0.5,-0.35797717839969323
0,2020-04-02,qqq,1,0.2,,0.0,0.0
0,2020-05-04,qqq,1,0.2,QQQ,0.5,-0.049412228450629314
0,2020-06-03,qqq,1,0.2,QQQ,0.5,-0.37439035357311745
0,2020-07-02,qqq,1,0.2,QQQ,0.5,0.47440868342527587
0,2020-08-03,qqq,1,0.2,QQQ,0.5,0.1822137533767254
0,2020-09-01,qqq,1,0.2,QQQ,0.5,-0.1854563641892626
0,2020-10-01,qqq,1,0.2,QQQ,0.5,-0.40903982830030605
0,2020-10-30,qqq,1,0.2,QQQ,0.5,-0.4431516763772514
0,2020-12-01,qqq,1,0.2,QQQ,0.5,0.16425362849097347
0,2020-12-31,qqq,1,0.2,QQQ,0.5,-1.0183729625280469
0,2021-02-02,qqq,1,0.2,QQQ,0.5,-0.6203550804071423
0,2021-03-04,qqq,1,0.2,QQQ,0.5,0.20587706827999153
0,2021-04-05,qqq,1,0.2,QQQ,0.5,-0.08632157330074053
0,2021-05-04,qqq,1,0.2,QQQ,0.5,-0.583506970002512
0,2021-06-03,qqq,1,0.2,QQQ,0.5,0.46398530369697877
0,2021-07-02,qqq,1,0.2,QQQ,0.5,0.029272995257700885
0,2021-08-03,qqq,1,0.2,QQQ,0.5,-0.022348982648667803
0,2021-09-01,qqq,1,0.2,QQQ,0.5,-0.30500396164848675
0,2021-10-01,qqq,1,0.2,QQQ,0.5,-0.9210824436084897
0,2021-11-01,qqq,1,0.2,QQQ,0.5,0.19036677786237188
0,2021-12-01,qqq,1,0.2,QQQ,0.5,0.4316971239213929
0,2021-12-31,qqq,1,0.2,QQQ,0.5,0.22897475388936606
0,2022-02-01,qqq,1,0.2,QQQ,0.5,-0.27129262426913714
0,2022-03-03,qqq,1,0.2,,0.0,0.0
0,2022-04-01,qqq,1,0.2,,0.0,0.0
0,2022-05-03,qqq,1,0.2,,0.0,0.0
0,2022-06-02,qqq,1,0.2,,0.0,0.0
0,2022-07-05,qqq,1,0.2,,0.0,0.0
0,2022-08-03,qqq,1,0.2,,0.0,0.0
0,2022-09-01,qqq,1,0.2,,0.0,0.0
0,2022-10-03,qqq,1,0.2,,0.0,0.0
0,2022-11-01,qqq,1,0.2,,0.0,0.0
0,2022-12-01,qqq,1,0.2,,0.0,0.0
0,2023-01-03,qqq,1,0.2,,0.0,0.0
0,2023-02-02,qqq,1,0.2,QQQ,0.5,0.10301075494045797
0,2023-03-06,qqq,1,0.2,QQQ,0.5,-0.7201817551910739
0,2023-04-04,qqq,1,0.2,QQQ,0.5,-0.44187385097123055
0,2023-05-04,qqq,1,0.2,QQQ,0.5,0.5926584166267901
0,2023-06-05,qqq,1,0.2,QQQ,0.5,-0.02102481985627458
0,2023-07-06,qqq,1,0.2,QQQ,0.5,-0.23442650827545375
0,2023-08-04,qqq,1,0.2,QQQ,0.5,0.07493944270451358
0,2023-09-05,qqq,1,0.2,QQQ,0.5,-0.4358486806592121
0,2023-10-04,qqq,1,0.2,QQQ,0.5,-0.24554555824597424
0,2023-11-02,qqq,1,0.2,QQQ,0.5,0.30504539512894446
0,2023-12-04,qqq,1,0.2,QQQ,0.5,0.2765664565389292
0,2024-01-04,qqq,1,0.2,QQQ,0.5,-0.062141440858531904
0,2024-02-05,qqq,1,0.2,QQQ,0.5,-0.33452605603759844
0,2024-03-06,qqq,1,0.2,QQQ,0.5,0.2418503571207431
0,2024-04-05,qqq,1,0.2,QQQ,0.5,-0.1914679365085492
0,2024-05-06,qqq,1,0.2,QQQ,0.5,-0.1429277402214768
0,2024-06-05,qqq,1,0.2,QQQ,0.5,-0.19126925540737805
0,2024-07-08,qqq,1,0.2,QQQ,0.5,-0.20992959654932974
0,2024-08-06,qqq,1,0.2,QQQ,0.5,-1.4097373740467822
0,2024-09-05,qqq,1,0.2,QQQ,0.5,-1.3616827078299365
0,2024-10-04,qqq,1,0.2,QQQ,0.5,-0.4381265778030108
0,2024-11-04,qqq,1,0.2,QQQ,0.5,0.370846543938641
0,2024-12-04,qqq,1,0.2,QQQ,0.5,-0.2429322418414981
0,2025-01-06,qqq,1,0.2,QQQ,0.5,-1.088240287094533
0,2025-02-06,qqq,1,0.2,QQQ,0.5,-0.7794947259745943
0,2025-03-10,qqq,1,0.2,,0.0,0.0
0,2025-04-08,qqq,1,0.2,,0.0,0.0
0,2025-05-08,qqq,1,0.2,,0.0,0.0
0,2025-06-09,qqq,1,0.2,QQQ,0.5,0.1856925687364619
0,2025-07-10,qqq,1,0.2,QQQ,0.5,-0.018730193583293975
0,2025-08-08,qqq,1,0.2,QQQ,0.5,-0.2596688857093077
0,2025-09-09,qqq,1,0.2,QQQ,0.5,-0.3597678660225645
0,2025-10-08,qqq,1,0.2,QQQ,0.5,-0.16354976206701677
0,2025-11-06,qqq,1,0.2,QQQ,0.5,0.01740321200385253
0,2025-12-08,qqq,1,0.2,QQQ,0.5,0.06349231075597483
0,2026-01-08,qqq,1,0.2,QQQ,0.5,0.32088342970451045
0,2026-02-09,qqq,1,0.2,QQQ,0.5,-0.41131666141746015
0,2026-03-11,qqq,1,0.2,QQQ,0.5,-0.5552231886983394
0,2026-04-10,qqq,1,0.2,QQQ,0.5,0.5477200163111595
0,2026-05-11,qqq,1,0.2,QQQ,0.5,-0.16894803036472394
0,2026-06-10,qqq,1,0.2,QQQ,0.5,1.1724184831768847
0,2026-07-13,qqq,1,0.2,QQQ,0.5,-0.13661870016027367
0,2016-06-30,high,1,0.5,ADP BSX CB CVX DHR,0.5,-0.17926210883232319
0,2016-08-01,high,1,0.5,AMZN BLK BSX DHR GOOGL,0.5,-0.3399055107521365
0,2016-08-30,high,1,0.5,APD BLK BRK-B JPM LHX,0.5,-0.19431932803001262
0,2016-09-29,high,1,0.5,ACN AMZN BKNG CAT NVDA,0.5,-0.0073179868435468975
0,2016-10-28,high,1,0.5,MA NOC TER JPM DE,0.5,-0.2574486631776729
0,2016-11-29,high,1,0.5,ACN ADP AMAT GD HPE,0.5,-0.4814270737721449
0,2016-12-29,high,1,0.5,ADP T DE CB ZTS,0.5,-0.4186564269737736
0,2017-01-31,high,1,0.5,DHR GEN HUBB NOW ZTS,0.5,-0.6747256797805412
0,2017-03-02,high,1,0.5,ABT ALB AVGO BKNG CGNX,0.5,0.020451609861993347
0,2017-03-31,high,1,0.5,ADBE AMZN CGNX DIS FTNT,0.5,-0.4699974437146315
0,2017-05-02,high,1,0.5,AAPL ABBNY ABBV AMAT ANET,0.5,-0.16957647455086988
0,2017-06-01,high,1,0.5,ABBNY ABT ACN AMAT ANET,0.5,0.22697529794992732
0,2017-06-30,high,1,0.5,AXP DHI PHM CAT C,0.5,-0.20171481554087656
0,2017-08-01,high,1,0.5,ACN APD C CB CGNX,0.5,-0.7116568756710406
0,2017-08-30,high,1,0.5,AAPL ADBE ANET BMY CAT,0.5,-0.21432575869313464
0,2017-09-29,high,1,0.5,ALB AMAT ASML AVAV AXP,0.5,-0.06356162390553921
0,2017-10-30,high,1,0.5,AAPL ACN AMZN ANET AVGO,0.5,-0.0896472144982785
0,2017-11-29,high,1,0.5,AXP BAC BLK BRK-B CI,0.5,0.01257288189986383
0,2017-12-29,high,1,0.5,ABBNY APD LOW PEP RIO,0.5,-0.342868666537155
0,2018-01-31,high,1,0.5,ADP AMZN CB CRM FTNT,0.5,-0.8502976444619392
0,2018-03-02,high,1,0.5,CRM CRSP NFLX NOW PANW,0.5,0.5930550643315602
0,2018-04-03,high,1,0.5,RUN COP NEE LHX MPC,0.5,1.1152126610638247
0,2018-05-02,high,1,0.5,CCJ MA OKTA PANW VLO,0.5,-0.0663675478360326
0,2018-06-01,high,1,0.5,AAPL ADBE ADP AMZN FTNT,0.5,-0.04535675207220091
0,2018-07-02,high,1,0.5,CRM DELL NEE RUN AVAV,0.5,-0.5732253412032873
0,2018-08-01,high,1,0.5,AAPL MDT PFE LLY PLD,0.5,0.2358471327777778
0,2018-08-30,high,1,0.5,AAPL AMGN AMZN COP COST,0.5,0.0009972890818721325
0,2018-10-01,high,1,0.5,ABT ADBE ADP BSX COP,0.5,-0.5422755907124599
0,2018-10-30,high,1,0.5,,0.0,0.0
0,2018-11-29,high,1,0.5,,0.0,0.0
0,2019-01-02,high,1,0.5,,0.0,0.0
0,2019-02-01,high,1,0.5,,0.0,0.0
0,2019-03-05,high,1,0.5,MRK NEE SBUX ZTS LLY,0.5,-0.792024813230241
0,2019-04-03,high,1,0.5,ACN ANET APD DELL INTU,0.5,-0.9853756399838765
0,2019-05-03,high,1,0.5,APD AXP DELL DHR ENPH,0.5,0.3122822979402695
0,2019-06-04,high,1,0.5,AON APD KO KTOS LHX,0.5,0.5605581572515117
0,2019-07-03,high,1,0.5,ABT ACN ADBE AON APD,0.5,-0.12410874429229501
0,2019-08-02,high,1,0.5,SO ZTS DHI NEE T,0.5,-1.0646676084631101
0,2019-09-03,high,1,0.5,DUK KLAC KO LMT MLM,0.5,-0.27054878708547836
0,2019-10-02,high,1,0.5,LEN PHM SO DUK NEE,0.5,-0.07698409197703926
0,2019-10-31,high,1,0.5,AMGN BMY MRK NEE SO,0.5,-0.6846067087461716
0,2019-12-02,high,1,0.5,BAC JPM AMGN DHR MRK,0.5,0.02681751306088387
0,2020-01-02,high,1,0.5,AAPL ABBNY ADBE AMAT AMD,0.5,0.09692270477414944
0,2020-02-03,high,1,0.5,ADBE AON DUK MSFT NOW,0.5,0.06936281985443493
0,2020-03-04,high,1,0.5,GILD NEE NVR DUK ZTS,0.5,-0.3989873951007028
0,2020-04-02,high,1,0.5,,0.0,0.0
0,2020-05-04,high,1,0.5,OKTA MRNA VRTX GILD TMO,0.5,0.0502922741812073
0,2020-06-03,high,1,0.5,ASML DHR KLAC LOW NKE,0.5,-0.46231172890440764
0,2020-07-02,high,1,0.5,ADBE AMGN AMZN ASML CRSP,0.5,0.4635810650131411
0,2020-08-03,high,1,0.5,AAPL ACN CGNX COST CRM,0.5,0.13043422682970096
0,2020-09-01,high,1,0.5,AAPL ALB AMD AMZN APD,0.5,-0.612714829592631
0,2020-10-01,high,1,0.5,DDOG DHI ENPH LEN PACB,0.5,1.4111876966294679
0,2020-10-30,high,1,0.5,SQM PWR TMO NEE DHR,0.5,0.47436685777910714
0,2020-12-01,high,1,0.5,ACN AMAT ASML AVGO BLK,0.5,0.006555193216728483
0,2020-12-31,high,1,0.5,ABBNY AVGO BLK DIS GS,0.5,-1.288015122489028
0,2021-02-02,high,1,0.5,AVGO FTNT GOOGL MSTR NOW,0.5,-0.2801957451055159
0,2021-03-04,high,1,0.5,AXP BAC MPC SCHW EMR,0.5,-0.26204572725125885
0,2021-04-05,high,1,0.5,ABBNY ACN ADP AMAT AON,0.5,-0.7407633963506299
0,2021-05-04,high,1,0.5,AON BLK BRK-B CAT CI,0.5,0.03057289100987237
0,2021-06-03,high,1,0.5,ANET AXP BAC COP EMR,0.5,-0.06272797276134501
0,2021-07-02,high,1,0.5,ACN ADBE ADP BLK BMY,0.5,-0.30432900049411904
0,2021-08-03,high,1,0.5,ABBNY ADP ALB AMD AON,0.5,-0.16420674985087036
0,2021-09-01,high,1,0.5,ABT ACN ALB AON ASML,0.5,0.19808828271821177
0,2021-10-01,high,1,0.5,COP DELL JPM MPC MRK,0.5,-0.5032735777316777
0,2021-11-01,high,1,0.5,ABT ALB AMD COST CRM,0.5,0.07902546857490034
0,2021-12-01,high,1,0.5,LRCX NVR PFE AAPL NEE,0.5,-0.09470523395883612
0,2021-12-31,high,1,0.5,ITW LIN MDLZ NEE PEP,0.5,-0.7356301269264787
0,2022-02-01,high,1,0.5,COP EOG OXY UPS VLO,0.5,0.32853428166939036
0,2022-03-03,high,1,0.5,,0.0,0.0
0,2022-04-01,high,1,0.5,,0.0,0.0
0,2022-05-03,high,1,0.5,,0.0,0.0
0,2022-06-02,high,1,0.5,,0.0,0.0
0,2022-07-05,high,1,0.5,,0.0,0.0
0,2022-08-03,high,1,0.5,,0.0,0.0
0,2022-09-01,high,1,0.5,,0.0,0.0
0,2022-10-03,high,1,0.5,,0.0,0.0
0,2022-11-01,high,1,0.5,,0.0,0.0
0,2022-12-01,high,1,0.5,,0.0,0.0
0,2023-01-03,high,1,0.5,,0.0,0.0
0,2023-02-02,high,1,0.5,BSX DHI NUE SYK URI,0.5,0.03406084836459211
0,2023-03-06,high,1,0.5,AVGO FSLR PGR PWR ROK,0.5,-0.6418176749918958
0,2023-04-04,high,1,0.5,BSX MCD MDLZ ORCL SYK,0.5,0.03658665043546616
0,2023-05-04,high,1,0.5,BIIB PEP VRTX MDLZ MSFT,0.5,0.2196397631831548
0,2023-06-05,high,1,0.5,CCJ FTNT ISRG LLY MLM,0.5,-0.6581510181258632
0,2023-07-06,high,1,0.5,VST BRK-B V MA MSTR,0.5,-0.12120754575233317
0,2023-08-04,high,1,0.5,BKNG CEG MPC VRT VST,0.5,0.4594135479236927
0,2023-09-05,high,1,0.5,ADBE ANET IBM INTU LLY,0.5,-0.13610298185666725
0,2023-10-04,high,1,0.5,COST GOOGL WMT VRTX LIN,0.5,-0.5518244445114395
0,2023-11-02,high,1,0.5,ANET CCJ CEG KTOS VRTX,0.5,-1.0390624383698976
0,2023-12-04,high,1,0.5,AVAV CCJ COIN COST CRWD,0.5,0.12462518382867493
0,2024-01-04,high,1,0.5,AMGN BSX C JPM VRTX,0.5,-0.05647292475970955
0,2024-02-05,high,1,0.5,ABBV ASML BKNG BRK-B CAT,0.5,0.013803731643724504
0,2024-03-06,high,1,0.5,ABBV ABNB AMAT AMD ASML,0.5,-0.19745183719208637
0,2024-04-05,high,1,0.5,AMZN CAT CEG COP DELL,0.5,-1.168774441950593
0,2024-05-06,high,1,0.5,CCJ CEG DUK GS MS,0.5,0.07095385099804563
0,2024-06-05,high,1,0.5,AMAT AVAV COST DHR GEN,0.5,-0.19211513600796426
0,2024-07-08,high,1,0.5,AAPL ANET ASML C KLAC,0.5,-0.2688507452872857
0,2024-08-06,high,1,0.5,DUK PG LMT T KO,0.5,0.10679882366029236
0,2024-09-05,high,1,0.5,SO SPGI T DUK PG,0.5,-0.39274875780058727
0,2024-10-04,high,1,0.5,ADP ANET AXP BSX CAT,0.5,-0.3083724967431478
0,2024-11-04,high,1,0.5,BKNG GILD ILMN V NOW,0.5,0.7292474303170371
0,2024-12-04,high,1,0.5,AAPL AMZN BKNG C COIN,0.5,-0.7136242951750971
0,2025-01-06,high,1,0.5,ANET C GOOGL IONQ KTOS,0.5,-1.4773909636825344
0,2025-02-06,high,1,0.5,ADP BAC BSX C COST,0.5,-0.5488945713421733
0,2025-03-10,high,1,0.5,,0.0,0.0
0,2025-04-08,high,1,0.5,,0.0,0.0
0,2025-05-08,high,1,0.5,,0.0,0.0
0,2025-06-09,high,1,0.5,IBM KTOS LEU MP MSFT,0.5,-1.0308349264654737
0,2025-07-10,high,1,0.5,BLK COIN EMR GEV HOOD,0.5,-0.17086953367014823
0,2025-08-08,high,1,0.5,AVGO BLK GILD HOOD JNJ,0.5,-0.3559865854632638
0,2025-09-09,high,1,0.5,C GOOGL GS HOOD MDT,0.5,-0.6522491747709802
0,2025-10-08,high,1,0.5,ANET ASTS AVAV CAT CEG,0.5,0.5046799110535405
0,2025-11-06,high,1,0.5,CWEN DDOG GOOGL LLY MU,0.5,0.1796387690333079
0,2025-12-08,high,1,0.5,C GS MDB MS TER,0.5,-0.021210140625038676
0,2026-01-08,high,1,0.5,F GM GOOGL HII LHX,0.5,0.02360473213547376
0,2026-02-09,high,1,0.5,ABBNY C CAT COP CVX,0.5,-0.5735828343590432
0,2026-03-11,high,1,0.5,CVX MPC OXY VLO VRT,0.5,0.5875896626507782
0,2026-04-10,high,1,0.5,AMAT APD BEP CAT CWEN,0.5,-0.7054765936904905
0,2026-05-11,high,1,0.5,ABBNY AMAT AMD APD CGNX,0.5,-0.7421457442216783
0,2026-06-10,high,1,0.5,KO TJX CVS KLAC AMAT,0.5,1.3131701776106786
0,2026-07-13,high,1,0.5,AAPL CVS ELV KO MPC,0.5,-0.48439515365046315
0,2016-06-30,momentum,1,0.5,NVDA AMD AMZN ALB HII,0.5,-0.016816722902657233
0,2016-08-01,momentum,1,0.5,AMD NVDA ALB HII KLAC,0.5,-0.9504178961107002
0,2016-08-30,momentum,1,0.5,AMD NVDA DHR ALB AMAT,0.5,-0.6218846932416477
0,2016-09-29,momentum,1,0.5,AMD NVDA AMAT DHR ALB,0.5,0.6358812653610935
0,2016-10-28,momentum,1,0.5,AMD NVDA AMAT DHR ALB,0.5,0.019016053810338995
0,2016-11-29,momentum,1,0.5,AMD NVDA DHR GEN ALB,0.5,-0.5059994850346472
0,2016-12-29,momentum,1,0.5,AMD NVDA FCX CGNX DHR,0.5,-1.4358546188743326
0,2017-01-31,momentum,1,0.5,AMD NVDA FCX URI CGNX,0.5,1.4137751012276878
0,2017-03-02,momentum,1,0.5,AMD NVDA URI MU DHR,0.5,-0.5032634901664834
0,2017-03-31,momentum,1,0.5,AMD NVDA MU URI CGNX,0.5,-0.6693765537727936
0,2017-05-02,momentum,1,0.5,AMD NVDA MU CGNX ANET,0.5,0.0013968938441744072
0,2017-06-01,momentum,1,0.5,AMD NVDA MU CGNX XYZ,0.5,-0.1619967300792391
0,2017-06-30,momentum,1,0.5,NVDA XYZ ANET MU CGNX,0.5,-1.6033795982025367
0,2017-08-01,momentum,1,0.5,NVDA XYZ MU ANET CGNX,0.5,-1.4897859749553488
0,2017-08-30,momentum,1,0.5,NVDA XYZ CGNX NFLX ANET,0.5,-0.13146277603455214
0,2017-09-29,momentum,1,0.5,NVDA STLA XYZ ANET CGNX,0.5,0.11075025146221051
0,2017-10-30,momentum,1,0.5,XYZ NVDA STLA MU ANET,0.5,0.9020188812847607
0,2017-11-29,momentum,1,0.5,XYZ SEDG STLA SQM NVDA,0.5,0.2586530382671537
0,2017-12-29,momentum,1,0.5,SEDG XYZ ANET CGNX NVR,0.5,0.44604870800541985
0,2018-01-31,momentum,1,0.5,SEDG ANET XYZ FSLR SQM,0.5,-0.533534959182469
0,2018-03-02,momentum,1,0.5,XYZ NVDA SEDG ANET STLA,0.5,1.5232379582611477
0,2018-04-03,momentum,1,0.5,SEDG XYZ FSLR CRSP NVDA,0.5,2.1020776213431125
0,2018-05-02,momentum,1,0.5,SEDG CRSP XYZ FSLR NVDA,0.5,0.17314789457727464
0,2018-06-01,momentum,1,0.5,CRSP SEDG XYZ STLA NFLX,0.5,-0.01119676907402889
0,2018-07-02,momentum,1,0.5,ENPH CRSP SEDG XYZ OKTA,0.5,-0.7956888613821378
0,2018-08-01,momentum,1,0.5,ENPH CRSP XYZ OKTA NFLX,0.5,2.1933809451021524
0,2018-08-30,momentum,1,0.5,XYZ CRSP RUN OKTA NFLX,0.5,0.47564362949861216
0,2018-10-01,momentum,1,0.5,XYZ FTNT OKTA AMZN NFLX,0.5,-1.1706388349113306
0,2018-10-30,momentum,1,0.5,,0.0,0.0
0,2018-11-29,momentum,1,0.5,,0.0,0.0
0,2019-01-02,momentum,1,0.5,,0.0,0.0
0,2019-02-01,momentum,1,0.5,,0.0,0.0
0,2019-03-05,momentum,1,0.5,MDB OKTA AMD RUN LLY,0.5,-1.5592031649867666
0,2019-04-03,momentum,1,0.5,AMD MDB ZS OKTA IRDM,0.5,-1.8391672824289218
0,2019-05-03,momentum,1,0.5,MDB AMD ZS IRDM ENPH,0.5,1.6939440786876148
0,2019-06-04,momentum,1,0.5,MDB ENPH ZS AMD OKTA,0.5,0.4293468908715736
0,2019-07-03,momentum,1,0.5,MDB ENPH OKTA KTOS AMD,0.5,0.7768077251517846
0,2019-08-02,momentum,1,0.5,ENPH MDB OKTA ZS KTOS,0.5,-1.1978761482888123
0,2019-09-03,momentum,1,0.5,ENPH OKTA MDB ZS SBUX,0.5,0.5744373088216514
0,2019-10-02,momentum,1,0.5,ENPH SEDG OKTA SBUX KLAC,0.5,0.9335222579418323
0,2019-10-31,momentum,1,0.5,ENPH SEDG OKTA KLAC TER,0.5,-0.3973015799882629
0,2019-12-02,momentum,1,0.5,ENPH SEDG LRCX KLAC OKTA,0.5,1.6303095863082095
0,2020-01-02,momentum,1,0.5,ENPH CRSP SEDG AMD TER,0.5,0.453353433159398
0,2020-02-03,momentum,1,0.5,ENPH SEDG AMD TER CRSP,0.5,1.3756390887844416
0,2020-03-04,momentum,1,0.5,ENPH TSLA SEDG AMD LRCX,0.5,0.9550129722599499
0,2020-04-02,momentum,1,0.5,,0.0,0.0
0,2020-05-04,momentum,1,0.5,ENPH TSLA SEDG AMD REGN,0.5,-1.364946230676789
0,2020-06-03,momentum,1,0.5,TSLA ENPH MRNA NVDA SEDG,0.5,-1.4117187589647973
0,2020-07-02,momentum,1,0.5,MRNA TSLA ENPH SEDG NVDA,0.5,0.9800885311084695
0,2020-08-03,momentum,1,0.5,TSLA MRNA NVDA SEDG REGN,0.5,0.2421984290185586
0,2020-09-01,momentum,1,0.5,TSLA MRNA RUN NVDA AMD,0.5,-1.563007355216639
0,2020-10-01,momentum,1,0.5,TSLA MRNA RUN ENPH ZS,0.5,0.2036764729426821
0,2020-10-30,momentum,1,0.5,TSLA RUN ENPH MRNA ZS,0.5,0.32863165920253845
0,2020-12-01,momentum,1,0.5,TSLA ENPH RUN MRNA TWST,0.5,0.38240450474318344
0,2020-12-31,momentum,1,0.5,MRNA TSLA TWST RUN ENPH,0.5,-0.5552034049597476
0,2021-02-02,momentum,1,0.5,TWST PACB ENPH MRNA TSLA,0.5,-0.6077401373905666
0,2021-03-04,momentum,1,0.5,PACB TWST TSLA MRNA MSTR,0.5,-1.4395142348107903
0,2021-04-05,momentum,1,0.5,PACB TSLA MSTR FCX ENPH,0.5,-0.1722274872984486
0,2021-05-04,momentum,1,0.5,PACB MSTR NTLA BEAM TSLA,0.5,-1.120952574743428
0,2021-06-03,momentum,1,0.5,PACB MSTR FCX UUUU NTLA,0.5,-0.06538113919873911
0,2021-07-02,momentum,1,0.5,PACB UUUU MSTR FCX MRNA,0.5,-1.3401649164443752
0,2021-08-03,momentum,1,0.5,PACB NTLA BEAM MSTR MP,0.5,1.8023348196267497
0,2021-09-01,momentum,1,0.5,NTLA MRNA PACB MSTR BEAM,0.5,-0.08855179452061934
0,2021-10-01,momentum,1,0.5,NTLA MRNA UUUU NET ALB,0.5,-0.2515706986382371
0,2021-11-01,momentum,1,0.5,NTLA MRNA UUUU MSTR UEC,0.5,0.8269740066840114
0,2021-12-01,momentum,1,0.5,UUUU UEC NET FTNT CCJ,0.5,1.233017454514762
0,2021-12-31,momentum,1,0.5,NVDA F NET FTNT UEC,0.5,-0.691644390871915
0,2022-02-01,momentum,1,0.5,FTNT NUE NVDA F EOG,0.5,0.022100480769116082
0,2022-03-03,momentum,1,0.5,,0.0,0.0
0,2022-04-01,momentum,1,0.5,,0.0,0.0
0,2022-05-03,momentum,1,0.5,,0.0,0.0
0,2022-06-02,momentum,1,0.5,,0.0,0.0
0,2022-07-05,momentum,1,0.5,,0.0,0.0
0,2022-08-03,momentum,1,0.5,,0.0,0.0
0,2022-09-01,momentum,1,0.5,,0.0,0.0
0,2022-10-03,momentum,1,0.5,,0.0,0.0
0,2022-11-01,momentum,1,0.5,,0.0,0.0
0,2022-12-01,momentum,1,0.5,,0.0,0.0
0,2023-01-03,momentum,1,0.5,,0.0,0.0
0,2023-02-02,momentum,1,0.5,FSLR CEG MPC IRDM LLY,0.5,-0.2947205730732594
0,2023-03-06,momentum,1,0.5,FSLR CEG VLO MPC ALB,0.5,-0.7804541252887987
0,2023-04-04,momentum,1,0.5,FSLR MPC IRDM VLO XOM,0.5,0.6870986178869609
0,2023-05-04,momentum,1,0.5,FSLR NFLX IRDM PACB ANET,0.5,0.2186759845112629
0,2023-06-05,momentum,1,0.5,FSLR PACB IRDM BIIB NFLX,0.5,-0.11143616620109542
0,2023-07-06,momentum,1,0.5,FSLR NVDA PACB SYM VRT,0.5,-0.08558530900654171
0,2023-08-04,momentum,1,0.5,SYM PACB IONQ NVDA VRT,0.5,-1.4607919465899788
0,2023-09-05,momentum,1,0.5,SYM NVDA VRT IONQ PLTR,0.5,-0.4321856155349191
0,2023-10-04,momentum,1,0.5,NVDA IONQ VRT SYM META,0.5,0.2674679022362625
0,2023-11-02,momentum,1,0.5,NVDA META SYM IONQ VRT,0.5,-0.21839237682172996
0,2023-12-04,momentum,1,0.5,SYM VRT META NVDA PLTR,0.5,-0.16097729557194018
0,2024-01-04,momentum,1,0.5,SYM COIN IONQ MSTR VRT,0.5,-0.6753174586652588
0,2024-02-05,momentum,1,0.5,VRT SYM MSTR NVDA CRWD,0.5,-1.716605581363595
0,2024-03-06,momentum,1,0.5,VRT NVDA META CRWD DELL,0.5,0.25568486384577316
0,2024-04-05,momentum,1,0.5,VRT MSTR COIN NVDA PLTR,0.5,-0.9984995570651578
0,2024-05-06,momentum,1,0.5,VRT COIN MSTR VST NVDA,0.5,-1.2623458099026874
0,2024-06-05,momentum,1,0.5,VRT MSTR COIN VST DELL,0.5,-1.759285095100449
0,2024-07-08,momentum,1,0.5,MSTR VRT VST COIN NVDA,0.5,-0.5027304754019579
0,2024-08-06,momentum,1,0.5,MSTR VST NVDA ASTS COIN,0.5,-3.5035532434901873
0,2024-09-05,momentum,1,0.5,ASTS MSTR VST NVDA TWST,0.5,-3.4010233369023757
0,2024-10-04,momentum,1,0.5,ASTS MSTR VST NVDA TWST,0.5,-0.675563333099094
0,2024-11-04,momentum,1,0.5,ASTS VST MSTR SMR NVDA,0.5,0.3254064887470376
0,2024-12-04,momentum,1,0.5,SMR ASTS MSTR VST NVDA,0.5,-1.5159972849908887
0,2025-01-06,momentum,1,0.5,SMR MSTR LUNR ASTS PLTR,0.5,-3.804777071719112
0,2025-02-06,momentum,1,0.5,RGTI QBTS ASTS SMR MSTR,0.5,-0.907382529502887
0,2025-03-10,momentum,1,0.5,,0.0,0.0
0,2025-04-08,momentum,1,0.5,,0.0,0.0
0,2025-05-08,momentum,1,0.5,,0.0,0.0
0,2025-06-09,momentum,1,0.5,RGTI QBTS RKLB PLTR IONQ,0.5,-1.9857161979040416
0,2025-07-10,momentum,1,0.5,QBTS RGTI OKLO RKLB IONQ,0.5,-1.8692804803656649
0,2025-08-08,momentum,1,0.5,QBTS RGTI RKLB OKLO IONQ,0.5,0.7947244817911203
0,2025-09-09,momentum,1,0.5,RGTI QBTS OKLO RKLB PLTR,0.5,-0.9293207219112976
0,2025-10-08,momentum,1,0.5,RGTI QBTS OKLO HOOD RKLB,0.5,0.961823734499001
0,2025-11-06,momentum,1,0.5,RGTI QBTS PL OKLO HOOD,0.5,3.1534876658317446
0,2025-12-08,momentum,1,0.5,RGTI QBTS OKLO LEU QS,0.5,0.4126524774872964
0,2026-01-08,momentum,1,0.5,OKLO LEU HOOD ASTS MP,0.5,-0.3120881359139238
0,2026-02-09,momentum,1,0.5,UUUU PL LEU MU ASTS,0.5,-2.050555907931695
0,2026-03-11,momentum,1,0.5,PL UUUU RKLB MU UEC,0.5,-1.03441082925686
0,2026-04-10,momentum,1,0.5,PL MU UUUU TER ASTS,0.5,1.404825894189643
0,2026-05-11,momentum,1,0.5,PL MU TER UUUU ASTS,0.5,-0.4741183914590996
0,2026-06-10,momentum,1,0.5,MU PL TER RKLB AMD,0.5,3.578137277671689
0,2026-07-13,momentum,1,0.5,MU PL TER LRCX AMD,0.5,-1.3959827535414693
0,2016-06-30,qqq,1,0.5,QQQ,0.5,0.023700618703137444
0,2016-08-01,qqq,1,0.5,QQQ,0.5,-0.5547530404440337
0,2016-08-30,qqq,1,0.5,QQQ,0.5,-0.22372528190141017
0,2016-09-29,qqq,1,0.5,QQQ,0.5,-0.009360986765338808
0,2016-10-28,qqq,1,0.5,QQQ,0.5,-0.47795975000519686
0,2016-11-29,qqq,1,0.5,QQQ,0.5,-0.9136079089442695
0,2016-12-29,qqq,1,0.5,QQQ,0.5,-0.8549782194160804
0,2017-01-31,qqq,1,0.5,QQQ,0.5,-0.25730677369706356
0,2017-03-02,qqq,1,0.5,QQQ,0.5,-0.12375258947752155
0,2017-03-31,qqq,1,0.5,QQQ,0.5,-0.3207233736342574
0,2017-05-02,qqq,1,0.5,QQQ,0.5,-0.29654010196966674
0,2017-06-01,qqq,1,0.5,QQQ,0.5,0.14208905822423734
0,2017-06-30,qqq,1,0.5,QQQ,0.5,-0.9977774022912334
0,2017-08-01,qqq,1,0.5,QQQ,0.5,-0.43531164582180093
0,2017-08-30,qqq,1,0.5,QQQ,0.5,0.14160428595990648
0,2017-09-29,qqq,1,0.5,QQQ,0.5,-0.28011297635445187
0,2017-10-30,qqq,1,0.5,QQQ,0.5,-0.22320846729360078
0,2017-11-29,qqq,1,0.5,QQQ,0.5,-0.04330336095208498
0,2017-12-29,qqq,1,0.5,QQQ,0.5,0.36392888013592195
0,2018-01-31,qqq,1,0.5,QQQ,0.5,-0.29081056612003664
0,2018-03-02,qqq,1,0.5,QQQ,0.5,0.5395973848407953
0,2018-04-03,qqq,1,0.5,QQQ,0.5,1.5313500124013668
0,2018-05-02,qqq,1,0.5,QQQ,0.5,-0.002167548790010798
0,2018-06-01,qqq,1,0.5,QQQ,0.5,0.07237662780521514
0,2018-07-02,qqq,1,0.5,QQQ,0.5,-1.009473709284514
0,2018-08-01,qqq,1,0.5,QQQ,0.5,0.7859760827973572
0,2018-08-30,qqq,1,0.5,QQQ,0.5,-0.12378382754715256
0,2018-10-01,qqq,1,0.5,QQQ,0.5,-0.3189152349564517
0,2018-10-30,qqq,1,0.5,,0.0,0.0
0,2018-11-29,qqq,1,0.5,,0.0,0.0
0,2019-01-02,qqq,1,0.5,,0.0,0.0
0,2019-02-01,qqq,1,0.5,,0.0,0.0
0,2019-03-05,qqq,1,0.5,QQQ,0.5,-0.5796816466359989
0,2019-04-03,qqq,1,0.5,QQQ,0.5,-0.28185130065070396
0,2019-05-03,qqq,1,0.5,QQQ,0.5,0.5192910117492344
0,2019-06-04,qqq,1,0.5,QQQ,0.5,-0.3536210232057857
0,2019-07-03,qqq,1,0.5,QQQ,0.5,-0.008644000382673767
0,2019-08-02,qqq,1,0.5,QQQ,0.5,-0.9816806355182339
0,2019-09-03,qqq,1,0.5,QQQ,0.5,-0.013151505675890185
0,2019-10-02,qqq,1,0.5,QQQ,0.5,0.3021188367605898
0,2019-10-31,qqq,1,0.5,QQQ,0.5,-0.013102576756784945
0,2019-12-02,qqq,1,0.5,QQQ,0.5,0.048813313534834535
0,2020-01-02,qqq,1,0.5,QQQ,0.5,-0.04412558912038067
0,2020-02-03,qqq,1,0.5,QQQ,0.5,0.20306302399857312
0,2020-03-04,qqq,1,0.5,QQQ,0.5,-0.5066805635452476
0,2020-04-02,qqq,1,0.5,,0.0,0.0
0,2020-05-04,qqq,1,0.5,QQQ,0.5,-0.199039924290767
0,2020-06-03,qqq,1,0.5,QQQ,0.5,-0.5230445728190647
0,2020-07-02,qqq,1,0.5,QQQ,0.5,0.3232118745961854
0,2020-08-03,qqq,1,0.5,QQQ,0.5,0.03189221861490399
0,2020-09-01,qqq,1,0.5,QQQ,0.5,-0.33467653788658014
0,2020-10-01,qqq,1,0.5,QQQ,0.5,-0.5575902545520983
0,2020-10-30,qqq,1,0.5,QQQ,0.5,-0.5915999201031363
0,2020-12-01,qqq,1,0.5,QQQ,0.5,0.013985893538581706
0,2020-12-31,qqq,1,0.5,QQQ,0.5,-1.1650981227130819
0,2021-02-02,qqq,1,0.5,QQQ,0.5,-0.7682725088168807
0,2021-03-04,qqq,1,0.5,QQQ,0.5,0.05548464972193745
0,2021-04-05,qqq,1,0.5,QQQ,0.5,-0.23583870667360785
0,2021-05-04,qqq,1,0.5,QQQ,0.5,-0.7315347774508596
0,2021-06-03,qqq,1,0.5,QQQ,0.5,0.31281971825007915
0,2021-07-02,qqq,1,0.5,QQQ,0.5,-0.12059040328876725
0,2021-08-03,qqq,1,0.5,QQQ,0.5,-0.17205774682635955
0,2021-09-01,qqq,1,0.5,QQQ,0.5,-0.4538660288179619
0,2021-10-01,qqq,1,0.5,QQQ,0.5,-1.0680990389261735
0,2021-11-01,qqq,1,0.5,QQQ,0.5,0.04002082059979539
0,2021-12-01,qqq,1,0.5,QQQ,0.5,0.2806282581760966
0,2021-12-31,qqq,1,0.5,QQQ,0.5,0.07851314588567249
0,2022-02-01,qqq,1,0.5,QQQ,0.5,-0.42025567422901977
0,2022-03-03,qqq,1,0.5,,0.0,0.0
0,2022-04-01,qqq,1,0.5,,0.0,0.0
0,2022-05-03,qqq,1,0.5,,0.0,0.0
0,2022-06-02,qqq,1,0.5,,0.0,0.0
0,2022-07-05,qqq,1,0.5,,0.0,0.0
0,2022-08-03,qqq,1,0.5,,0.0,0.0
0,2022-09-01,qqq,1,0.5,,0.0,0.0
0,2022-10-03,qqq,1,0.5,,0.0,0.0
0,2022-11-01,qqq,1,0.5,,0.0,0.0
0,2022-12-01,qqq,1,0.5,,0.0,0.0
0,2023-01-03,qqq,1,0.5,,0.0,0.0
0,2023-02-02,qqq,1,0.5,QQQ,0.5,-0.04707352611350579
0,2023-03-06,qqq,1,0.5,QQQ,0.5,-0.8678001513772182
0,2023-04-04,qqq,1,0.5,QQQ,0.5,-0.5903259224412927
0,2023-05-04,qqq,1,0.5,QQQ,0.5,0.4411073890407291
0,2023-06-05,qqq,1,0.5,QQQ,0.5,-0.170737550582456
0,2023-07-06,qqq,1,0.5,QQQ,0.5,-0.3834999912099457
0,2023-08-04,qqq,1,0.5,QQQ,0.5,-0.07506075033453241
0,2023-09-05,qqq,1,0.5,QQQ,0.5,-0.5843188006126154
0,2023-10-04,qqq,1,0.5,QQQ,0.5,-0.3945857339081815
0,2023-11-02,qqq,1,0.5,QQQ,0.5,0.15435591643790936
0,2023-12-04,qqq,1,0.5,QQQ,0.5,0.12596228691335032
0,2024-01-04,qqq,1,0.5,QQQ,0.5,-0.2117310061619193
0,2024-02-05,qqq,1,0.5,QQQ,0.5,-0.4832996893536001
0,2024-03-06,qqq,1,0.5,QQQ,0.5,0.09135018006454221
0,2024-04-05,qqq,1,0.5,QQQ,0.5,-0.3406701024555203
0,2024-05-06,qqq,1,0.5,QQQ,0.5,-0.292275309016532
0,2024-06-05,qqq,1,0.5,QQQ,0.5,-0.340472016506399
0,2024-07-08,qqq,1,0.5,QQQ,0.5,-0.3590764603311758
0,2024-08-06,qqq,1,0.5,QQQ,0.5,-1.5552901965729116
0,2024-09-05,qqq,1,0.5,QQQ,0.5,-1.507379478791926
0,2024-10-04,qqq,1,0.5,QQQ,0.5,-0.5865898742831166
0,2024-11-04,qqq,1,0.5,QQQ,0.5,0.2199599569707944
0,2024-12-04,qqq,1,0.5,QQQ,0.5,-0.3919802457301502
0,2025-01-06,qqq,1,0.5,QQQ,0.5,-1.2347561587154887
0,2025-02-06,qqq,1,0.5,QQQ,0.5,-0.9269354493134707
0,2025-03-10,qqq,1,0.5,,0.0,0.0
0,2025-04-08,qqq,1,0.5,,0.0,0.0
0,2025-05-08,qqq,1,0.5,,0.0,0.0
0,2025-06-09,qqq,1,0.5,QQQ,0.5,0.035360613133805785
0,2025-07-10,qqq,1,0.5,QQQ,0.5,-0.16844979789508718
0,2025-08-08,qqq,1,0.5,QQQ,0.5,-0.40866675474331426
0,2025-09-09,qqq,1,0.5,QQQ,0.5,-0.5084658871378767
0,2025-10-08,qqq,1,0.5,QQQ,0.5,-0.31283555730244883
0,2025-11-06,qqq,1,0.5,QQQ,0.5,-0.13242463043812158
0,2025-12-08,qqq,1,0.5,QQQ,0.5,-0.08647359223658002
0,2026-01-08,qqq,1,0.5,QQQ,0.5,0.17014650795572628
0,2026-02-09,qqq,1,0.5,QQQ,0.5,-0.5598602673832831
0,2026-03-11,qqq,1,0.5,QQQ,0.5,-0.7033357206157054
0,2026-04-10,qqq,1,0.5,QQQ,0.5,0.3963036023421518
0,2026-05-11,qqq,1,0.5,QQQ,0.5,-0.31821765501072186
0,2026-06-10,qqq,1,0.5,QQQ,0.5,1.0191307760687662
0,2026-07-13,qqq,1,0.5,QQQ,0.5,-0.2859851677745495
0,2016-06-30,high,1,1.0,ADP BSX CB CVX DHR,0.5,-0.4277476904040123
0,2016-08-01,high,1,1.0,AMZN BLK BSX DHR GOOGL,0.5,-0.5875898683588177
0,2016-08-30,high,1,1.0,APD BLK BRK-B JPM LHX,0.5,-0.4427298103151789
0,2016-09-29,high,1,1.0,ACN AMZN BKNG CAT NVDA,0.5,-0.2566611557765941
0,2016-10-28,high,1,1.0,MA NOC TER JPM DE,0.5,-0.5055442820099287
0,2016-11-29,high,1,1.0,ACN ADP AMAT GD HPE,0.5,-0.7284055793705946
0,2016-12-29,high,1,1.0,ADP T DE CB ZTS,0.5,-0.6659480070335011
0,2017-01-31,high,1,1.0,DHR GEN HUBB NOW ZTS,0.5,-0.9207400905348884
0,2017-03-02,high,1,1.0,ABT ALB AVGO BKNG CGNX,0.5,-0.22903006252723568
0,2017-03-31,high,1,1.0,ADBE AMZN CGNX DIS FTNT,0.5,-0.7170329556601018
0,2017-05-02,high,1,1.0,AAPL ABBNY ABBV AMAT ANET,0.5,-0.41811036412779945
0,2017-06-01,high,1,1.0,ABBNY ABT ACN AMAT ANET,0.5,-0.02353643061500099
0,2017-06-30,high,1,1.0,AXP DHI PHM CAT C,0.5,-0.45008841214162487
0,2017-08-01,high,1,1.0,ACN APD C CB CGNX,0.5,-0.9574870886379316
0,2017-08-30,high,1,1.0,AAPL ADBE ANET BMY CAT,0.5,-0.4626364570375463
0,2017-09-29,high,1,1.0,ALB AMAT ASML AVAV AXP,0.5,-0.31262427244774793
0,2017-10-30,high,1,1.0,AAPL ACN AMZN ANET AVGO,0.5,-0.33857975872202406
0,2017-11-29,high,1,1.0,AXP BAC BLK BRK-B CI,0.5,-0.23686949459810203
0,2017-12-29,high,1,1.0,ABBNY APD LOW PEP RIO,0.5,-0.5905382451277252
0,2018-01-31,high,1,1.0,ADP AMZN CB CRM FTNT,0.5,-1.0954363736507822
0,2018-03-02,high,1,1.0,CRM CRSP NFLX NOW PANW,0.5,0.3407174787540157
0,2018-04-03,high,1,1.0,RUN COP NEE LHX MPC,0.5,0.8602707657231701
0,2018-05-02,high,1,1.0,CCJ MA OKTA PANW VLO,0.5,-0.31541620157067296
0,2018-06-01,high,1,1.0,AAPL ADBE ADP AMZN FTNT,0.5,-0.29451019911233
0,2018-07-02,high,1,1.0,CRM DELL NEE RUN AVAV,0.5,-0.8197459943725005
0,2018-08-01,high,1,1.0,AAPL MDT PFE LLY PLD,0.5,-0.01470884489165325
0,2018-08-30,high,1,1.0,AAPL AMGN AMZN COP COST,0.5,-0.24838735306618176
0,2018-10-01,high,1,1.0,ABT ADBE ADP BSX COP,0.5,-0.7889506086517728
0,2018-10-30,high,1,1.0,,0.0,0.0
0,2018-11-29,high,1,1.0,,0.0,0.0
0,2019-01-02,high,1,1.0,,0.0,0.0
0,2019-02-01,high,1,1.0,,0.0,0.0
0,2019-03-05,high,1,1.0,MRK NEE SBUX ZTS LLY,0.5,-1.0374541836052908
0,2019-04-03,high,1,1.0,ACN ANET APD DELL INTU,0.5,-1.229840655058967
0,2019-05-03,high,1,1.0,APD AXP DELL DHR ENPH,0.5,0.06134509274851041
0,2019-06-04,high,1,1.0,AON APD KO KTOS LHX,0.5,0.3083826530320133
0,2019-07-03,high,1,1.0,ABT ACN ADBE AON APD,0.5,-0.3728694084188078
0,2019-08-02,high,1,1.0,SO ZTS DHI NEE T,0.5,-1.3087371474425846
0,2019-09-03,high,1,1.0,DUK KLAC KO LMT MLM,0.5,-0.5185790678266966
0,2019-10-02,high,1,1.0,LEN PHM SO DUK NEE,0.5,-0.3259797947066101
0,2019-10-31,high,1,1.0,AMGN BMY MRK NEE SO,0.5,-0.930571836946037
0,2019-12-02,high,1,1.0,BAC JPM AMGN DHR MRK,0.5,-0.22269590986491172
0,2020-01-02,high,1,1.0,AAPL ABBNY ADBE AMAT AMD,0.5,-0.15294037434041563
0,2020-02-03,high,1,1.0,ADBE AON DUK MSFT NOW,0.5,-0.18036280176105812
0,2020-03-04,high,1,1.0,GILD NEE NVR DUK ZTS,0.5,-0.6463770762932142
0,2020-04-02,high,1,1.0,,0.0,0.0
0,2020-05-04,high,1,1.0,OKTA MRNA VRTX GILD TMO,0.5,-0.1993382313073111
0,2020-06-03,high,1,1.0,ASML DHR KLAC LOW NKE,0.5,-0.7093855740700317
0,2020-07-02,high,1,1.0,ADBE AMGN AMZN ASML CRSP,0.5,0.21188924309512025
0,2020-08-03,high,1,1.0,AAPL ACN CGNX COST CRM,0.5,-0.11959599412978417
0,2020-09-01,high,1,1.0,AAPL ALB AMD AMZN APD,0.5,-0.8590385252517208
0,2020-10-01,high,1,1.0,DDOG DHI ENPH LEN PACB,0.5,1.1547695981662498
0,2020-10-30,high,1,1.0,SQM PWR TMO NEE DHR,0.5,0.22262124071268374
0,2020-12-01,high,1,1.0,ACN AMAT ASML AVGO BLK,0.5,-0.24285716949706826
0,2020-12-31,high,1,1.0,ABBNY AVGO BLK DIS GS,0.5,-1.5309706948902324
0,2021-02-02,high,1,1.0,AVGO FTNT GOOGL MSTR NOW,0.5,-0.5281779107429663
0,2021-03-04,high,1,1.0,AXP BAC MPC SCHW EMR,0.5,-0.5101184177972673
0,2021-04-05,high,1,1.0,ABBNY ACN ADP AMAT AON,0.5,-0.9864484378282024
0,2021-05-04,high,1,1.0,AON BLK BRK-B CAT CI,0.5,-0.21895926221403572
0,2021-06-03,high,1,1.0,ANET AXP BAC COP EMR,0.5,-0.3117947792164677
0,2021-07-02,high,1,1.0,ACN ADBE ADP BLK BMY,0.5,-0.5521907992671826
0,2021-08-03,high,1,1.0,ABBNY ADP ALB AMD AON,0.5,-0.4127674214310484
0,2021-09-01,high,1,1.0,ABT ACN ALB AON ASML,0.5,-0.05227936916134546
0,2021-10-01,high,1,1.0,COP DELL JPM MPC MRK,0.5,-0.7501431218520094
0,2021-11-01,high,1,1.0,ABT ALB AMD COST CRM,0.5,-0.17074834640320447
0,2021-12-01,high,1,1.0,LRCX NVR PFE AAPL NEE,0.5,-0.34361255083831255
0,2021-12-31,high,1,1.0,ITW LIN MDLZ NEE PEP,0.5,-0.9813407710645428
0,2022-02-01,high,1,1.0,COP EOG OXY UPS VLO,0.5,0.07751601819143694
0,2022-03-03,high,1,1.0,,0.0,0.0
0,2022-04-01,high,1,1.0,,0.0,0.0
0,2022-05-03,high,1,1.0,,0.0,0.0
0,2022-06-02,high,1,1.0,,0.0,0.0
0,2022-07-05,high,1,1.0,,0.0,0.0
0,2022-08-03,high,1,1.0,,0.0,0.0
0,2022-09-01,high,1,1.0,,0.0,0.0
0,2022-10-03,high,1,1.0,,0.0,0.0
0,2022-11-01,high,1,1.0,,0.0,0.0
0,2022-12-01,high,1,1.0,,0.0,0.0
0,2023-01-03,high,1,1.0,,0.0,0.0
0,2023-02-02,high,1,1.0,BSX DHI NUE SYK URI,0.5,-0.2154887013722684
0,2023-03-06,high,1,1.0,AVGO FSLR PGR PWR ROK,0.5,-0.8879962174924594
0,2023-04-04,high,1,1.0,BSX MCD MDLZ ORCL SYK,0.5,-0.21297549697505413
0,2023-05-04,high,1,1.0,BIIB PEP VRTX MDLZ MSFT,0.5,-0.030835378717286588
0,2023-06-05,high,1,1.0,CCJ FTNT ISRG LLY MLM,0.5,-0.9042480965526511
0,2023-07-06,high,1,1.0,VST BRK-B V MA MSTR,0.5,-0.36998267987743416
0,2023-08-04,high,1,1.0,BKNG CEG MPC VRT VST,0.5,0.20774251188624415
0,2023-09-05,high,1,1.0,ADBE ANET IBM INTU LLY,0.5,-0.38480382360353005
0,2023-10-04,high,1,1.0,COST GOOGL WMT VRTX LIN,0.5,-0.7984518366509374
0,2023-11-02,high,1,1.0,ANET CCJ CEG KTOS VRTX,0.5,-1.2832596855257394
0,2023-12-04,high,1,1.0,AVAV CCJ COIN COST CRWD,0.5,-0.12537606398653756
0,2024-01-04,high,1,1.0,AMGN BSX C JPM VRTX,0.5,-0.305570928850718
0,2024-02-05,high,1,1.0,ABBV ASML BKNG BRK-B CAT,0.5,-0.23564478383224507
0,2024-03-06,high,1,1.0,ABBV ABNB AMAT AMD ASML,0.5,-0.44584669579534886
0,2024-04-05,high,1,1.0,AMZN CAT CEG COP DELL,0.5,-1.4123247383784676
0,2024-05-06,high,1,1.0,CCJ CEG DUK GS MS,0.5,-0.17877970603382698
0,2024-06-05,high,1,1.0,AMAT AVAV COST DHR GEN,0.5,-0.44053661190661675
0,2024-07-08,high,1,1.0,AAPL ANET ASML C KLAC,0.5,-0.5168894951705139
0,2024-08-06,high,1,1.0,DUK PG LMT T KO,0.5,-0.14311351351927737
0,2024-09-05,high,1,1.0,SO SPGI T DUK PG,0.5,-0.6401695547791131
0,2024-10-04,high,1,1.0,ADP ANET AXP BSX CAT,0.5,-0.5562141282011934
0,2024-11-04,high,1,1.0,BKNG GILD ILMN V NOW,0.5,0.47623057259902346
0,2024-12-04,high,1,1.0,AAPL AMZN BKNG C COIN,0.5,-0.9594446954535152
0,2025-01-06,high,1,1.0,ANET C GOOGL IONQ KTOS,0.5,-1.7194020063953874
0,2025-02-06,high,1,1.0,ADP BAC BSX C COST,0.5,-0.7955365764976352
0,2025-03-10,high,1,1.0,,0.0,0.0
0,2025-04-08,high,1,1.0,,0.0,0.0
0,2025-05-08,high,1,1.0,,0.0,0.0
0,2025-06-09,high,1,1.0,IBM KTOS LEU MP MSFT,0.5,-1.275073209105082
0,2025-07-10,high,1,1.0,BLK COIN EMR GEV HOOD,0.5,-0.41939697399397957
0,2025-08-08,high,1,1.0,AVGO BLK GILD HOOD JNJ,0.5,-0.6035907372084814
0,2025-09-09,high,1,1.0,C GOOGL GS HOOD MDT,0.5,-0.8983756891924988
0,2025-10-08,high,1,1.0,ANET ASTS AVAV CAT CEG,0.5,0.25278310480381094
0,2025-11-06,high,1,1.0,CWEN DDOG GOOGL LLY MU,0.5,-0.07063686417424497
0,2025-12-08,high,1,1.0,C GS MDB MS TER,0.5,-0.27048402114412395
0,2026-01-08,high,1,1.0,F GM GOOGL HII LHX,0.5,-0.22589266674546415
0,2026-02-09,high,1,1.0,ABBNY C CAT COP CVX,0.5,-0.8201017044977887
0,2026-03-11,high,1,1.0,CVX MPC OXY VLO VRT,0.5,0.33527933627439666
0,2026-04-10,high,1,1.0,AMAT APD BEP CAT CWEN,0.5,-0.9513376313907584
0,2026-05-11,high,1,1.0,ABBNY AMAT AMD APD CGNX,0.5,-0.9878238911101733
0,2026-06-10,high,1,1.0,KO TJX CVS KLAC AMAT,0.5,1.0572409506746316
0,2026-07-13,high,1,1.0,AAPL CVS ELV KO MPC,0.5,-0.7313588556734363
0,2016-06-30,momentum,1,1.0,NVDA AMD AMZN ALB HII,0.5,-0.2661125160028144
0,2016-08-01,momentum,1,1.0,AMD NVDA ALB HII KLAC,0.5,-1.1950572661970527
0,2016-08-30,momentum,1,1.0,AMD NVDA DHR ALB AMAT,0.5,-0.86816265334968
0,2016-09-29,momentum,1,1.0,AMD NVDA AMAT DHR ALB,0.5,0.3833300801076245
0,2016-10-28,momentum,1,1.0,AMD NVDA AMAT DHR ALB,0.5,-0.230458458609073
0,2016-11-29,momentum,1,1.0,AMD NVDA DHR GEN ALB,0.5,-0.7528554334378268
0,2016-12-29,momentum,1,1.0,AMD NVDA FCX CGNX DHR,0.5,-1.678072827984789
0,2017-01-31,momentum,1,1.0,AMD NVDA FCX URI CGNX,0.5,1.1573440978424943
0,2017-03-02,momentum,1,1.0,AMD NVDA URI MU DHR,0.5,-0.7501330845995025
0,2017-03-31,momentum,1,1.0,AMD NVDA MU URI CGNX,0.5,-0.9154176437925043
0,2017-05-02,momentum,1,1.0,AMD NVDA MU CGNX ANET,0.5,-0.24798974136995833
0,2017-06-01,momentum,1,1.0,AMD NVDA MU CGNX XYZ,0.5,-0.4105684243393748
0,2017-06-30,momentum,1,1.0,NVDA XYZ ANET MU CGNX,0.5,-1.8447622608382064
0,2017-08-01,momentum,1,1.0,NVDA XYZ MU ANET CGNX,0.5,-1.7317351963922478
0,2017-08-30,momentum,1,1.0,NVDA XYZ CGNX NFLX ANET,0.5,-0.3801867612411858
0,2017-09-29,momentum,1,1.0,NVDA STLA XYZ ANET CGNX,0.5,-0.13918179383242135
0,2017-10-30,momentum,1,1.0,XYZ NVDA STLA MU ANET,0.5,0.6481403098248517
0,2017-11-29,momentum,1,1.0,XYZ SEDG STLA SQM NVDA,0.5,0.00798331401488106
0,2017-12-29,momentum,1,1.0,SEDG XYZ ANET CGNX NVR,0.5,0.1944443303547816
0,2018-01-31,momentum,1,1.0,SEDG ANET XYZ FSLR SQM,0.5,-0.7802535718375747
0,2018-03-02,momentum,1,1.0,XYZ NVDA SEDG ANET STLA,0.5,1.2662609986568318
0,2018-04-03,momentum,1,1.0,SEDG XYZ FSLR CRSP NVDA,0.5,1.8422136448778437
0,2018-05-02,momentum,1,1.0,SEDG CRSP XYZ FSLR NVDA,0.5,-0.07709536478791579
0,2018-06-01,momentum,1,1.0,CRSP SEDG XYZ STLA NFLX,0.5,-0.2605205922185827
0,2018-07-02,momentum,1,1.0,ENPH CRSP SEDG XYZ OKTA,0.5,-1.0410999569749446
0,2018-08-01,momentum,1,1.0,ENPH CRSP XYZ OKTA NFLX,0.5,1.9330615847854338
0,2018-08-30,momentum,1,1.0,XYZ CRSP RUN OKTA NFLX,0.5,0.22389164441400933
0,2018-10-01,momentum,1,1.0,XYZ FTNT OKTA AMZN NFLX,0.5,-1.414179832505269
0,2018-10-30,momentum,1,1.0,,0.0,0.0
0,2018-11-29,momentum,1,1.0,,0.0,0.0
0,2019-01-02,momentum,1,1.0,,0.0,0.0
0,2019-02-01,momentum,1,1.0,,0.0,0.0
0,2019-03-05,momentum,1,1.0,MDB OKTA AMD RUN LLY,0.5,-1.800806161707491
0,2019-04-03,momentum,1,1.0,AMD MDB ZS OKTA IRDM,0.5,-2.079373931976025
0,2019-05-03,momentum,1,1.0,MDB AMD ZS IRDM ENPH,0.5,1.4361157063703223
0,2019-06-04,momentum,1,1.0,MDB ENPH ZS AMD OKTA,0.5,0.17782581509322437
0,2019-07-03,momentum,1,1.0,MDB ENPH OKTA KTOS AMD,0.5,0.5235536560229903
0,2019-08-02,momentum,1,1.0,ENPH MDB OKTA ZS KTOS,0.5,-1.4412812972393496
0,2019-09-03,momentum,1,1.0,ENPH OKTA MDB ZS SBUX,0.5,0.3221925810379167
0,2019-10-02,momentum,1,1.0,ENPH SEDG OKTA SBUX KLAC,0.5,0.6794865604496048
0,2019-10-31,momentum,1,1.0,ENPH SEDG OKTA KLAC TER,0.5,-0.6446996693410534
0,2019-12-02,momentum,1,1.0,ENPH SEDG LRCX KLAC OKTA,0.5,1.3727985969626655
0,2020-01-02,momentum,1,1.0,ENPH CRSP SEDG AMD TER,0.5,0.20171262251007516
0,2020-02-03,momentum,1,1.0,ENPH SEDG AMD TER CRSP,0.5,1.1193982923217272
0,2020-03-04,momentum,1,1.0,ENPH TSLA SEDG AMD LRCX,0.5,0.7008700878236906
0,2020-04-02,momentum,1,1.0,,0.0,0.0
0,2020-05-04,momentum,1,1.0,ENPH TSLA SEDG AMD REGN,0.5,-1.6075181019934992
0,2020-06-03,momentum,1,1.0,TSLA ENPH MRNA NVDA SEDG,0.5,-1.654057347929927
0,2020-07-02,momentum,1,1.0,MRNA TSLA ENPH SEDG NVDA,0.5,0.7258205799813844
0,2020-08-03,momentum,1,1.0,TSLA MRNA NVDA SEDG REGN,0.5,-0.0083892263338603
0,2020-09-01,momentum,1,1.0,TSLA MRNA RUN NVDA AMD,0.5,-1.8045913781834289
0,2020-10-01,momentum,1,1.0,TSLA MRNA RUN ENPH ZS,0.5,-0.046719050557331165
0,2020-10-30,momentum,1,1.0,TSLA RUN ENPH MRNA ZS,0.5,0.077612910045044
0,2020-12-01,momentum,1,1.0,TSLA ENPH RUN MRNA TWST,0.5,0.13111755849828377
0,2020-12-31,momentum,1,1.0,MRNA TSLA TWST RUN ENPH,0.5,-0.8018139442185435
0,2021-02-02,momentum,1,1.0,TWST PACB ENPH MRNA TSLA,0.5,-0.8540886447914509
0,2021-03-04,momentum,1,1.0,PACB TWST TSLA MRNA MSTR,0.5,-1.6817141912450984
0,2021-04-05,momentum,1,1.0,PACB TSLA MSTR FCX ENPH,0.5,-0.42074815470178883
0,2021-05-04,momentum,1,1.0,PACB MSTR NTLA BEAM TSLA,0.5,-1.3647413871987202
0,2021-06-03,momentum,1,1.0,PACB MSTR FCX UUUU NTLA,0.5,-0.31443471273855383
0,2021-07-02,momentum,1,1.0,PACB UUUU MSTR FCX MRNA,0.5,-1.5828603868794366
0,2021-08-03,momentum,1,1.0,PACB NTLA BEAM MSTR MP,0.5,1.5439658383694876
0,2021-09-01,momentum,1,1.0,NTLA MRNA PACB MSTR BEAM,0.5,-0.33748980225377645
0,2021-10-01,momentum,1,1.0,NTLA MRNA UUUU NET ALB,0.5,-0.49969563436742526
0,2021-11-01,momentum,1,1.0,NTLA MRNA UUUU MSTR UEC,0.5,0.5734697285424861
0,2021-12-01,momentum,1,1.0,UUUU UEC NET FTNT CCJ,0.5,0.9774879967683336
0,2021-12-31,momentum,1,1.0,NVDA F NET FTNT UEC,0.5,-0.93757441797514
0,2022-02-01,momentum,1,1.0,FTNT NUE NVDA F EOG,0.5,-0.2273894155177314
0,2022-03-03,momentum,1,1.0,,0.0,0.0
0,2022-04-01,momentum,1,1.0,,0.0,0.0
0,2022-05-03,momentum,1,1.0,,0.0,0.0
0,2022-06-02,momentum,1,1.0,,0.0,0.0
0,2022-07-05,momentum,1,1.0,,0.0,0.0
0,2022-08-03,momentum,1,1.0,,0.0,0.0
0,2022-09-01,momentum,1,1.0,,0.0,0.0
0,2022-10-03,momentum,1,1.0,,0.0,0.0
0,2022-11-01,momentum,1,1.0,,0.0,0.0
0,2022-12-01,momentum,1,1.0,,0.0,0.0
0,2023-01-03,momentum,1,1.0,,0.0,0.0
0,2023-02-02,momentum,1,1.0,FSLR CEG MPC IRDM LLY,0.5,-0.5426302947751704
0,2023-03-06,momentum,1,1.0,FSLR CEG VLO MPC ALB,0.5,-1.025941205550196
0,2023-04-04,momentum,1,1.0,FSLR MPC IRDM VLO XOM,0.5,0.4342919813060009
0,2023-05-04,momentum,1,1.0,FSLR NFLX IRDM PACB ANET,0.5,-0.03179435045307377
0,2023-06-05,momentum,1,1.0,FSLR PACB IRDM BIIB NFLX,0.5,-0.3602600359939645
0,2023-07-06,momentum,1,1.0,FSLR NVDA PACB SYM VRT,0.5,-0.33453811236315856
0,2023-08-04,momentum,1,1.0,SYM PACB IONQ NVDA VRT,0.5,-1.7028857784502693
0,2023-09-05,momentum,1,1.0,SYM NVDA VRT IONQ PLTR,0.5,-0.6794097175035874
0,2023-10-04,momentum,1,1.0,NVDA IONQ VRT SYM META,0.5,0.016754213026981546
0,2023-11-02,momentum,1,1.0,NVDA META SYM IONQ VRT,0.5,-0.46668279252853884
0,2023-12-04,momentum,1,1.0,SYM VRT META NVDA PLTR,0.5,-0.40955407435686597
0,2024-01-04,momentum,1,1.0,SYM COIN IONQ MSTR VRT,0.5,-0.9213289178671702
0,2024-02-05,momentum,1,1.0,VRT SYM MSTR NVDA CRWD,0.5,-1.957423518837309
0,2024-03-06,momentum,1,1.0,VRT NVDA META CRWD DELL,0.5,0.005029943640555423
0,2024-04-05,momentum,1,1.0,VRT MSTR COIN NVDA PLTR,0.5,-1.2428991153785263
0,2024-05-06,momentum,1,1.0,VRT COIN MSTR VST NVDA,0.5,-1.5054294103969523
0,2024-06-05,momentum,1,1.0,VRT MSTR COIN VST DELL,0.5,-1.9998901645147615
0,2024-07-08,momentum,1,1.0,MSTR VRT VST COIN NVDA,0.5,-0.7496027282958617
0,2024-08-06,momentum,1,1.0,MSTR VST NVDA ASTS COIN,0.5,-3.73545861266692
0,2024-09-05,momentum,1,1.0,ASTS MSTR VST NVDA TWST,0.5,-3.6334400835605574
0,2024-10-04,momentum,1,1.0,ASTS MSTR VST NVDA TWST,0.5,-0.9215735659793056
0,2024-11-04,momentum,1,1.0,ASTS VST MSTR SMR NVDA,0.5,0.07440382542831525
0,2024-12-04,momentum,1,1.0,SMR ASTS MSTR VST NVDA,0.5,-1.7578157750718582
0,2025-01-06,momentum,1,1.0,SMR MSTR LUNR ASTS PLTR,0.5,-4.035180058929832
0,2025-02-06,momentum,1,1.0,RGTI QBTS ASTS SMR MSTR,0.5,-1.1522365424980419
0,2025-03-10,momentum,1,1.0,,0.0,0.0
0,2025-04-08,momentum,1,1.0,,0.0,0.0
0,2025-05-08,momentum,1,1.0,,0.0,0.0
0,2025-06-09,momentum,1,1.0,RGTI QBTS RKLB PLTR IONQ,0.5,-2.225191921053171
0,2025-07-10,momentum,1,1.0,QBTS RGTI OKLO RKLB IONQ,0.5,-2.1093369375266513
0,2025-08-08,momentum,1,1.0,QBTS RGTI RKLB OKLO IONQ,0.5,0.5413810511658568
0,2025-09-09,momentum,1,1.0,RGTI QBTS OKLO RKLB PLTR,0.5,-1.1740653161236403
0,2025-10-08,momentum,1,1.0,RGTI QBTS OKLO HOOD RKLB,0.5,0.7076468807502012
0,2025-11-06,momentum,1,1.0,RGTI QBTS PL OKLO HOOD,0.5,2.8883796836083775
0,2025-12-08,momentum,1,1.0,RGTI QBTS OKLO LEU QS,0.5,0.16121466665430795
0,2026-01-08,momentum,1,1.0,OKLO LEU HOOD ASTS MP,0.5,-0.5599112352746904
0,2026-02-09,momentum,1,1.0,UUUU PL LEU MU ASTS,0.5,-2.289708236973542
0,2026-03-11,momentum,1,1.0,PL UUUU RKLB MU UEC,0.5,-1.278631276747444
0,2026-04-10,momentum,1,1.0,PL MU UUUU TER ASTS,0.5,1.1484395258100522
0,2026-05-11,momentum,1,1.0,PL MU TER UUUU ASTS,0.5,-0.7211333497929462
0,2026-06-10,momentum,1,1.0,MU PL TER RKLB AMD,0.5,3.3109113158633408
0,2026-07-13,momentum,1,1.0,MU PL TER LRCX AMD,0.5,-1.6383998273027944
0,2016-06-30,qqq,1,1.0,QQQ,0.5,-0.22579725842103437
0,2016-08-01,qqq,1,1.0,QQQ,0.5,-0.8013658259379053
0,2016-08-30,qqq,1,1.0,QQQ,0.5,-0.47198909924625054
0,2016-09-29,qqq,1,1.0,QQQ,0.5,-0.2586939660455645
0,2016-10-28,qqq,1,1.0,QQQ,0.5,-0.7249555492046644
0,2016-11-29,qqq,1,1.0,QQQ,0.5,-1.15843087227826
0,2016-12-29,qqq,1,1.0,QQQ,0.5,-1.100093603800345
0,2017-01-31,qqq,1,1.0,QQQ,0.5,-0.5054031002163617
0,2017-03-02,qqq,1,1.0,QQQ,0.5,-0.3725150299594193
0,2017-03-31,qqq,1,1.0,QQQ,0.5,-0.5685034039407122
0,2017-05-02,qqq,1,1.0,QQQ,0.5,-0.5444407486013159
0,2017-06-01,qqq,1,1.0,QQQ,0.5,-0.10799929229496907
0,2017-06-30,qqq,1,1.0,QQQ,0.5,-1.2421805624189597
0,2017-08-01,qqq,1,1.0,QQQ,0.5,-0.6825201564225614
0,2017-08-30,qqq,1,1.0,QQQ,0.5,-0.10848164671238836
0,2017-09-29,qqq,1,1.0,QQQ,0.5,-0.5280955548087607
0,2017-10-30,qqq,1,1.0,QQQ,0.5,-0.47147486229955904
0,2017-11-29,qqq,1,1.0,QQQ,0.5,-0.29246704947213376
0,2017-12-29,qqq,1,1.0,QQQ,0.5,0.11273408279364183
0,2018-01-31,qqq,1,1.0,QQQ,0.5,-0.5387397893466539
0,2018-03-02,qqq,1,1.0,QQQ,0.5,0.2875264244305731
0,2018-04-03,qqq,1,1.0,QQQ,0.5,1.2743325931696692
0,2018-05-02,qqq,1,1.0,QQQ,0.5,-0.2515364060137082
0,2018-06-01,qqq,1,1.0,QQQ,0.5,-0.177364025458826
0,2018-07-02,qqq,1,1.0,QQQ,0.5,-1.253818532989126
0,2018-08-01,qqq,1,1.0,QQQ,0.5,0.5326762856288303
0,2018-08-30,qqq,1,1.0,QQQ,0.5,-0.37254611222627965
0,2018-10-01,qqq,1,1.0,QQQ,0.5,-0.566704283523356
0,2018-10-30,qqq,1,1.0,,0.0,0.0
0,2018-11-29,qqq,1,1.0,,0.0,0.0
0,2019-01-02,qqq,1,1.0,,0.0,0.0
0,2019-02-01,qqq,1,1.0,,0.0,0.0
0,2019-03-05,qqq,1,1.0,QQQ,0.5,-0.8261700983790976
0,2019-04-03,qqq,1,1.0,QQQ,0.5,-0.5298252090502942
0,2019-05-03,qqq,1,1.0,QQQ,0.5,0.2673213312706757
0,2019-06-04,qqq,1,1.0,QQQ,0.5,-0.6012369734136103
0,2019-07-03,qqq,1,1.0,QQQ,0.5,-0.2579805556994219
0,2019-08-02,qqq,1,1.0,QQQ,0.5,-1.2261640797730622
0,2019-09-03,qqq,1,1.0,QQQ,0.5,-0.2624655793891373
0,2019-10-02,qqq,1,1.0,QQQ,0.5,0.051232322780325745
0,2019-10-31,qqq,1,1.0,QQQ,0.5,-0.26241689450758887
0,2019-12-02,qqq,1,1.0,QQQ,0.5,-0.20080981549935872
0,2020-01-02,qqq,1,1.0,QQQ,0.5,-0.2932851767006528
0,2020-02-03,qqq,1,1.0,QQQ,0.5,-0.047329439867527245
0,2020-03-04,qqq,1,1.0,QQQ,0.5,-0.7535331150057556
0,2020-04-02,qqq,1,1.0,,0.0,0.0
0,2020-05-04,qqq,1,1.0,QQQ,0.5,-0.44742686216137084
0,2020-06-03,qqq,1,1.0,QQQ,0.5,-0.7698155072555668
0,2020-07-02,qqq,1,1.0,QQQ,0.5,0.0722201571204284
0,2020-08-03,qqq,1,1.0,QQQ,0.5,-0.21764651487861109
0,2020-09-01,qqq,1,1.0,QQQ,0.5,-0.5823869754836286
0,2020-10-01,qqq,1,1.0,QQQ,0.5,-0.8041888891757054
0,2020-10-30,qqq,1,1.0,QQQ,0.5,-0.8380289283446141
0,2020-12-01,qqq,1,1.0,QQQ,0.5,-0.23546353048683466
0,2020-12-31,qqq,1,1.0,QQQ,0.5,-1.4086667551263976
0,2021-02-02,qqq,1,1.0,QQQ,0.5,-1.0138203460277273
0,2021-03-04,qqq,1,1.0,QQQ,0.5,-0.1941717532243259
0,2021-04-05,qqq,1,1.0,QQQ,0.5,-0.48404210718148155
0,2021-05-04,qqq,1,1.0,QQQ,0.5,-0.977265847526787
0,2021-06-03,qqq,1,1.0,QQQ,0.5,0.06187983262435637
0,2021-07-02,qqq,1,1.0,QQQ,0.5,-0.36936861546951194
0,2021-08-03,qqq,1,1.0,QQQ,0.5,-0.4205792608261594
0,2021-09-01,qqq,1,1.0,QQQ,0.5,-0.7009819977012777
0,2021-10-01,qqq,1,1.0,QQQ,0.5,-1.312151463325839
0,2021-11-01,qqq,1,1.0,QQQ,0.5,-0.20955845505501447
0,2021-12-01,qqq,1,1.0,QQQ,0.5,0.029848930462894607
0,2021-12-31,qqq,1,1.0,QQQ,0.5,-0.17125811383518208
0,2022-02-01,qqq,1,1.0,QQQ,0.5,-0.6675392778937583
0,2022-03-03,qqq,1,1.0,,0.0,0.0
0,2022-04-01,qqq,1,1.0,,0.0,0.0
0,2022-05-03,qqq,1,1.0,,0.0,0.0
0,2022-06-02,qqq,1,1.0,,0.0,0.0
0,2022-07-05,qqq,1,1.0,,0.0,0.0
0,2022-08-03,qqq,1,1.0,,0.0,0.0
0,2022-09-01,qqq,1,1.0,,0.0,0.0
0,2022-10-03,qqq,1,1.0,,0.0,0.0
0,2022-11-01,qqq,1,1.0,,0.0,0.0
0,2022-12-01,qqq,1,1.0,,0.0,0.0
0,2023-01-03,qqq,1,1.0,,0.0,0.0
0,2023-02-02,qqq,1,1.0,QQQ,0.5,-0.29621841058281584
0,2023-03-06,qqq,1,1.0,QQQ,0.5,-1.1128515851787535
0,2023-04-04,qqq,1,1.0,QQQ,0.5,-0.8367612848650507
0,2023-05-04,qqq,1,1.0,QQQ,0.5,0.18952765667976657
0,2023-06-05,qqq,1,1.0,QQQ,0.5,-0.4192656491842639
0,2023-07-06,qqq,1,1.0,QQQ,0.5,-0.6309669172752996
0,2023-08-04,qqq,1,1.0,QQQ,0.5,-0.3240660459101097
0,2023-09-05,qqq,1,1.0,QQQ,0.5,-0.8307841241173342
0,2023-10-04,qqq,1,1.0,QQQ,0.5,-0.6419973687968539
0,2023-11-02,qqq,1,1.0,QQQ,0.5,-0.09579361618191617
0,2023-12-04,qqq,1,1.0,QQQ,0.5,-0.12404562982831768
0,2024-01-04,qqq,1,1.0,QQQ,0.5,-0.4600546460768129
0,2024-02-05,qqq,1,1.0,QQQ,0.5,-0.7302688551070191
0,2024-03-06,qqq,1,1.0,QQQ,0.5,-0.15848510556278894
0,2024-04-05,qqq,1,1.0,QQQ,0.5,-0.5883506465897081
0,2024-05-06,qqq,1,1.0,QQQ,0.5,-0.5401972267012112
0,2024-06-05,qqq,1,1.0,QQQ,0.5,-0.5881535486127687
0,2024-07-08,qqq,1,1.0,QQQ,0.5,-0.6066652010370044
0,2024-08-06,qqq,1,1.0,QQQ,0.5,-1.796912709588916
0,2024-09-05,qqq,1,1.0,QQQ,0.5,-1.7492409509858753
0,2024-10-04,qqq,1,1.0,QQQ,0.5,-0.8330438705958843
0,2024-11-04,qqq,1,1.0,QQQ,0.5,-0.030516781926048786
0,2024-12-04,qqq,1,1.0,QQQ,0.5,-0.6394048757343618
0,2025-01-06,qqq,1,1.0,QQQ,0.5,-1.4779773651708572
0,2025-02-06,qqq,1,1.0,QQQ,0.5,-1.1716919402955717
0,2025-03-10,qqq,1,1.0,,0.0,0.0
0,2025-04-08,qqq,1,1.0,,0.0,0.0
0,2025-05-08,qqq,1,1.0,,0.0,0.0
0,2025-06-09,qqq,1,1.0,QQQ,0.5,-0.21419541930119967
0,2025-07-10,qqq,1,1.0,QQQ,0.5,-0.41698930687700253
0,2025-08-08,qqq,1,1.0,QQQ,0.5,-0.6560081592259404
0,2025-09-09,qqq,1,1.0,QQQ,0.5,-0.7553095341302885
0,2025-10-08,qqq,1,1.0,QQQ,0.5,-0.5606549288292628
0,2025-11-06,qqq,1,1.0,QQQ,0.5,-0.38114381830609556
0,2025-12-08,qqq,1,1.0,QQQ,0.5,-0.33542196519763534
0,2026-01-08,qqq,1,1.0,QQQ,0.5,-0.08008178171351465
0,2026-02-09,qqq,1,1.0,QQQ,0.5,-0.8064475801059623
0,2026-03-11,qqq,1,1.0,QQQ,0.5,-0.9492074361203029
0,2026-04-10,qqq,1,1.0,QQQ,0.5,0.14494733305030483
0,2026-05-11,qqq,1,1.0,QQQ,0.5,-0.5660101828227404
0,2026-06-10,qqq,1,1.0,QQQ,0.5,0.7646680980998743
0,2026-07-13,qqq,1,1.0,QQQ,0.5,-0.5339384581259154
0,2016-06-30,high,3,0.2,ADP BSX CB CVX DHR,0.5,6.3334407172524365
0,2016-08-01,high,3,0.2,AMZN BLK BSX DHR GOOGL,0.5,-0.23572924758781255
0,2016-08-30,high,3,0.2,APD BLK BRK-B JPM LHX,0.5,0.16750124895332785
0,2016-09-29,high,3,0.2,ACN AMZN BKNG CAT NVDA,0.5,-0.27544091414964944
0,2016-10-28,high,3,0.2,MA NOC TER JPM DE,0.5,-0.639567951133202
0,2016-11-29,high,3,0.2,ACN ADP AMAT GD HPE,0.5,-0.6152676573353388
0,2016-12-29,high,3,0.2,ADP T DE CB ZTS,0.5,0.20339528108168636
0,2017-01-31,high,3,0.2,DHR GEN HUBB NOW ZTS,0.5,0.28236842534299367
0,2017-03-02,high,3,0.2,ABT ALB AVGO BKNG CGNX,0.5,0.07919816177457406
0,2017-03-31,high,3,0.2,ADBE AMZN CGNX DIS FTNT,0.5,-0.3634247915484279
0,2017-05-02,high,3,0.2,AAPL ABBNY ABBV AMAT ANET,0.5,0.6225127077734482
0,2017-06-01,high,3,0.2,ABBNY ABT ACN AMAT ANET,0.5,0.45151697190048967
0,2017-06-30,high,3,0.2,AXP DHI PHM CAT C,0.5,-0.3070123156100335
0,2017-08-01,high,3,0.2,ACN APD C CB CGNX,0.5,-0.5825853675845427
0,2017-08-30,high,3,0.2,AAPL ADBE ANET BMY CAT,0.5,-0.3337181007434742
0,2017-09-29,high,3,0.2,ALB AMAT ASML AVAV AXP,0.5,-0.012251720033329416
0,2017-10-30,high,3,0.2,AAPL ACN AMZN ANET AVGO,0.5,-1.134354038923402
0,2017-11-29,high,3,0.2,AXP BAC BLK BRK-B CI,0.5,0.6969079152062907
0,2017-12-29,high,3,0.2,ABBNY APD LOW PEP RIO,0.5,0.19216254774216956
0,2018-01-31,high,3,0.2,ADP AMZN CB CRM FTNT,0.5,-2.633584787863974
0,2018-03-02,high,3,0.2,CRM CRSP NFLX NOW PANW,0.5,2.224910485992382
0,2018-04-03,high,3,0.2,RUN COP NEE LHX MPC,0.5,-0.2761711121479715
0,2018-05-02,high,3,0.2,CCJ MA OKTA PANW VLO,0.5,0.9396784446870532
0,2018-06-01,high,3,0.2,AAPL ADBE ADP AMZN FTNT,0.5,0.6948353334152557
0,2018-07-02,high,3,0.2,CRM DELL NEE RUN AVAV,0.5,0.9443846885617058
0,2018-08-01,high,3,0.2,AAPL MDT PFE LLY PLD,0.5,1.2513196750196132
0,2018-08-30,high,3,0.2,AAPL AMGN AMZN COP COST,0.5,-0.02531366346356645
0,2018-10-01,high,3,0.2,ABT ADBE ADP BSX COP,0.5,-1.3291672346510186
0,2018-10-30,high,3,0.2,,0.0,0.0
0,2018-11-29,high,3,0.2,,0.0,0.0
0,2019-01-02,high,3,0.2,,0.0,0.0
0,2019-02-01,high,3,0.2,,0.0,0.0
0,2019-03-05,high,3,0.2,MRK NEE SBUX ZTS LLY,0.5,-1.1486750260654044
0,2019-04-03,high,3,0.2,ACN ANET APD DELL INTU,0.5,-0.2783913211477751
0,2019-05-03,high,3,0.2,APD AXP DELL DHR ENPH,0.5,0.08822520181501758
0,2019-06-04,high,3,0.2,AON APD KO KTOS LHX,0.5,1.2022733583668455
0,2019-07-03,high,3,0.2,ABT ACN ADBE AON APD,0.5,-0.24918658828106954
0,2019-08-02,high,3,0.2,SO ZTS DHI NEE T,0.5,0.868354448362707
0,2019-09-03,high,3,0.2,DUK KLAC KO LMT MLM,0.5,-0.3853329782832815
0,2019-10-02,high,3,0.2,LEN PHM SO DUK NEE,0.5,0.7602926120503506
0,2019-10-31,high,3,0.2,AMGN BMY MRK NEE SO,0.5,-1.5366200161406107
0,2019-12-02,high,3,0.2,BAC JPM AMGN DHR MRK,0.5,0.7799832563143427
0,2020-01-02,high,3,0.2,AAPL ABBNY ADBE AMAT AMD,0.5,0.3596240030389941
0,2020-02-03,high,3,0.2,ADBE AON DUK MSFT NOW,0.5,0.30326215400140466
0,2020-03-04,high,3,0.2,GILD NEE NVR DUK ZTS,0.5,-3.1117954090410738
0,2020-04-02,high,3,0.2,,0.0,0.0
0,2020-05-04,high,3,0.2,OKTA MRNA VRTX GILD TMO,0.5,1.5082856656375432
0,2020-06-03,high,3,0.2,ASML DHR KLAC LOW NKE,0.5,0.4893695354440508
0,2020-07-02,high,3,0.2,ADBE AMGN AMZN ASML CRSP,0.5,2.0359448999775376
0,2020-08-03,high,3,0.2,AAPL ACN CGNX COST CRM,0.5,1.298544943741442
0,2020-09-01,high,3,0.2,AAPL ALB AMD AMZN APD,0.5,-3.6587028461419036
0,2020-10-01,high,3,0.2,DDOG DHI ENPH LEN PACB,0.5,2.1997318683178335
0,2020-10-30,high,3,0.2,SQM PWR TMO NEE DHR,0.5,0.7055478319615949
0,2020-12-01,high,3,0.2,ACN AMAT ASML AVGO BLK,0.5,1.0675227123876585
0,2020-12-31,high,3,0.2,ABBNY AVGO BLK DIS GS,0.5,0.528548533767581
0,2021-02-02,high,3,0.2,AVGO FTNT GOOGL MSTR NOW,0.5,1.4721059052393848
0,2021-03-04,high,3,0.2,AXP BAC MPC SCHW EMR,0.5,-0.9869743208709925
0,2021-04-05,high,3,0.2,ABBNY ACN ADP AMAT AON,0.5,-0.4022503118919607
0,2021-05-04,high,3,0.2,AON BLK BRK-B CAT CI,0.5,1.1428381023196765
0,2021-06-03,high,3,0.2,ANET AXP BAC COP EMR,0.5,0.34990149019924477
0,2021-07-02,high,3,0.2,ACN ADBE ADP BLK BMY,0.5,-0.018125822133563396
0,2021-08-03,high,3,0.2,ABBNY ADP ALB AMD AON,0.5,0.25680380872319386
0,2021-09-01,high,3,0.2,ABT ACN ALB AON ASML,0.5,0.05380349414003671
0,2021-10-01,high,3,0.2,COP DELL JPM MPC MRK,0.5,-0.41470619276728904
0,2021-11-01,high,3,0.2,ABT ALB AMD COST CRM,0.5,2.1610635888908103
0,2021-12-01,high,3,0.2,LRCX NVR PFE AAPL NEE,0.5,0.15391277119507496
0,2021-12-31,high,3,0.2,ITW LIN MDLZ NEE PEP,0.5,-0.17556972363979018
0,2022-02-01,high,3,0.2,COP EOG OXY UPS VLO,0.5,0.5064667523727362
0,2022-03-03,high,3,0.2,,0.0,0.0
0,2022-04-01,high,3,0.2,,0.0,0.0
0,2022-05-03,high,3,0.2,,0.0,0.0
0,2022-06-02,high,3,0.2,,0.0,0.0
0,2022-07-05,high,3,0.2,,0.0,0.0
0,2022-08-03,high,3,0.2,,0.0,0.0
0,2022-09-01,high,3,0.2,,0.0,0.0
0,2022-10-03,high,3,0.2,,0.0,0.0
0,2022-11-01,high,3,0.2,,0.0,0.0
0,2022-12-01,high,3,0.2,,0.0,0.0
0,2023-01-03,high,3,0.2,,0.0,0.0
0,2023-02-02,high,3,0.2,BSX DHI NUE SYK URI,0.5,-0.7413479365220188
0,2023-03-06,high,3,0.2,AVGO FSLR PGR PWR ROK,0.5,-1.0279739851378533
0,2023-04-04,high,3,0.2,BSX MCD MDLZ ORCL SYK,0.5,-0.024374918092573417
0,2023-05-04,high,3,0.2,BIIB PEP VRTX MDLZ MSFT,0.5,0.06447203886259523
0,2023-06-05,high,3,0.2,CCJ FTNT ISRG LLY MLM,0.5,-0.5045865674720207
0,2023-07-06,high,3,0.2,VST BRK-B V MA MSTR,0.5,1.2827586148308923
0,2023-08-04,high,3,0.2,BKNG CEG MPC VRT VST,0.5,1.2110255862935793
0,2023-09-05,high,3,0.2,ADBE ANET IBM INTU LLY,0.5,0.3700639754524948
0,2023-10-04,high,3,0.2,COST GOOGL WMT VRTX LIN,0.5,-0.43747678060647166
0,2023-11-02,high,3,0.2,ANET CCJ CEG KTOS VRTX,0.5,-0.48030417052077334
0,2023-12-04,high,3,0.2,AVAV CCJ COIN COST CRWD,0.5,-1.4239962551187646
0,2024-01-04,high,3,0.2,AMGN BSX C JPM VRTX,0.5,0.27615806483758387
0,2024-02-05,high,3,0.2,ABBV ASML BKNG BRK-B CAT,0.5,1.0615085453572703
0,2024-03-06,high,3,0.2,ABBV ABNB AMAT AMD ASML,0.5,-2.101131768231357
0,2024-04-05,high,3,0.2,AMZN CAT CEG COP DELL,0.5,-1.318328695657145
0,2024-05-06,high,3,0.2,CCJ CEG DUK GS MS,0.5,1.6680010068604423
0,2024-06-05,high,3,0.2,AMAT AVAV COST DHR GEN,0.5,-0.13643321997934832
0,2024-07-08,high,3,0.2,AAPL ANET ASML C KLAC,0.5,-0.6903551615329295
0,2024-08-06,high,3,0.2,DUK PG LMT T KO,0.5,0.4278526904876845
0,2024-09-05,high,3,0.2,SO SPGI T DUK PG,0.5,0.5837712953770113
0,2024-10-04,high,3,0.2,ADP ANET AXP BSX CAT,0.5,0.5370582076131392
0,2024-11-04,high,3,0.2,BKNG GILD ILMN V NOW,0.5,2.6490404508890952
0,2024-12-04,high,3,0.2,AAPL AMZN BKNG C COIN,0.5,-0.7502958379376756
0,2025-01-06,high,3,0.2,ANET C GOOGL IONQ KTOS,0.5,-4.998671322309123
0,2025-02-06,high,3,0.2,ADP BAC BSX C COST,0.5,-0.39948726770822063
0,2025-03-10,high,3,0.2,,0.0,0.0
0,2025-04-08,high,3,0.2,,0.0,0.0
0,2025-05-08,high,3,0.2,,0.0,0.0
0,2025-06-09,high,3,0.2,IBM KTOS LEU MP MSFT,0.5,1.4725361872837794
0,2025-07-10,high,3,0.2,BLK COIN EMR GEV HOOD,0.5,-0.027256873628511702
0,2025-08-08,high,3,0.2,AVGO BLK GILD HOOD JNJ,0.5,-0.17471671358715302
0,2025-09-09,high,3,0.2,C GOOGL GS HOOD MDT,0.5,-0.08588934533271253
0,2025-10-08,high,3,0.2,ANET ASTS AVAV CAT CEG,0.5,0.7373691647006853
0,2025-11-06,high,3,0.2,CWEN DDOG GOOGL LLY MU,0.5,2.0945499726231276
0,2025-12-08,high,3,0.2,C GS MDB MS TER,0.5,1.171409195160522
0,2026-01-08,high,3,0.2,F GM GOOGL HII LHX,0.5,1.1038335623658968
0,2026-02-09,high,3,0.2,ABBNY C CAT COP CVX,0.5,-0.6489245513404907
0,2026-03-11,high,3,0.2,CVX MPC OXY VLO VRT,0.5,0.3160676922931982
0,2026-04-10,high,3,0.2,AMAT APD BEP CAT CWEN,0.5,-0.520511156065373
0,2026-05-11,high,3,0.2,ABBNY AMAT AMD APD CGNX,0.5,-0.16134788947406165
0,2026-06-10,high,3,0.2,KO TJX CVS KLAC AMAT,0.5,2.617931133975282
0,2026-07-13,high,3,0.2,AAPL CVS ELV KO MPC,0.5,-0.6547319140680186
0,2016-06-30,momentum,3,0.2,NVDA AMD AMZN ALB HII,0.5,0.6339427336463199
0,2016-08-01,momentum,3,0.2,AMD NVDA ALB HII KLAC,0.5,-0.3897206894195149
0,2016-08-30,momentum,3,0.2,AMD NVDA DHR ALB AMAT,0.5,0.1422842980936423
0,2016-09-29,momentum,3,0.2,AMD NVDA AMAT DHR ALB,0.5,0.2280850225495623
0,2016-10-28,momentum,3,0.2,AMD NVDA AMAT DHR ALB,0.5,-1.3743798580827526
0,2016-11-29,momentum,3,0.2,AMD NVDA DHR GEN ALB,0.5,-1.9816437111935814
0,2016-12-29,momentum,3,0.2,AMD NVDA FCX CGNX DHR,0.5,0.11513846988477905
0,2017-01-31,momentum,3,0.2,AMD NVDA FCX URI CGNX,0.5,1.315266999245135
0,2017-03-02,momentum,3,0.2,AMD NVDA URI MU DHR,0.5,-0.412312230728451
0,2017-03-31,momentum,3,0.2,AMD NVDA MU URI CGNX,0.5,-1.9944147780035393
0,2017-05-02,momentum,3,0.2,AMD NVDA MU CGNX ANET,0.5,0.4199463397645431
0,2017-06-01,momentum,3,0.2,AMD NVDA MU CGNX XYZ,0.5,2.050791309181532
0,2017-06-30,momentum,3,0.2,NVDA XYZ ANET MU CGNX,0.5,-0.7070834520424341
0,2017-08-01,momentum,3,0.2,NVDA XYZ MU ANET CGNX,0.5,-0.08392888850892177
0,2017-08-30,momentum,3,0.2,NVDA XYZ CGNX NFLX ANET,0.5,-0.5290166053336098
0,2017-09-29,momentum,3,0.2,NVDA STLA XYZ ANET CGNX,0.5,0.9238688240747805
0,2017-10-30,momentum,3,0.2,XYZ NVDA STLA MU ANET,0.5,0.056466839160340676
0,2017-11-29,momentum,3,0.2,XYZ SEDG STLA SQM NVDA,0.5,-1.9691339194067181
0,2017-12-29,momentum,3,0.2,SEDG XYZ ANET CGNX NVR,0.5,1.696137134264064
0,2018-01-31,momentum,3,0.2,SEDG ANET XYZ FSLR SQM,0.5,-3.077882989994163
0,2018-03-02,momentum,3,0.2,XYZ NVDA SEDG ANET STLA,0.5,3.2170224217223486
0,2018-04-03,momentum,3,0.2,SEDG XYZ FSLR CRSP NVDA,0.5,0.9484661815664319
0,2018-05-02,momentum,3,0.2,SEDG CRSP XYZ FSLR NVDA,0.5,3.1803058940234274
0,2018-06-01,momentum,3,0.2,CRSP SEDG XYZ STLA NFLX,0.5,0.5384801832515551
0,2018-07-02,momentum,3,0.2,ENPH CRSP SEDG XYZ OKTA,0.5,1.4229408378879205
0,2018-08-01,momentum,3,0.2,ENPH CRSP XYZ OKTA NFLX,0.5,2.464426245276652
0,2018-08-30,momentum,3,0.2,XYZ CRSP RUN OKTA NFLX,0.5,-1.533914390978719
0,2018-10-01,momentum,3,0.2,XYZ FTNT OKTA AMZN NFLX,0.5,-2.6497050275320566
0,2018-10-30,momentum,3,0.2,,0.0,0.0
0,2018-11-29,momentum,3,0.2,,0.0,0.0
0,2019-01-02,momentum,3,0.2,,0.0,0.0
0,2019-02-01,momentum,3,0.2,,0.0,0.0
0,2019-03-05,momentum,3,0.2,MDB OKTA AMD RUN LLY,0.5,-1.8148050863191378
0,2019-04-03,momentum,3,0.2,AMD MDB ZS OKTA IRDM,0.5,-1.7780318964245478
0,2019-05-03,momentum,3,0.2,MDB AMD ZS IRDM ENPH,0.5,1.1732807286812807
0,2019-06-04,momentum,3,0.2,MDB ENPH ZS AMD OKTA,0.5,4.416728852249641
0,2019-07-03,momentum,3,0.2,MDB ENPH OKTA KTOS AMD,0.5,2.382072911036892
0,2019-08-02,momentum,3,0.2,ENPH MDB OKTA ZS KTOS,0.5,1.2772746534166268
0,2019-09-03,momentum,3,0.2,ENPH OKTA MDB ZS SBUX,0.5,-2.4777722075857267
0,2019-10-02,momentum,3,0.2,ENPH SEDG OKTA SBUX KLAC,0.5,3.1149865387080755
0,2019-10-31,momentum,3,0.2,ENPH SEDG OKTA KLAC TER,0.5,-0.744516348768598
0,2019-12-02,momentum,3,0.2,ENPH SEDG LRCX KLAC OKTA,0.5,1.1061689429057164
0,2020-01-02,momentum,3,0.2,ENPH CRSP SEDG AMD TER,0.5,0.8715702037658701
0,2020-02-03,momentum,3,0.2,ENPH SEDG AMD TER CRSP,0.5,1.856148893395293
0,2020-03-04,momentum,3,0.2,ENPH TSLA SEDG AMD LRCX,0.5,-7.044604569490254
0,2020-04-02,momentum,3,0.2,,0.0,0.0
0,2020-05-04,momentum,3,0.2,ENPH TSLA SEDG AMD REGN,0.5,0.9751915535511246
0,2020-06-03,momentum,3,0.2,TSLA ENPH MRNA NVDA SEDG,0.5,0.3005020026240812
0,2020-07-02,momentum,3,0.2,MRNA TSLA ENPH SEDG NVDA,0.5,3.4646523288428543
0,2020-08-03,momentum,3,0.2,TSLA MRNA NVDA SEDG REGN,0.5,0.03318021477753952
0,2020-09-01,momentum,3,0.2,TSLA MRNA RUN NVDA AMD,0.5,-5.7308071361112045
0,2020-10-01,momentum,3,0.2,TSLA MRNA RUN ENPH ZS,0.5,2.1220566633775917
0,2020-10-30,momentum,3,0.2,TSLA RUN ENPH MRNA ZS,0.5,2.3953985402246802
0,2020-12-01,momentum,3,0.2,TSLA ENPH RUN MRNA TWST,0.5,2.596278215303771
0,2020-12-31,momentum,3,0.2,MRNA TSLA TWST RUN ENPH,0.5,5.017759116359333
0,2021-02-02,momentum,3,0.2,TWST PACB ENPH MRNA TSLA,0.5,-1.2188738269632182
0,2021-03-04,momentum,3,0.2,PACB TWST TSLA MRNA MSTR,0.5,2.6128772238042774
0,2021-04-05,momentum,3,0.2,PACB TSLA MSTR FCX ENPH,0.5,-1.398660032327903
0,2021-05-04,momentum,3,0.2,PACB MSTR NTLA BEAM TSLA,0.5,-1.8249643963619833
0,2021-06-03,momentum,3,0.2,PACB MSTR FCX UUUU NTLA,0.5,1.3049642928487648
0,2021-07-02,momentum,3,0.2,PACB UUUU MSTR FCX MRNA,0.5,-2.9772432600402077
0,2021-08-03,momentum,3,0.2,PACB NTLA BEAM MSTR MP,0.5,6.4977131868875215
0,2021-09-01,momentum,3,0.2,NTLA MRNA PACB MSTR BEAM,0.5,-0.6976614238831225
0,2021-10-01,momentum,3,0.2,NTLA MRNA UUUU NET ALB,0.5,0.4512195172634792
0,2021-11-01,momentum,3,0.2,NTLA MRNA UUUU MSTR UEC,0.5,2.374279453303174
0,2021-12-01,momentum,3,0.2,UUUU UEC NET FTNT CCJ,0.5,-2.8128984734111295
0,2021-12-31,momentum,3,0.2,NVDA F NET FTNT UEC,0.5,-2.406125484594257
0,2022-02-01,momentum,3,0.2,FTNT NUE NVDA F EOG,0.5,-1.3177967090781229
0,2022-03-03,momentum,3,0.2,,0.0,0.0
0,2022-04-01,momentum,3,0.2,,0.0,0.0
0,2022-05-03,momentum,3,0.2,,0.0,0.0
0,2022-06-02,momentum,3,0.2,,0.0,0.0
0,2022-07-05,momentum,3,0.2,,0.0,0.0
0,2022-08-03,momentum,3,0.2,,0.0,0.0
0,2022-09-01,momentum,3,0.2,,0.0,0.0
0,2022-10-03,momentum,3,0.2,,0.0,0.0
0,2022-11-01,momentum,3,0.2,,0.0,0.0
0,2022-12-01,momentum,3,0.2,,0.0,0.0
0,2023-01-03,momentum,3,0.2,,0.0,0.0
0,2023-02-02,momentum,3,0.2,FSLR CEG MPC IRDM LLY,0.5,0.3206666140906478
0,2023-03-06,momentum,3,0.2,FSLR CEG VLO MPC ALB,0.5,-1.6332430511542428
0,2023-04-04,momentum,3,0.2,FSLR MPC IRDM VLO XOM,0.5,0.9296473335541844
0,2023-05-04,momentum,3,0.2,FSLR NFLX IRDM PACB ANET,0.5,0.38558124321965703
0,2023-06-05,momentum,3,0.2,FSLR PACB IRDM BIIB NFLX,0.5,0.7652878270336672
0,2023-07-06,momentum,3,0.2,FSLR NVDA PACB SYM VRT,0.5,2.7314978649398247
0,2023-08-04,momentum,3,0.2,SYM PACB IONQ NVDA VRT,0.5,-4.456955462992296
0,2023-09-05,momentum,3,0.2,SYM NVDA VRT IONQ PLTR,0.5,-1.6226266608913575
0,2023-10-04,momentum,3,0.2,NVDA IONQ VRT SYM META,0.5,3.0488247812018754
0,2023-11-02,momentum,3,0.2,NVDA META SYM IONQ VRT,0.5,-0.33862209465276294
0,2023-12-04,momentum,3,0.2,SYM VRT META NVDA PLTR,0.5,-1.4281921904862438
0,2024-01-04,momentum,3,0.2,SYM COIN IONQ MSTR VRT,0.5,-0.5496862016481141
0,2024-02-05,momentum,3,0.2,VRT SYM MSTR NVDA CRWD,0.5,2.7725778542420088
0,2024-03-06,momentum,3,0.2,VRT NVDA META CRWD DELL,0.5,-2.387687824111917
0,2024-04-05,momentum,3,0.2,VRT MSTR COIN NVDA PLTR,0.5,-0.9468039753947721
0,2024-05-06,momentum,3,0.2,VRT COIN MSTR VST NVDA,0.5,0.25505564767940303
0,2024-06-05,momentum,3,0.2,VRT MSTR COIN VST DELL,0.5,-1.7912019118130562
0,2024-07-08,momentum,3,0.2,MSTR VRT VST COIN NVDA,0.5,-0.4322378661487325
0,2024-08-06,momentum,3,0.2,MSTR VST NVDA ASTS COIN,0.5,0.2208371436427159
0,2024-09-05,momentum,3,0.2,ASTS MSTR VST NVDA TWST,0.5,-0.2161482246838653
0,2024-10-04,momentum,3,0.2,ASTS MSTR VST NVDA TWST,0.5,-1.5338309292187602
0,2024-11-04,momentum,3,0.2,ASTS VST MSTR SMR NVDA,0.5,4.5629294179283075
0,2024-12-04,momentum,3,0.2,SMR ASTS MSTR VST NVDA,0.5,-1.694891084197192
0,2025-01-06,momentum,3,0.2,SMR MSTR LUNR ASTS PLTR,0.5,-6.2442234708189766
0,2025-02-06,momentum,3,0.2,RGTI QBTS ASTS SMR MSTR,0.5,-2.4400573686378157
0,2025-03-10,momentum,3,0.2,,0.0,0.0
0,2025-04-08,momentum,3,0.2,,0.0,0.0
0,2025-05-08,momentum,3,0.2,,0.0,0.0
0,2025-06-09,momentum,3,0.2,RGTI QBTS RKLB PLTR IONQ,0.5,-2.010601295549974
0,2025-07-10,momentum,3,0.2,QBTS RGTI OKLO RKLB IONQ,0.5,1.7803153476589895
0,2025-08-08,momentum,3,0.2,QBTS RGTI RKLB OKLO IONQ,0.5,1.922303990002927
0,2025-09-09,momentum,3,0.2,RGTI QBTS OKLO RKLB PLTR,0.5,5.0168922472389355
0,2025-10-08,momentum,3,0.2,RGTI QBTS OKLO HOOD RKLB,0.5,5.918801432584275
0,2025-11-06,momentum,3,0.2,RGTI QBTS PL OKLO HOOD,0.5,1.412037147135048
0,2025-12-08,momentum,3,0.2,RGTI QBTS OKLO LEU QS,0.5,0.21737530747063527
0,2026-01-08,momentum,3,0.2,OKLO LEU HOOD ASTS MP,0.5,-0.9689381671165731
0,2026-02-09,momentum,3,0.2,UUUU PL LEU MU ASTS,0.5,-5.943435383730411
0,2026-03-11,momentum,3,0.2,PL UUUU RKLB MU UEC,0.5,-0.4535401064083233
0,2026-04-10,momentum,3,0.2,PL MU UUUU TER ASTS,0.5,1.761812416278219
0,2026-05-11,momentum,3,0.2,PL MU TER UUUU ASTS,0.5,1.0233340477457942
0,2026-06-10,momentum,3,0.2,MU PL TER RKLB AMD,0.5,5.791842252792501
0,2026-07-13,momentum,3,0.2,MU PL TER LRCX AMD,0.5,-6.271343173519394
0,2016-06-30,qqq,3,0.2,QQQ,0.5,0.2761252236928913
0,2016-08-01,qqq,3,0.2,QQQ,0.5,-0.09989527633617046
0,2016-08-30,qqq,3,0.2,QQQ,0.5,0.21739974757881697
0,2016-09-29,qqq,3,0.2,QQQ,0.5,-0.006987420635862218
0,2016-10-28,qqq,3,0.2,QQQ,0.5,-1.0976365216218475
0,2016-11-29,qqq,3,0.2,QQQ,0.5,-1.5203478190051078
0,2016-12-29,qqq,3,0.2,QQQ,0.5,0.004101078565477145
0,2017-01-31,qqq,3,0.2,QQQ,0.5,-0.008422545472241971
0,2017-03-02,qqq,3,0.2,QQQ,0.5,-0.16863535585444067
0,2017-03-31,qqq,3,0.2,QQQ,0.5,-0.295744479167781
0,2017-05-02,qqq,3,0.2,QQQ,0.5,0.05294792683847582
0,2017-06-01,qqq,3,0.2,QQQ,0.5,0.08240471289788776
0,2017-06-30,qqq,3,0.2,QQQ,0.5,-0.8144573124376886
0,2017-08-01,qqq,3,0.2,QQQ,0.5,-0.3900037757301744
0,2017-08-30,qqq,3,0.2,QQQ,0.5,-0.22718289785789159
0,2017-09-29,qqq,3,0.2,QQQ,0.5,0.023422359257807557
0,2017-10-30,qqq,3,0.2,QQQ,0.5,-0.18521725428263247
0,2017-11-29,qqq,3,0.2,QQQ,0.5,-0.6812089698061796
0,2017-12-29,qqq,3,0.2,QQQ,0.5,1.095327171326721
0,2018-01-31,qqq,3,0.2,QQQ,0.5,-3.0624373485709677
0,2018-03-02,qqq,3,0.2,QQQ,0.5,1.0236743790126734
0,2018-04-03,qqq,3,0.2,QQQ,0.5,0.6798841508668385
0,2018-05-02,qqq,3,0.2,QQQ,0.5,1.5242057214963634
0,2018-06-01,qqq,3,0.2,QQQ,0.5,0.6723252347890396
0,2018-07-02,qqq,3,0.2,QQQ,0.5,0.5215063024393896
0,2018-08-01,qqq,3,0.2,QQQ,0.5,1.3953723763326265
0,2018-08-30,qqq,3,0.2,QQQ,0.5,-0.8315934670825587
0,2018-10-01,qqq,3,0.2,QQQ,0.5,-1.073718169517146
0,2018-10-30,qqq,3,0.2,,0.0,0.0
0,2018-11-29,qqq,3,0.2,,0.0,0.0
0,2019-01-02,qqq,3,0.2,,0.0,0.0
0,2019-02-01,qqq,3,0.2,,0.0,0.0
0,2019-03-05,qqq,3,0.2,QQQ,0.5,-1.1137815890886804
0,2019-04-03,qqq,3,0.2,QQQ,0.5,0.25298310042485284
0,2019-05-03,qqq,3,0.2,QQQ,0.5,-0.44137717115857455
0,2019-06-04,qqq,3,0.2,QQQ,0.5,1.1604518839093858
0,2019-07-03,qqq,3,0.2,QQQ,0.5,0.03919533703353739
0,2019-08-02,qqq,3,0.2,QQQ,0.5,0.12317800034922222
0,2019-09-03,qqq,3,0.2,QQQ,0.5,1.0049255941430246
0,2019-10-02,qqq,3,0.2,QQQ,0.5,1.0416568213866828
0,2019-10-31,qqq,3,0.2,QQQ,0.5,0.474917635399974
0,2019-12-02,qqq,3,0.2,QQQ,0.5,0.5530947374503103
0,2020-01-02,qqq,3,0.2,QQQ,0.5,0.4218091461692053
0,2020-02-03,qqq,3,0.2,QQQ,0.5,0.9560081684058863
0,2020-03-04,qqq,3,0.2,QQQ,0.5,-4.585724584929762
0,2020-04-02,qqq,3,0.2,,0.0,0.0
0,2020-05-04,qqq,3,0.2,QQQ,0.5,0.9052570330910115
0,2020-06-03,qqq,3,0.2,QQQ,0.5,1.002281647424308
0,2020-07-02,qqq,3,0.2,QQQ,0.5,0.786948410298538
0,2020-08-03,qqq,3,0.2,QQQ,0.5,0.9728761856645063
0,2020-09-01,qqq,3,0.2,QQQ,0.5,-3.3412584488582087
0,2020-10-01,qqq,3,0.2,QQQ,0.5,-0.25537702115446814
0,2020-10-30,qqq,3,0.2,QQQ,0.5,2.664458692496674
0,2020-12-01,qqq,3,0.2,QQQ,0.5,0.4399506898921324
0,2020-12-31,qqq,3,0.2,QQQ,0.5,-1.2986679677451374
0,2021-02-02,qqq,3,0.2,QQQ,0.5,0.1330990052299974
0,2021-03-04,qqq,3,0.2,QQQ,0.5,0.7084541711069647
0,2021-04-05,qqq,3,0.2,QQQ,0.5,0.5564060734024601
0,2021-05-04,qqq,3,0.2,QQQ,0.5,0.19295938445205163
0,2021-06-03,qqq,3,0.2,QQQ,0.5,0.6384071603427355
0,2021-07-02,qqq,3,0.2,QQQ,0.5,-0.16796753582144497
0,2021-08-03,qqq,3,0.2,QQQ,0.5,0.07424550049213163
0,2021-09-01,qqq,3,0.2,QQQ,0.5,-0.08162682569560209
0,2021-10-01,qqq,3,0.2,QQQ,0.5,0.06015490257824663
0,2021-11-01,qqq,3,0.2,QQQ,0.5,1.3733638614312094
0,2021-12-01,qqq,3,0.2,QQQ,0.5,-0.048163348203700274
0,2021-12-31,qqq,3,0.2,QQQ,0.5,-1.9456097771772152
0,2022-02-01,qqq,3,0.2,QQQ,0.5,-1.685596425808611
0,2022-03-03,qqq,3,0.2,,0.0,0.0
0,2022-04-01,qqq,3,0.2,,0.0,0.0
0,2022-05-03,qqq,3,0.2,,0.0,0.0
0,2022-06-02,qqq,3,0.2,,0.0,0.0
0,2022-07-05,qqq,3,0.2,,0.0,0.0
0,2022-08-03,qqq,3,0.2,,0.0,0.0
0,2022-09-01,qqq,3,0.2,,0.0,0.0
0,2022-10-03,qqq,3,0.2,,0.0,0.0
0,2022-11-01,qqq,3,0.2,,0.0,0.0
0,2022-12-01,qqq,3,0.2,,0.0,0.0
0,2023-01-03,qqq,3,0.2,,0.0,0.0
0,2023-02-02,qqq,3,0.2,QQQ,0.5,0.7084815256257038
0,2023-03-06,qqq,3,0.2,QQQ,0.5,-1.3321593892575367
0,2023-04-04,qqq,3,0.2,QQQ,0.5,-0.13597894196929472
0,2023-05-04,qqq,3,0.2,QQQ,0.5,0.39679451968555046
0,2023-06-05,qqq,3,0.2,QQQ,0.5,-0.25907758142289516
0,2023-07-06,qqq,3,0.2,QQQ,0.5,0.027835299304901362
0,2023-08-04,qqq,3,0.2,QQQ,0.5,-0.8966887929370504
0,2023-09-05,qqq,3,0.2,QQQ,0.5,-0.7215271058545358
0,2023-10-04,qqq,3,0.2,QQQ,0.5,0.8461210629746141
0,2023-11-02,qqq,3,0.2,QQQ,0.5,0.9877050003160415
0,2023-12-04,qqq,3,0.2,QQQ,0.5,0.6841809610964589
0,2024-01-04,qqq,3,0.2,QQQ,0.5,1.070671084013286
0,2024-02-05,qqq,3,0.2,QQQ,0.5,0.2694639183032921
0,2024-03-06,qqq,3,0.2,QQQ,0.5,-0.6672265535247468
0,2024-04-05,qqq,3,0.2,QQQ,0.5,-0.443568089379609
0,2024-05-06,qqq,3,0.2,QQQ,0.5,-0.0636621297579576
0,2024-06-05,qqq,3,0.2,QQQ,0.5,-0.03433914658160786
0,2024-07-08,qqq,3,0.2,QQQ,0.5,-0.7940828066425487
0,2024-08-06,qqq,3,0.2,QQQ,0.5,0.3382070517670588
0,2024-09-05,qqq,3,0.2,QQQ,0.5,-0.280928748525211
0,2024-10-04,qqq,3,0.2,QQQ,0.5,0.6978558535085444
0,2024-11-04,qqq,3,0.2,QQQ,0.5,2.5536706781266405
0,2024-12-04,qqq,3,0.2,QQQ,0.5,-0.18857382449577464
0,2025-01-06,qqq,3,0.2,QQQ,0.5,-1.846812425549882
0,2025-02-06,qqq,3,0.2,QQQ,0.5,-0.30226312929093613
0,2025-03-10,qqq,3,0.2,,0.0,0.0
0,2025-04-08,qqq,3,0.2,,0.0,0.0
0,2025-05-08,qqq,3,0.2,,0.0,0.0
0,2025-06-09,qqq,3,0.2,QQQ,0.5,0.1340174396361027
0,2025-07-10,qqq,3,0.2,QQQ,0.5,0.2085350573947542
0,2025-08-08,qqq,3,0.2,QQQ,0.5,0.3906956619351254
0,2025-09-09,qqq,3,0.2,QQQ,0.5,0.14971023865979483
0,2025-10-08,qqq,3,0.2,QQQ,0.5,-0.8727021849269323
0,2025-11-06,qqq,3,0.2,QQQ,0.5,0.9878248219133523
0,2025-12-08,qqq,3,0.2,QQQ,0.5,0.10594807212103152
0,2026-01-08,qqq,3,0.2,QQQ,0.5,0.2879579620273631
0,2026-02-09,qqq,3,0.2,QQQ,0.5,-1.2895989155943477
0,2026-03-11,qqq,3,0.2,QQQ,0.5,-0.29693418593542686
0,2026-04-10,qqq,3,0.2,QQQ,0.5,2.1860037602838833
0,2026-05-11,qqq,3,0.2,QQQ,0.5,0.7153037651201899
0,2026-06-10,qqq,3,0.2,QQQ,0.5,3.0905302413947178
0,2026-07-13,qqq,3,0.2,QQQ,0.5,-1.0892809443862062
0,2016-06-30,high,3,0.5,ADP BSX CB CVX DHR,0.5,6.164693094665519
0,2016-08-01,high,3,0.5,AMZN BLK BSX DHR GOOGL,0.5,-0.38479882814815847
0,2016-08-30,high,3,0.5,APD BLK BRK-B JPM LHX,0.5,0.017223785707676242
0,2016-09-29,high,3,0.5,ACN AMZN BKNG CAT NVDA,0.5,-0.42439153784821215
0,2016-10-28,high,3,0.5,MA NOC TER JPM DE,0.5,-0.7874278271155277
0,2016-11-29,high,3,0.5,ACN ADP AMAT GD HPE,0.5,-0.763200325193214
0,2016-12-29,high,3,0.5,ADP T DE CB ZTS,0.5,0.053010296752464825
0,2017-01-31,high,3,0.5,DHR GEN HUBB NOW ZTS,0.5,0.13174687583734634
0,2017-03-02,high,3,0.5,ABT ALB AVGO BKNG CGNX,0.5,-0.07081478831798549
0,2017-03-31,high,3,0.5,ADBE AMZN CGNX DIS FTNT,0.5,-0.5121118582913309
0,2017-05-02,high,3,0.5,AAPL ABBNY ABBV AMAT ANET,0.5,0.4708722512338115
0,2017-06-01,high,3,0.5,ABBNY ABT ACN AMAT ANET,0.5,0.300388735518764
0,2017-06-30,high,3,0.5,AXP DHI PHM CAT C,0.5,-0.45586836672667497
0,2017-08-01,high,3,0.5,ACN APD C CB CGNX,0.5,-0.730615935706036
0,2017-08-30,high,3,0.5,AAPL ADBE ANET BMY CAT,0.5,-0.4824941543010608
0,2017-09-29,high,3,0.5,ALB AMAT ASML AVAV AXP,0.5,-0.161990730704753
0,2017-10-30,high,3,0.5,AAPL ACN AMZN ANET AVGO,0.5,-1.2807317761451609
0,2017-11-29,high,3,0.5,AXP BAC BLK BRK-B CI,0.5,0.545044606765055
0,2017-12-29,high,3,0.5,ABBNY APD LOW PEP RIO,0.5,0.04181121122539544
0,2018-01-31,high,3,0.5,ADP AMZN CB CRM FTNT,0.5,-2.775471558062015
0,2018-03-02,high,3,0.5,CRM CRSP NFLX NOW PANW,0.5,2.0684700241260456
0,2018-04-03,high,3,0.5,RUN COP NEE LHX MPC,0.5,-0.42511954852805234
0,2018-05-02,high,3,0.5,CCJ MA OKTA PANW VLO,0.5,0.7870879136731901
0,2018-06-01,high,3,0.5,AAPL ADBE ADP AMZN FTNT,0.5,0.5429782334222644
0,2018-07-02,high,3,0.5,CRM DELL NEE RUN AVAV,0.5,0.7917800599273939
0,2018-08-01,high,3,0.5,AAPL MDT PFE LLY PLD,0.5,1.097795618269548
0,2018-08-30,high,3,0.5,AAPL AMGN AMZN COP COST,0.5,-0.17501354689773985
0,2018-10-01,high,3,0.5,ABT ADBE ADP BSX COP,0.5,-1.4749614061752125
0,2018-10-30,high,3,0.5,,0.0,0.0
0,2018-11-29,high,3,0.5,,0.0,0.0
0,2019-01-02,high,3,0.5,,0.0,0.0
0,2019-02-01,high,3,0.5,,0.0,0.0
0,2019-03-05,high,3,0.5,MRK NEE SBUX ZTS LLY,0.5,-1.295009864566543
0,2019-04-03,high,3,0.5,ACN ANET APD DELL INTU,0.5,-0.4273331068602282
0,2019-05-03,high,3,0.5,APD AXP DELL DHR ENPH,0.5,-0.06181478890431302
0,2019-06-04,high,3,0.5,AON APD KO KTOS LHX,0.5,1.0488962205556174
0,2019-07-03,high,3,0.5,ABT ACN ADBE AON APD,0.5,-0.39821585718604613
0,2019-08-02,high,3,0.5,SO ZTS DHI NEE T,0.5,0.7159775693938775
0,2019-09-03,high,3,0.5,DUK KLAC KO LMT MLM,0.5,-0.5339544187413447
0,2019-10-02,high,3,0.5,LEN PHM SO DUK NEE,0.5,0.6082394338485342
0,2019-10-31,high,3,0.5,AMGN BMY MRK NEE SO,0.5,-1.681792759908407
0,2019-12-02,high,3,0.5,BAC JPM AMGN DHR MRK,0.5,0.6278710945077037
0,2020-01-02,high,3,0.5,AAPL ABBNY ADBE AMAT AMD,0.5,0.20877103335199543
0,2020-02-03,high,3,0.5,ADBE AON DUK MSFT NOW,0.5,0.15257801703452145
0,2020-03-04,high,3,0.5,GILD NEE NVR DUK ZTS,0.5,-3.252249692524445
0,2020-04-02,high,3,0.5,,0.0,0.0
0,2020-05-04,high,3,0.5,OKTA MRNA VRTX GILD TMO,0.5,1.3539918636091608
0,2020-06-03,high,3,0.5,ASML DHR KLAC LOW NKE,0.5,0.3381279111700719
0,2020-07-02,high,3,0.5,ADBE AMGN AMZN ASML CRSP,0.5,1.8800704872107055
0,2020-08-03,high,3,0.5,AAPL ACN CGNX COST CRM,0.5,1.1448794230274784
0,2020-09-01,high,3,0.5,AAPL ALB AMD AMZN APD,0.5,-3.797518860621807
0,2020-10-01,high,3,0.5,DDOG DHI ENPH LEN PACB,0.5,2.043366829358728
0,2020-10-30,high,3,0.5,SQM PWR TMO NEE DHR,0.5,0.5536586425268775
0,2020-12-01,high,3,0.5,ACN AMAT ASML AVGO BLK,0.5,0.9145492220522522
0,2020-12-31,high,3,0.5,ABBNY AVGO BLK DIS GS,0.5,0.37718954824705886
0,2021-02-02,high,3,0.5,AVGO FTNT GOOGL MSTR NOW,0.5,1.317920480197654
0,2021-03-04,high,3,0.5,AXP BAC MPC SCHW EMR,0.5,-1.1337935361335316
0,2021-04-05,high,3,0.5,ABBNY ACN ADP AMAT AON,0.5,-0.550821076236685
0,2021-05-04,high,3,0.5,AON BLK BRK-B CAT CI,0.5,0.9896390036629343
0,2021-06-03,high,3,0.5,ANET AXP BAC COP EMR,0.5,0.19907764443767295
0,2021-07-02,high,3,0.5,ACN ADBE ADP BLK BMY,0.5,-0.16784723684863945
0,2021-08-03,high,3,0.5,ABBNY ADP ALB AMD AON,0.5,0.1062588383901053
0,2021-09-01,high,3,0.5,ABT ACN ALB AON ASML,0.5,-0.09613338586456077
0,2021-10-01,high,3,0.5,COP DELL JPM MPC MRK,0.5,-0.5632396453437605
0,2021-11-01,high,3,0.5,ABT ALB AMD COST CRM,0.5,2.0048143813124586
0,2021-12-01,high,3,0.5,LRCX NVR PFE AAPL NEE,0.5,0.0036760124277224193
0,2021-12-31,high,3,0.5,ITW LIN MDLZ NEE PEP,0.5,-0.32481951290944666
0,2022-02-01,high,3,0.5,COP EOG OXY UPS VLO,0.5,0.35517391314237035
0,2022-03-03,high,3,0.5,,0.0,0.0
0,2022-04-01,high,3,0.5,,0.0,0.0
0,2022-05-03,high,3,0.5,,0.0,0.0
0,2022-06-02,high,3,0.5,,0.0,0.0
0,2022-07-05,high,3,0.5,,0.0,0.0
0,2022-08-03,high,3,0.5,,0.0,0.0
0,2022-09-01,high,3,0.5,,0.0,0.0
0,2022-10-03,high,3,0.5,,0.0,0.0
0,2022-11-01,high,3,0.5,,0.0,0.0
0,2022-12-01,high,3,0.5,,0.0,0.0
0,2023-01-03,high,3,0.5,,0.0,0.0
0,2023-02-02,high,3,0.5,BSX DHI NUE SYK URI,0.5,-0.8889029291110462
0,2023-03-06,high,3,0.5,AVGO FSLR PGR PWR ROK,0.5,-1.174670385323151
0,2023-04-04,high,3,0.5,BSX MCD MDLZ ORCL SYK,0.5,-0.17407761355184848
0,2023-05-04,high,3,0.5,BIIB PEP VRTX MDLZ MSFT,0.5,-0.08549679891942663
0,2023-06-05,high,3,0.5,CCJ FTNT ISRG LLY MLM,0.5,-0.652850782108183
0,2023-07-06,high,3,0.5,VST BRK-B V MA MSTR,0.5,1.1291403822896173
0,2023-08-04,high,3,0.5,BKNG CEG MPC VRT VST,0.5,1.0576222310591632
0,2023-09-05,high,3,0.5,ADBE ANET IBM INTU LLY,0.5,0.21917973267968627
0,2023-10-04,high,3,0.5,COST GOOGL WMT VRTX LIN,0.5,-0.5859420235633128
0,2023-11-02,high,3,0.5,ANET CCJ CEG KTOS VRTX,0.5,-0.6286411234222355
0,2023-12-04,high,3,0.5,AVAV CCJ COIN COST CRWD,0.5,-1.569506364963924
0,2024-01-04,high,3,0.5,AMGN BSX C JPM VRTX,0.5,0.1255551185551429
0,2024-02-05,high,3,0.5,ABBV ASML BKNG BRK-B CAT,0.5,0.9085530705447153
0,2024-03-06,high,3,0.5,ABBV ABNB AMAT AMD ASML,0.5,-2.2446135090198216
0,2024-04-05,high,3,0.5,AMZN CAT CEG COP DELL,0.5,-1.4641553341789848
0,2024-05-06,high,3,0.5,CCJ CEG DUK GS MS,0.5,1.5132287752566809
0,2024-06-05,high,3,0.5,AMAT AVAV COST DHR GEN,0.5,-0.2858002432021278
0,2024-07-08,high,3,0.5,AAPL ANET ASML C KLAC,0.5,-0.8380629037044285
0,2024-08-06,high,3,0.5,DUK PG LMT T KO,0.5,0.27679534079738666
0,2024-09-05,high,3,0.5,SO SPGI T DUK PG,0.5,0.4322468892890008
0,2024-10-04,high,3,0.5,ADP ANET AXP BSX CAT,0.5,0.3856737312436742
0,2024-11-04,high,3,0.5,BKNG GILD ILMN V NOW,0.5,2.4913295016828485
0,2024-12-04,high,3,0.5,AAPL AMZN BKNG C COIN,0.5,-0.8978240269608029
0,2025-01-06,high,3,0.5,ANET C GOOGL IONQ KTOS,0.5,-5.133473442167713
0,2025-02-06,high,3,0.5,ADP BAC BSX C COST,0.5,-0.5480663087910842
0,2025-03-10,high,3,0.5,,0.0,0.0
0,2025-04-08,high,3,0.5,,0.0,0.0
0,2025-05-08,high,3,0.5,,0.0,0.0
0,2025-06-09,high,3,0.5,IBM KTOS LEU MP MSFT,0.5,1.3183494733260526
0,2025-07-10,high,3,0.5,BLK COIN EMR GEV HOOD,0.5,-0.1769509361490118
0,2025-08-08,high,3,0.5,AVGO BLK GILD HOOD JNJ,0.5,-0.3239690580605359
0,2025-09-09,high,3,0.5,C GOOGL GS HOOD MDT,0.5,-0.23540777345061326
0,2025-10-08,high,3,0.5,ANET ASTS AVAV CAT CEG,0.5,0.5853846540113228
0,2025-11-06,high,3,0.5,CWEN DDOG GOOGL LLY MU,0.5,1.9385000075279546
0,2025-12-08,high,3,0.5,C GS MDB MS TER,0.5,1.018124511389007
0,2026-01-08,high,3,0.5,F GM GOOGL HII LHX,0.5,0.9507513023631731
0,2026-02-09,high,3,0.5,ABBNY C CAT COP CVX,0.5,-0.7967563994938698
0,2026-03-11,high,3,0.5,CVX MPC OXY VLO VRT,0.5,0.16534519615429843
0,2026-04-10,high,3,0.5,AMAT APD BEP CAT CWEN,0.5,-0.6687276683700172
0,2026-05-11,high,3,0.5,ABBNY AMAT AMD APD CGNX,0.5,-0.31064028045016956
0,2026-06-10,high,3,0.5,KO TJX CVS KLAC AMAT,0.5,2.4603133731701643
0,2026-07-13,high,3,0.5,AAPL CVS ELV KO MPC,0.5,-0.8025463661837762
0,2016-06-30,momentum,3,0.5,NVDA AMD AMZN ALB HII,0.5,0.48226803830166975
0,2016-08-01,momentum,3,0.5,AMD NVDA ALB HII KLAC,0.5,-0.538328986426484
0,2016-08-30,momentum,3,0.5,AMD NVDA DHR ALB AMAT,0.5,-0.007917627417197703
0,2016-09-29,momentum,3,0.5,AMD NVDA AMAT DHR ALB,0.5,0.07762607974877156
0,2016-10-28,momentum,3,0.5,AMD NVDA AMAT DHR ALB,0.5,-1.5200385945506323
0,2016-11-29,momentum,3,0.5,AMD NVDA DHR GEN ALB,0.5,-2.125483380155746
0,2016-12-29,momentum,3,0.5,AMD NVDA FCX CGNX DHR,0.5,-0.034982139911710064
0,2017-01-31,momentum,3,0.5,AMD NVDA FCX URI CGNX,0.5,1.1615513873761918
0,2017-03-02,momentum,3,0.5,AMD NVDA URI MU DHR,0.5,-0.5608528544522318
0,2017-03-31,momentum,3,0.5,AMD NVDA MU URI CGNX,0.5,-2.138216191053499
0,2017-05-02,momentum,3,0.5,AMD NVDA MU CGNX ANET,0.5,0.26891267366022653
0,2017-06-01,momentum,3,0.5,AMD NVDA MU CGNX XYZ,0.5,1.8948724237848547
0,2017-06-30,momentum,3,0.5,NVDA XYZ ANET MU CGNX,0.5,-0.8547410843818937
0,2017-08-01,momentum,3,0.5,NVDA XYZ MU ANET CGNX,0.5,-0.23345318920311442
0,2017-08-30,momentum,3,0.5,NVDA XYZ CGNX NFLX ANET,0.5,-0.677207639444033
0,2017-09-29,momentum,3,0.5,NVDA STLA XYZ ANET CGNX,0.5,0.7713256510042399
0,2017-10-30,momentum,3,0.5,XYZ NVDA STLA MU ANET,0.5,-0.09347801893213603
0,2017-11-29,momentum,3,0.5,XYZ SEDG STLA SQM NVDA,0.5,-2.113011061628034
0,2017-12-29,momentum,3,0.5,SEDG XYZ ANET CGNX NVR,0.5,1.541280620490637
0,2018-01-31,momentum,3,0.5,SEDG ANET XYZ FSLR SQM,0.5,-3.218438858610917
0,2018-03-02,momentum,3,0.5,XYZ NVDA SEDG ANET STLA,0.5,3.057610074447248
0,2018-04-03,momentum,3,0.5,SEDG XYZ FSLR CRSP NVDA,0.5,0.7958493267617772
0,2018-05-02,momentum,3,0.5,SEDG CRSP XYZ FSLR NVDA,0.5,3.0210035316290407
0,2018-06-01,momentum,3,0.5,CRSP SEDG XYZ STLA NFLX,0.5,0.3870914473338427
0,2018-07-02,momentum,3,0.5,ENPH CRSP SEDG XYZ OKTA,0.5,1.2689026875044584
0,2018-08-01,momentum,3,0.5,ENPH CRSP XYZ OKTA NFLX,0.5,2.3072683105480607
0,2018-08-30,momentum,3,0.5,XYZ CRSP RUN OKTA NFLX,0.5,-1.6790952394851621
0,2018-10-01,momentum,3,0.5,XYZ FTNT OKTA AMZN NFLX,0.5,-2.79154350932298
0,2018-10-30,momentum,3,0.5,,0.0,0.0
0,2018-11-29,momentum,3,0.5,,0.0,0.0
0,2019-01-02,momentum,3,0.5,,0.0,0.0
0,2019-02-01,momentum,3,0.5,,0.0,0.0
0,2019-03-05,momentum,3,0.5,MDB OKTA AMD RUN LLY,0.5,-1.9591445227541082
0,2019-04-03,momentum,3,0.5,AMD MDB ZS OKTA IRDM,0.5,-1.9224814874726825
0,2019-05-03,momentum,3,0.5,MDB AMD ZS IRDM ENPH,0.5,1.0199904387044878
0,2019-06-04,momentum,3,0.5,MDB ENPH ZS AMD OKTA,0.5,4.253722767305113
0,2019-07-03,momentum,3,0.5,MDB ENPH OKTA KTOS AMD,0.5,2.225161666891884
0,2019-08-02,momentum,3,0.5,ENPH MDB OKTA ZS KTOS,0.5,1.1236728481597291
0,2019-09-03,momentum,3,0.5,ENPH OKTA MDB ZS SBUX,0.5,-2.6201257165832548
0,2019-10-02,momentum,3,0.5,ENPH SEDG OKTA SBUX KLAC,0.5,2.955879841371223
0,2019-10-31,momentum,3,0.5,ENPH SEDG OKTA KLAC TER,0.5,-0.8920618503336919
0,2019-12-02,momentum,3,0.5,ENPH SEDG LRCX KLAC OKTA,0.5,0.9530796872373459
0,2020-01-02,momentum,3,0.5,ENPH CRSP SEDG AMD TER,0.5,0.7191836919560046
0,2020-02-03,momentum,3,0.5,ENPH SEDG AMD TER CRSP,0.5,1.7008130621224193
0,2020-03-04,momentum,3,0.5,ENPH TSLA SEDG AMD LRCX,0.5,-7.1732780672189245
0,2020-04-02,momentum,3,0.5,,0.0,0.0
0,2020-05-04,momentum,3,0.5,ENPH TSLA SEDG AMD REGN,0.5,0.8224946425147595
0,2020-06-03,momentum,3,0.5,TSLA ENPH MRNA NVDA SEDG,0.5,0.14982613372986897
0,2020-07-02,momentum,3,0.5,MRNA TSLA ENPH SEDG NVDA,0.5,3.3044982026603
0,2020-08-03,momentum,3,0.5,TSLA MRNA NVDA SEDG REGN,0.5,-0.11669488790051474
0,2020-09-01,momentum,3,0.5,TSLA MRNA RUN NVDA AMD,0.5,-5.863416132730437
0,2020-10-01,momentum,3,0.5,TSLA MRNA RUN ENPH ZS,0.5,1.965924301599209
0,2020-10-30,momentum,3,0.5,TSLA RUN ENPH MRNA ZS,0.5,2.2384473789679893
0,2020-12-01,momentum,3,0.5,TSLA ENPH RUN MRNA TWST,0.5,2.4387253161243905
0,2020-12-31,momentum,3,0.5,MRNA TSLA TWST RUN ENPH,0.5,4.852952636713503
0,2021-02-02,momentum,3,0.5,TWST PACB ENPH MRNA TSLA,0.5,-1.364998383958238
0,2021-03-04,momentum,3,0.5,PACB TWST TSLA MRNA MSTR,0.5,2.4552746020589433
0,2021-04-05,momentum,3,0.5,PACB TSLA MSTR FCX ENPH,0.5,-1.5442460371886457
0,2021-05-04,momentum,3,0.5,PACB MSTR NTLA BEAM TSLA,0.5,-1.9692734004392975
0,2021-06-03,momentum,3,0.5,PACB MSTR FCX UUUU NTLA,0.5,1.1512795428833211
0,2021-07-02,momentum,3,0.5,PACB UUUU MSTR FCX MRNA,0.5,-3.1181005963988984
0,2021-08-03,momentum,3,0.5,PACB NTLA BEAM MSTR MP,0.5,6.328473483782249
0,2021-09-01,momentum,3,0.5,NTLA MRNA PACB MSTR BEAM,0.5,-0.845347280041886
0,2021-10-01,momentum,3,0.5,NTLA MRNA UUUU NET ALB,0.5,0.3000921719113592
0,2021-11-01,momentum,3,0.5,NTLA MRNA UUUU MSTR UEC,0.5,2.2173915545716127
0,2021-12-01,momentum,3,0.5,UUUU UEC NET FTNT CCJ,0.5,-2.9542481069147253
0,2021-12-31,momentum,3,0.5,NVDA F NET FTNT UEC,0.5,-2.548693612369146
0,2022-02-01,momentum,3,0.5,FTNT NUE NVDA F EOG,0.5,-1.4636249411733249
0,2022-03-03,momentum,3,0.5,,0.0,0.0
0,2022-04-01,momentum,3,0.5,,0.0,0.0
0,2022-05-03,momentum,3,0.5,,0.0,0.0
0,2022-06-02,momentum,3,0.5,,0.0,0.0
0,2022-07-05,momentum,3,0.5,,0.0,0.0
0,2022-08-03,momentum,3,0.5,,0.0,0.0
0,2022-09-01,momentum,3,0.5,,0.0,0.0
0,2022-10-03,momentum,3,0.5,,0.0,0.0
0,2022-11-01,momentum,3,0.5,,0.0,0.0
0,2022-12-01,momentum,3,0.5,,0.0,0.0
0,2023-01-03,momentum,3,0.5,,0.0,0.0
0,2023-02-02,momentum,3,0.5,FSLR CEG MPC IRDM LLY,0.5,0.16993034181611577
0,2023-03-06,momentum,3,0.5,FSLR CEG VLO MPC ALB,0.5,-1.7781263592469232
0,2023-04-04,momentum,3,0.5,FSLR MPC IRDM VLO XOM,0.5,0.7770868508763185
0,2023-05-04,momentum,3,0.5,FSLR NFLX IRDM PACB ANET,0.5,0.2346505182506231
0,2023-06-05,momentum,3,0.5,FSLR PACB IRDM BIIB NFLX,0.5,0.6132196855943572
0,2023-07-06,momentum,3,0.5,FSLR NVDA PACB SYM VRT,0.5,2.573539913377454
0,2023-08-04,momentum,3,0.5,SYM PACB IONQ NVDA VRT,0.5,-4.593380300409288
0,2023-09-05,momentum,3,0.5,SYM NVDA VRT IONQ PLTR,0.5,-1.7675417705319996
0,2023-10-04,momentum,3,0.5,NVDA IONQ VRT SYM META,0.5,2.889916272350268
0,2023-11-02,momentum,3,0.5,NVDA META SYM IONQ VRT,0.5,-0.48738345822685325
0,2023-12-04,momentum,3,0.5,SYM VRT META NVDA PLTR,0.5,-1.5736897313473497
0,2024-01-04,momentum,3,0.5,SYM COIN IONQ MSTR VRT,0.5,-0.6978153196888992
0,2024-02-05,momentum,3,0.5,VRT SYM MSTR NVDA CRWD,0.5,2.6144968469876684
0,2024-03-06,momentum,3,0.5,VRT NVDA META CRWD DELL,0.5,-2.5303111821608826
0,2024-04-05,momentum,3,0.5,VRT MSTR COIN NVDA PLTR,0.5,-1.0937435214983138
0,2024-05-06,momentum,3,0.5,VRT COIN MSTR VST NVDA,0.5,0.10451591398756843
0,2024-06-05,momentum,3,0.5,VRT MSTR COIN VST DELL,0.5,-1.9356120518928432
0,2024-07-08,momentum,3,0.5,MSTR VRT VST COIN NVDA,0.5,-0.5807188023483234
0,2024-08-06,momentum,3,0.5,MSTR VST NVDA ASTS COIN,0.5,0.07039991196622353
0,2024-09-05,momentum,3,0.5,ASTS MSTR VST NVDA TWST,0.5,-0.3652764604767267
0,2024-10-04,momentum,3,0.5,ASTS MSTR VST NVDA TWST,0.5,-1.6790120277360931
0,2024-11-04,momentum,3,0.5,ASTS VST MSTR SMR NVDA,0.5,4.399485387110658
0,2024-12-04,momentum,3,0.5,SMR ASTS MSTR VST NVDA,0.5,-1.839589724730406
0,2025-01-06,momentum,3,0.5,SMR MSTR LUNR ASTS PLTR,0.5,-6.375294521508124
0,2025-02-06,momentum,3,0.5,RGTI QBTS ASTS SMR MSTR,0.5,-2.58252385297163
0,2025-03-10,momentum,3,0.5,,0.0,0.0
0,2025-04-08,momentum,3,0.5,,0.0,0.0
0,2025-05-08,momentum,3,0.5,,0.0,0.0
0,2025-06-09,momentum,3,0.5,RGTI QBTS RKLB PLTR IONQ,0.5,-2.154354221656485
0,2025-07-10,momentum,3,0.5,QBTS RGTI OKLO RKLB IONQ,0.5,1.6252066768505546
0,2025-08-08,momentum,3,0.5,QBTS RGTI RKLB OKLO IONQ,0.5,1.7667699901976253
0,2025-09-09,momentum,3,0.5,RGTI QBTS OKLO RKLB PLTR,0.5,4.852088364311902
0,2025-10-08,momentum,3,0.5,RGTI QBTS OKLO HOOD RKLB,0.5,5.75129586786971
0,2025-11-06,momentum,3,0.5,RGTI QBTS PL OKLO HOOD,0.5,1.2580316589122509
0,2025-12-08,momentum,3,0.5,RGTI QBTS OKLO LEU QS,0.5,0.06694844577361803
0,2026-01-08,momentum,3,0.5,OKLO LEU HOOD ASTS MP,0.5,-1.1158114099341199
0,2026-02-09,momentum,3,0.5,UUUU PL LEU MU ASTS,0.5,-6.075407449410863
0,2026-03-11,momentum,3,0.5,PL UUUU RKLB MU UEC,0.5,-0.6019572314443611
0,2026-04-10,momentum,3,0.5,PL MU UUUU TER ASTS,0.5,1.606759171263783
0,2026-05-11,momentum,3,0.5,PL MU TER UUUU ASTS,0.5,0.8704929251835969
0,2026-06-10,momentum,3,0.5,MU PL TER RKLB AMD,0.5,5.624716996106005
0,2026-07-13,momentum,3,0.5,MU PL TER LRCX AMD,0.5,-6.402332986753523
0,2016-06-30,qqq,3,0.5,QQQ,0.5,0.12552237578655756
0,2016-08-01,qqq,3,0.5,QQQ,0.5,-0.24937174948861385
0,2016-08-30,qqq,3,0.5,QQQ,0.5,0.06697281267111777
0,2016-09-29,qqq,3,0.5,QQQ,0.5,-0.15674220059097577
0,2016-10-28,qqq,3,0.5,QQQ,0.5,-1.2441242466886937
0,2016-11-29,qqq,3,0.5,QQQ,0.5,-1.6655693063707622
0,2016-12-29,qqq,3,0.5,QQQ,0.5,-0.14568691714664794
0,2017-01-31,qqq,3,0.5,QQQ,0.5,-0.15817302649052678
0,2017-03-02,qqq,3,0.5,QQQ,0.5,-0.31790591712138605
0,2017-03-31,qqq,3,0.5,QQQ,0.5,-0.44463428324866827
0,2017-05-02,qqq,3,0.5,QQQ,0.5,-0.09698639030212286
0,2017-06-01,qqq,3,0.5,QQQ,0.5,-0.06761784246415159
0,2017-06-30,qqq,3,0.5,QQQ,0.5,-0.9617933048517435
0,2017-08-01,qqq,3,0.5,QQQ,0.5,-0.5386112247480757
0,2017-08-30,qqq,3,0.5,QQQ,0.5,-0.3762780791303655
0,2017-09-29,qqq,3,0.5,QQQ,0.5,-0.12642351362534
0,2017-10-30,qqq,3,0.5,QQQ,0.5,-0.3344381442370925
0,2017-11-29,qqq,3,0.5,QQQ,0.5,-0.8289441095250427
0,2017-12-29,qqq,3,0.5,QQQ,0.5,0.9422703923392728
0,2018-01-31,qqq,3,0.5,QQQ,0.5,-3.203039484826209
0,2018-03-02,qqq,3,0.5,QQQ,0.5,0.870832236983321
0,2018-04-03,qqq,3,0.5,QQQ,0.5,0.5280718373537274
0,2018-05-02,qqq,3,0.5,QQQ,0.5,1.3698642307142794
0,2018-06-01,qqq,3,0.5,QQQ,0.5,0.5205355641164866
0,2018-07-02,qqq,3,0.5,QQQ,0.5,0.37016841202297535
0,2018-08-01,qqq,3,0.5,QQQ,0.5,1.2414168076676946
0,2018-08-30,qqq,3,0.5,QQQ,0.5,-0.9788781279017611
0,2018-10-01,qqq,3,0.5,QQQ,0.5,-1.2202775423477807
0,2018-10-30,qqq,3,0.5,,0.0,0.0
0,2018-11-29,qqq,3,0.5,,0.0,0.0
0,2019-01-02,qqq,3,0.5,,0.0,0.0
0,2019-02-01,qqq,3,0.5,,0.0,0.0
0,2019-03-05,qqq,3,0.5,QQQ,0.5,-1.2602209513763896
0,2019-04-03,qqq,3,0.5,QQQ,0.5,0.10244957507776764
0,2019-05-03,qqq,3,0.5,QQQ,0.5,-0.5898307304400774
0,2019-06-04,qqq,3,0.5,QQQ,0.5,1.0072000229194744
0,2019-07-03,qqq,3,0.5,QQQ,0.5,-0.11069778402880148
0,2019-08-02,qqq,3,0.5,QQQ,0.5,-0.02696669197508328
0,2019-09-03,qqq,3,0.5,QQQ,0.5,0.8521396143652993
0,2019-10-02,qqq,3,0.5,QQQ,0.5,0.8887608126955326
0,2019-10-31,qqq,3,0.5,QQQ,0.5,0.3237193019980378
0,2019-12-02,qqq,3,0.5,QQQ,0.5,0.4016622234277012
0,2020-01-02,qqq,3,0.5,QQQ,0.5,0.27076990000185486
0,2020-02-03,qqq,3,0.5,QQQ,0.5,0.8033687214724416
0,2020-03-04,qqq,3,0.5,QQQ,0.5,-4.7217636926112245
0,2020-04-02,qqq,3,0.5,,0.0,0.0
0,2020-05-04,qqq,3,0.5,QQQ,0.5,0.7527696119049576
0,2020-06-03,qqq,3,0.5,QQQ,0.5,0.8495035876265877
0,2020-07-02,qqq,3,0.5,QQQ,0.5,0.6348153842741233
0,2020-08-03,qqq,3,0.5,QQQ,0.5,0.8201862103455415
0,2020-09-01,qqq,3,0.5,QQQ,0.5,-3.4810253725434226
0,2020-10-01,qqq,3,0.5,QQQ,0.5,-0.4043877465297552
0,2020-10-30,qqq,3,0.5,QQQ,0.5,2.506701557728497
0,2020-12-01,qqq,3,0.5,QQQ,0.5,0.28885710047259483
0,2020-12-31,qqq,3,0.5,QQQ,0.5,-1.4445535002569732
0,2021-02-02,qqq,3,0.5,QQQ,0.5,-0.01707540560547116
0,2021-03-04,qqq,3,0.5,QQQ,0.5,0.5565562756919995
0,2021-04-05,qqq,3,0.5,QQQ,0.5,0.40496364022593045
0,2021-05-04,qqq,3,0.5,QQQ,0.5,0.042605660999561756
0,2021-06-03,qqq,3,0.5,QQQ,0.5,0.4867190917444253
0,2021-07-02,qqq,3,0.5,QQQ,0.5,-0.3172400975527845
0,2021-08-03,qqq,3,0.5,QQQ,0.5,-0.07575261383315768
0,2021-09-01,qqq,3,0.5,QQQ,0.5,-0.23115802225167625
0,2021-10-01,qqq,3,0.5,QQQ,0.5,-0.08980100316063888
0,2021-11-01,qqq,3,0.5,QQQ,0.5,1.2194742195855701
0,2021-12-01,qqq,3,0.5,QQQ,0.5,-0.19779478508235027
0,2021-12-31,qqq,3,0.5,QQQ,0.5,-2.089557386301011
0,2022-02-01,qqq,3,0.5,QQQ,0.5,-1.830322908623161
0,2022-03-03,qqq,3,0.5,,0.0,0.0
0,2022-04-01,qqq,3,0.5,,0.0,0.0
0,2022-05-03,qqq,3,0.5,,0.0,0.0
0,2022-06-02,qqq,3,0.5,,0.0,0.0
0,2022-07-05,qqq,3,0.5,,0.0,0.0
0,2022-08-03,qqq,3,0.5,,0.0,0.0
0,2022-09-01,qqq,3,0.5,,0.0,0.0
0,2022-10-03,qqq,3,0.5,,0.0,0.0
0,2022-11-01,qqq,3,0.5,,0.0,0.0
0,2022-12-01,qqq,3,0.5,,0.0,0.0
0,2023-01-03,qqq,3,0.5,,0.0,0.0
0,2023-02-02,qqq,3,0.5,QQQ,0.5,0.5565835482699066
0,2023-03-06,qqq,3,0.5,QQQ,0.5,-1.4779445977400663
0,2023-04-04,qqq,3,0.5,QQQ,0.5,-0.2853473259883277
0,2023-05-04,qqq,3,0.5,QQQ,0.5,0.24583020518744725
0,2023-06-05,qqq,3,0.5,QQQ,0.5,-0.40807722171728456
0,2023-07-06,qqq,3,0.5,QQQ,0.5,-0.12202379260287666
0,2023-08-04,qqq,3,0.5,QQQ,0.5,-1.043778459782152
0,2023-09-05,qqq,3,0.5,QQQ,0.5,-0.869141472023649
0,2023-10-04,qqq,3,0.5,QQQ,0.5,0.6938107844278063
0,2023-11-02,qqq,3,0.5,QQQ,0.5,0.834970605071983
0,2023-12-04,qqq,3,0.5,QQQ,0.5,0.5323557764271847
0,2024-01-04,qqq,3,0.5,QQQ,0.5,0.917688162685959
0,2024-02-05,qqq,3,0.5,QQQ,0.5,0.11888102443193826
0,2024-03-06,qqq,3,0.5,QQQ,0.5,-0.815003577770379
0,2024-04-05,qqq,3,0.5,QQQ,0.5,-0.592015085734432
0,2024-05-06,qqq,3,0.5,QQQ,0.5,-0.21324713981611954
0,2024-06-05,qqq,3,0.5,QQQ,0.5,-0.18401199405275737
0,2024-07-08,qqq,3,0.5,QQQ,0.5,-0.9414798311783823
0,2024-08-06,qqq,3,0.5,QQQ,0.5,0.18741823686205805
0,2024-09-05,qqq,3,0.5,QQQ,0.5,-0.42986293333787673
0,2024-10-04,qqq,3,0.5,QQQ,0.5,0.545989705504657
0,2024-11-04,qqq,3,0.5,QQQ,0.5,2.396245410430642
0,2024-12-04,qqq,3,0.5,QQQ,0.5,-0.33778465979642514
0,2025-01-06,qqq,3,0.5,QQQ,0.5,-1.9910559835451536
0,2025-02-06,qqq,3,0.5,QQQ,0.5,-0.45113340666270707
0,2025-03-10,qqq,3,0.5,,0.0,0.0
0,2025-04-08,qqq,3,0.5,,0.0,0.0
0,2025-05-08,qqq,3,0.5,,0.0,0.0
0,2025-06-09,qqq,3,0.5,QQQ,0.5,-0.016159722382669273
0,2025-07-10,qqq,3,0.5,QQQ,0.5,0.0581346767925206
0,2025-08-08,qqq,3,0.5,QQQ,0.5,0.23974961665211847
0,2025-09-09,qqq,3,0.5,QQQ,0.5,-0.0005139313615898367
0,2025-10-08,qqq,3,0.5,QQQ,0.5,-1.019863703997348
0,2025-11-06,qqq,3,0.5,QQQ,0.5,0.8350900677420059
0,2025-12-08,qqq,3,0.5,QQQ,0.5,-0.0441450077082739
0,2026-01-08,qqq,3,0.5,QQQ,0.5,0.13731966898511416
0,2026-02-09,qqq,3,0.5,QQQ,0.5,-1.4355116145808422
0,2026-03-11,qqq,3,0.5,QQQ,0.5,-0.4458204262327681
0,2026-04-10,qqq,3,0.5,QQQ,0.5,2.029679844067589
0,2026-05-11,qqq,3,0.5,QQQ,0.5,0.563385351649015
0,2026-06-10,qqq,3,0.5,QQQ,0.5,2.9314968032441824
0,2026-07-13,qqq,3,0.5,QQQ,0.5,-1.235793698703458
0,2016-06-30,high,3,1.0,ADP BSX CB CVX DHR,0.5,5.88456644423514
0,2016-08-01,high,3,1.0,AMZN BLK BSX DHR GOOGL,0.5,-0.6322592761430323
0,2016-08-30,high,3,1.0,APD BLK BRK-B JPM LHX,0.5,-0.23224178760723468
0,2016-09-29,high,3,1.0,ACN AMZN BKNG CAT NVDA,0.5,-0.671654513507014
0,2016-10-28,high,3,1.0,MA NOC TER JPM DE,0.5,-1.0328801253879805
0,2016-11-29,high,3,1.0,ACN ADP AMAT GD HPE,0.5,-1.0087734603934528
0,2016-12-29,high,3,1.0,ADP T DE CB ZTS,0.5,-0.19663376512736308
0,2017-01-31,high,3,1.0,DHR GEN HUBB NOW ZTS,0.5,-0.11828989208163554
0,2017-03-02,high,3,1.0,ABT ALB AVGO BKNG CGNX,0.5,-0.319841261025533
0,2017-03-31,high,3,1.0,ADBE AMZN CGNX DIS FTNT,0.5,-0.758937320662223
0,2017-05-02,high,3,1.0,AAPL ABBNY ABBV AMAT ANET,0.5,0.21914406384377916
0,2017-06-01,high,3,1.0,ABBNY ABT ACN AMAT ANET,0.5,0.049510850579959076
0,2017-06-30,high,3,1.0,AXP DHI PHM CAT C,0.5,-0.7029743487627083
0,2017-08-01,high,3,1.0,ACN APD C CB CGNX,0.5,-0.9763515885909624
0,2017-08-30,high,3,1.0,AAPL ADBE ANET BMY CAT,0.5,-0.7294673377357452
0,2017-09-29,high,3,1.0,ALB AMAT ASML AVAV AXP,0.5,-0.410562454887331
0,2017-10-30,high,3,1.0,AAPL ACN AMZN ANET AVGO,0.5,-1.523723674916233
0,2017-11-29,high,3,1.0,AXP BAC BLK BRK-B CI,0.5,0.292946477826983
0,2017-12-29,high,3,1.0,ABBNY APD LOW PEP RIO,0.5,-0.2077769941698171
0,2018-01-31,high,3,1.0,ADP AMZN CB CRM FTNT,0.5,-3.011008302619622
0,2018-03-02,high,3,1.0,CRM CRSP NFLX NOW PANW,0.5,1.8087736686895672
0,2018-04-03,high,3,1.0,RUN COP NEE LHX MPC,0.5,-0.672378893165626
0,2018-05-02,high,3,1.0,CCJ MA OKTA PANW VLO,0.5,0.5337825711443589
0,2018-06-01,high,3,1.0,AAPL ADBE ADP AMZN FTNT,0.5,0.2908904107141286
0,2018-07-02,high,3,1.0,CRM DELL NEE RUN AVAV,0.5,0.538451314881061
0,2018-08-01,high,3,1.0,AAPL MDT PFE LLY PLD,0.5,0.8429405920558963
0,2018-08-30,high,3,1.0,AAPL AMGN AMZN COP COST,0.5,-0.4235203185687153
0,2018-10-01,high,3,1.0,ABT ADBE ADP BSX COP,0.5,-1.716984566532942
0,2018-10-30,high,3,1.0,,0.0,0.0
0,2018-11-29,high,3,1.0,,0.0,0.0
0,2019-01-02,high,3,1.0,,0.0,0.0
0,2019-02-01,high,3,1.0,,0.0,0.0
0,2019-03-05,high,3,1.0,MRK NEE SBUX ZTS LLY,0.5,-1.537930550038602
0,2019-04-03,high,3,1.0,ACN ANET APD DELL INTU,0.5,-0.6745814111689508
0,2019-05-03,high,3,1.0,APD AXP DELL DHR ENPH,0.5,-0.3108861499491966
0,2019-06-04,high,3,1.0,AON APD KO KTOS LHX,0.5,0.7942850846533789
0,2019-07-03,high,3,1.0,ABT ACN ADBE AON APD,0.5,-0.6456093864959489
0,2019-08-02,high,3,1.0,SO ZTS DHI NEE T,0.5,0.46302689634614147
0,2019-09-03,high,3,1.0,DUK KLAC KO LMT MLM,0.5,-0.7806709393027411
0,2019-10-02,high,3,1.0,LEN PHM SO DUK NEE,0.5,0.35582611481042026
0,2019-10-31,high,3,1.0,AMGN BMY MRK NEE SO,0.5,-1.922784329579308
0,2019-12-02,high,3,1.0,BAC JPM AMGN DHR MRK,0.5,0.37535986072918526
0,2020-01-02,high,3,1.0,AAPL ABBNY ADBE AMAT AMD,0.5,-0.041649899743700924
0,2020-02-03,high,3,1.0,ADBE AON DUK MSFT NOW,0.5,-0.09756264814602122
0,2020-03-04,high,3,1.0,GILD NEE NVR DUK ZTS,0.5,-3.4854084616236736
0,2020-04-02,high,3,1.0,,0.0,0.0
0,2020-05-04,high,3,1.0,OKTA MRNA VRTX GILD TMO,0.5,1.0978590347030304
0,2020-06-03,high,3,1.0,ASML DHR KLAC LOW NKE,0.5,0.08706179856932117
0,2020-07-02,high,3,1.0,ADBE AMGN AMZN ASML CRSP,0.5,1.62131379205388
0,2020-08-03,high,3,1.0,AAPL ACN CGNX COST CRM,0.5,0.8897895619417895
0,2020-09-01,high,3,1.0,AAPL ALB AMD AMZN APD,0.5,-4.0279580488379985
0,2020-10-01,high,3,1.0,DDOG DHI ENPH LEN PACB,0.5,1.7837956784498177
0,2020-10-30,high,3,1.0,SQM PWR TMO NEE DHR,0.5,0.3015175502812051
0,2020-12-01,high,3,1.0,ACN AMAT ASML AVGO BLK,0.5,0.660608154347897
0,2020-12-31,high,3,1.0,ABBNY AVGO BLK DIS GS,0.5,0.1259286120845582
0,2021-02-02,high,3,1.0,AVGO FTNT GOOGL MSTR NOW,0.5,1.0619675606839518
0,2021-03-04,high,3,1.0,AXP BAC MPC SCHW EMR,0.5,-1.3775183030950267
0,2021-04-05,high,3,1.0,ABBNY ACN ADP AMAT AON,0.5,-0.7974534727691274
0,2021-05-04,high,3,1.0,AON BLK BRK-B CAT CI,0.5,0.735323418662337
0,2021-06-03,high,3,1.0,ANET AXP BAC COP EMR,0.5,-0.05129494197581019
0,2021-07-02,high,3,1.0,ACN ADBE ADP BLK BMY,0.5,-0.41638975116005117
0,2021-08-03,high,3,1.0,ABBNY ADP ALB AMD AON,0.5,-0.14365080556252297
0,2021-09-01,high,3,1.0,ABT ACN ALB AON ASML,0.5,-0.34503357970308013
0,2021-10-01,high,3,1.0,COP DELL JPM MPC MRK,0.5,-0.8098101031033589
0,2021-11-01,high,3,1.0,ABT ALB AMD COST CRM,0.5,1.745435514337501
0,2021-12-01,high,3,1.0,LRCX NVR PFE AAPL NEE,0.5,-0.24572199010310936
0,2021-12-31,high,3,1.0,ITW LIN MDLZ NEE PEP,0.5,-0.5725791133388225
0,2022-02-01,high,3,1.0,COP EOG OXY UPS VLO,0.5,0.10402278201533388
0,2022-03-03,high,3,1.0,,0.0,0.0
0,2022-04-01,high,3,1.0,,0.0,0.0
0,2022-05-03,high,3,1.0,,0.0,0.0
0,2022-06-02,high,3,1.0,,0.0,0.0
0,2022-07-05,high,3,1.0,,0.0,0.0
0,2022-08-03,high,3,1.0,,0.0,0.0
0,2022-09-01,high,3,1.0,,0.0,0.0
0,2022-10-03,high,3,1.0,,0.0,0.0
0,2022-11-01,high,3,1.0,,0.0,0.0
0,2022-12-01,high,3,1.0,,0.0,0.0
0,2023-01-03,high,3,1.0,,0.0,0.0
0,2023-02-02,high,3,1.0,BSX DHI NUE SYK URI,0.5,-1.1338491108384474
0,2023-03-06,high,3,1.0,AVGO FSLR PGR PWR ROK,0.5,-1.4181912751830117
0,2023-04-04,high,3,1.0,BSX MCD MDLZ ORCL SYK,0.5,-0.4225890532777665
0,2023-05-04,high,3,1.0,BIIB PEP VRTX MDLZ MSFT,0.5,-0.3344500437283626
0,2023-06-05,high,3,1.0,CCJ FTNT ISRG LLY MLM,0.5,-0.8989742959569447
0,2023-07-06,high,3,1.0,VST BRK-B V MA MSTR,0.5,0.8741290211390362
0,2023-08-04,high,3,1.0,BKNG CEG MPC VRT VST,0.5,0.8029675733648878
0,2023-09-05,high,3,1.0,ADBE ANET IBM INTU LLY,0.5,-0.03129311477565455
0,2023-10-04,high,3,1.0,COST GOOGL WMT VRTX LIN,0.5,-0.8323992510920308
0,2023-11-02,high,3,1.0,ANET CCJ CEG KTOS VRTX,0.5,-0.8748853852039495
0,2023-12-04,high,3,1.0,AVAV CCJ COIN COST CRWD,0.5,-1.8110579735128307
0,2024-01-04,high,3,1.0,AMGN BSX C JPM VRTX,0.5,-0.12445076739633354
0,2024-02-05,high,3,1.0,ABBV ASML BKNG BRK-B CAT,0.5,0.6546419092058553
0,2024-03-06,high,3,1.0,ABBV ABNB AMAT AMD ASML,0.5,-2.4827979576587333
0,2024-04-05,high,3,1.0,AMZN CAT CEG COP DELL,0.5,-1.7062323908296761
0,2024-05-06,high,3,1.0,CCJ CEG DUK GS MS,0.5,1.2563017373870888
0,2024-06-05,high,3,1.0,AMAT AVAV COST DHR GEN,0.5,-0.533754455882085
0,2024-07-08,high,3,1.0,AAPL ANET ASML C KLAC,0.5,-1.0832626548050506
0,2024-08-06,high,3,1.0,DUK PG LMT T KO,0.5,0.026035130117452177
0,2024-09-05,high,3,1.0,SO SPGI T DUK PG,0.5,0.18071134949779744
0,2024-10-04,high,3,1.0,ADP ANET AXP BSX CAT,0.5,0.13437047942634894
0,2024-11-04,high,3,1.0,BKNG GILD ILMN V NOW,0.5,2.2295240951232698
0,2024-12-04,high,3,1.0,AAPL AMZN BKNG C COIN,0.5,-1.1427257138797886
0,2025-01-06,high,3,1.0,ANET C GOOGL IONQ KTOS,0.5,-5.35724943218171
0,2025-02-06,high,3,1.0,ADP BAC BSX C COST,0.5,-0.7947124449833476
0,2025-03-10,high,3,1.0,,0.0,0.0
0,2025-04-08,high,3,1.0,,0.0,0.0
0,2025-05-08,high,3,1.0,,0.0,0.0
0,2025-06-09,high,3,1.0,IBM KTOS LEU MP MSFT,0.5,1.0623944141690878
0,2025-07-10,high,3,1.0,BLK COIN EMR GEV HOOD,0.5,-0.42544804491022603
0,2025-08-08,high,3,1.0,AVGO BLK GILD HOOD JNJ,0.5,-0.5717329002128846
0,2025-09-09,high,3,1.0,C GOOGL GS HOOD MDT,0.5,-0.48361332327816475
0,2025-10-08,high,3,1.0,ANET ASTS AVAV CAT CEG,0.5,0.3330853253213917
0,2025-11-06,high,3,1.0,CWEN DDOG GOOGL LLY MU,0.5,1.679451889683481
0,2025-12-08,high,3,1.0,C GS MDB MS TER,0.5,0.7636668522591483
0,2026-01-08,high,3,1.0,F GM GOOGL HII LHX,0.5,0.6966296734033817
0,2026-02-09,high,3,1.0,ABBNY C CAT COP CVX,0.5,-1.0421621706406703
0,2026-03-11,high,3,1.0,CVX MPC OXY VLO VRT,0.5,-0.08485914652406334
0,2026-04-10,high,3,1.0,AMAT APD BEP CAT CWEN,0.5,-0.9147719947662392
0,2026-05-11,high,3,1.0,ABBNY AMAT AMD APD CGNX,0.5,-0.5584706011252272
0,2026-06-10,high,3,1.0,KO TJX CVS KLAC AMAT,0.5,2.198662662447237
0,2026-07-13,high,3,1.0,AAPL CVS ELV KO MPC,0.5,-1.0479232593311405
0,2016-06-30,momentum,3,1.0,NVDA AMD AMZN ALB HII,0.5,0.23048301335970578
0,2016-08-01,momentum,3,1.0,AMD NVDA ALB HII KLAC,0.5,-0.7850236884231365
0,2016-08-30,momentum,3,1.0,AMD NVDA DHR ALB AMAT,0.5,-0.2572578055868968
0,2016-09-29,momentum,3,1.0,AMD NVDA AMAT DHR ALB,0.5,-0.17214075564693232
0,2016-10-28,momentum,3,1.0,AMD NVDA AMAT DHR ALB,0.5,-1.7618369282228707
0,2016-11-29,momentum,3,1.0,AMD NVDA DHR GEN ALB,0.5,-2.364262001434536
0,2016-12-29,momentum,3,1.0,AMD NVDA FCX CGNX DHR,0.5,-0.28418733129856877
0,2017-01-31,momentum,3,1.0,AMD NVDA FCX URI CGNX,0.5,0.9063783733117781
0,2017-03-02,momentum,3,1.0,AMD NVDA URI MU DHR,0.5,-0.807435216554242
0,2017-03-31,momentum,3,1.0,AMD NVDA MU URI CGNX,0.5,-2.376931306249186
0,2017-05-02,momentum,3,1.0,AMD NVDA MU CGNX ANET,0.5,0.018191778518628077
0,2017-06-01,momentum,3,1.0,AMD NVDA MU CGNX XYZ,0.5,1.636041902587415
0,2017-06-30,momentum,3,1.0,NVDA XYZ ANET MU CGNX,0.5,-1.0998576514992808
0,2017-08-01,momentum,3,1.0,NVDA XYZ MU ANET CGNX,0.5,-0.4816684877020805
0,2017-08-30,momentum,3,1.0,NVDA XYZ CGNX NFLX ANET,0.5,-0.9232096711928373
0,2017-09-29,momentum,3,1.0,NVDA STLA XYZ ANET CGNX,0.5,0.5180989242320688
0,2017-10-30,momentum,3,1.0,XYZ NVDA STLA MU ANET,0.5,-0.3423914566611286
0,2017-11-29,momentum,3,1.0,XYZ SEDG STLA SQM NVDA,0.5,-2.351851889759915
0,2017-12-29,momentum,3,1.0,SEDG XYZ ANET CGNX NVR,0.5,1.284213671423995
0,2018-01-31,momentum,3,1.0,SEDG ANET XYZ FSLR SQM,0.5,-3.451766262400935
0,2018-03-02,momentum,3,1.0,XYZ NVDA SEDG ANET STLA,0.5,2.7929802906621726
0,2018-04-03,momentum,3,1.0,SEDG XYZ FSLR CRSP NVDA,0.5,0.5425002858671979
0,2018-05-02,momentum,3,1.0,SEDG CRSP XYZ FSLR NVDA,0.5,2.756556326393911
0,2018-06-01,momentum,3,1.0,CRSP SEDG XYZ STLA NFLX,0.5,0.13578112452516944
0,2018-07-02,momentum,3,1.0,ENPH CRSP SEDG XYZ OKTA,0.5,1.0131942488081913
0,2018-08-01,momentum,3,1.0,ENPH CRSP XYZ OKTA NFLX,0.5,2.046380926363489
0,2018-08-30,momentum,3,1.0,XYZ CRSP RUN OKTA NFLX,0.5,-1.9201002632910136
0,2018-10-01,momentum,3,1.0,XYZ FTNT OKTA AMZN NFLX,0.5,-3.027000093523169
0,2018-10-30,momentum,3,1.0,,0.0,0.0
0,2018-11-29,momentum,3,1.0,,0.0,0.0
0,2019-01-02,momentum,3,1.0,,0.0,0.0
0,2019-02-01,momentum,3,1.0,,0.0,0.0
0,2019-03-05,momentum,3,1.0,MDB OKTA AMD RUN LLY,0.5,-2.1987527746138436
0,2019-04-03,momentum,3,1.0,AMD MDB ZS OKTA IRDM,0.5,-2.1622725996437886
0,2019-05-03,momentum,3,1.0,MDB AMD ZS IRDM ENPH,0.5,0.7655234730879368
0,2019-06-04,momentum,3,1.0,MDB ENPH ZS AMD OKTA,0.5,3.9831272597935286
0,2019-07-03,momentum,3,1.0,MDB ENPH OKTA KTOS AMD,0.5,1.96468379725816
0,2019-08-02,momentum,3,1.0,ENPH MDB OKTA ZS KTOS,0.5,0.8686887568461144
0,2019-09-03,momentum,3,1.0,ENPH OKTA MDB ZS SBUX,0.5,-2.856437263028555
0,2019-10-02,momentum,3,1.0,ENPH SEDG OKTA SBUX KLAC,0.5,2.69175744662129
0,2019-10-31,momentum,3,1.0,ENPH SEDG OKTA KLAC TER,0.5,-1.1369922766465645
0,2019-12-02,momentum,3,1.0,ENPH SEDG LRCX KLAC OKTA,0.5,0.6989464452406224
0,2020-01-02,momentum,3,1.0,ENPH CRSP SEDG AMD TER,0.5,0.4662170280726352
0,2020-02-03,momentum,3,1.0,ENPH SEDG AMD TER CRSP,0.5,1.442950430108958
0,2020-03-04,momentum,3,1.0,ENPH TSLA SEDG AMD LRCX,0.5,-7.386880341226243
0,2020-04-02,momentum,3,1.0,,0.0,0.0
0,2020-05-04,momentum,3,1.0,ENPH TSLA SEDG AMD REGN,0.5,0.5690127056201977
0,2020-06-03,momentum,3,1.0,TSLA ENPH MRNA NVDA SEDG,0.5,-0.1003008061757571
0,2020-07-02,momentum,3,1.0,MRNA TSLA ENPH SEDG NVDA,0.5,3.0386370412859076
0,2020-08-03,momentum,3,1.0,TSLA MRNA NVDA SEDG REGN,0.5,-0.36549252932797094
0,2020-09-01,momentum,3,1.0,TSLA MRNA RUN NVDA AMD,0.5,-6.083551465426695
0,2020-10-01,momentum,3,1.0,TSLA MRNA RUN ENPH ZS,0.5,1.7067394025276794
0,2020-10-30,momentum,3,1.0,TSLA RUN ENPH MRNA ZS,0.5,1.977903245604895
0,2020-12-01,momentum,3,1.0,TSLA ENPH RUN MRNA TWST,0.5,2.177182277851486
0,2020-12-31,momentum,3,1.0,MRNA TSLA TWST RUN ENPH,0.5,4.579368414283236
0,2021-02-02,momentum,3,1.0,TWST PACB ENPH MRNA TSLA,0.5,-1.6075699951555777
0,2021-03-04,momentum,3,1.0,PACB TWST TSLA MRNA MSTR,0.5,2.1936490226773575
0,2021-04-05,momentum,3,1.0,PACB TSLA MSTR FCX ENPH,0.5,-1.7859236339806794
0,2021-05-04,momentum,3,1.0,PACB MSTR NTLA BEAM TSLA,0.5,-2.208831133575917
0,2021-06-03,momentum,3,1.0,PACB MSTR FCX UUUU NTLA,0.5,0.8961577606023008
0,2021-07-02,momentum,3,1.0,PACB UUUU MSTR FCX MRNA,0.5,-3.3519284466394295
0,2021-08-03,momentum,3,1.0,PACB NTLA BEAM MSTR MP,0.5,6.047529963370368
0,2021-09-01,momentum,3,1.0,NTLA MRNA PACB MSTR BEAM,0.5,-1.0905106996354164
0,2021-10-01,momentum,3,1.0,NTLA MRNA UUUU NET ALB,0.5,0.04921576611123246
0,2021-11-01,momentum,3,1.0,NTLA MRNA UUUU MSTR UEC,0.5,1.9569524390984805
0,2021-12-01,momentum,3,1.0,UUUU UEC NET FTNT CCJ,0.5,-3.1888931867440684
0,2021-12-31,momentum,3,1.0,NVDA F NET FTNT UEC,0.5,-2.7853614331032173
0,2022-02-01,momentum,3,1.0,FTNT NUE NVDA F EOG,0.5,-1.7057046432086498
0,2022-03-03,momentum,3,1.0,,0.0,0.0
0,2022-04-01,momentum,3,1.0,,0.0,0.0
0,2022-05-03,momentum,3,1.0,,0.0,0.0
0,2022-06-02,momentum,3,1.0,,0.0,0.0
0,2022-07-05,momentum,3,1.0,,0.0,0.0
0,2022-08-03,momentum,3,1.0,,0.0,0.0
0,2022-09-01,momentum,3,1.0,,0.0,0.0
0,2022-10-03,momentum,3,1.0,,0.0,0.0
0,2022-11-01,momentum,3,1.0,,0.0,0.0
0,2022-12-01,momentum,3,1.0,,0.0,0.0
0,2023-01-03,momentum,3,1.0,,0.0,0.0
0,2023-02-02,momentum,3,1.0,FSLR CEG MPC IRDM LLY,0.5,-0.08029686970431049
0,2023-03-06,momentum,3,1.0,FSLR CEG VLO MPC ALB,0.5,-2.018637456097272
0,2023-04-04,momentum,3,1.0,FSLR MPC IRDM VLO XOM,0.5,0.5238313895818969
0,2023-05-04,momentum,3,1.0,FSLR NFLX IRDM PACB ANET,0.5,-0.01589949119211731
0,2023-06-05,momentum,3,1.0,FSLR PACB IRDM BIIB NFLX,0.5,0.360781527085674
0,2023-07-06,momentum,3,1.0,FSLR NVDA PACB SYM VRT,0.5,2.311324474714227
0,2023-08-04,momentum,3,1.0,SYM PACB IONQ NVDA VRT,0.5,-4.819850055391727
0,2023-09-05,momentum,3,1.0,SYM NVDA VRT IONQ PLTR,0.5,-2.0081056590067536
0,2023-10-04,momentum,3,1.0,NVDA IONQ VRT SYM META,0.5,2.6261228770593004
0,2023-11-02,momentum,3,1.0,NVDA META SYM IONQ VRT,0.5,-0.7343322558017396
0,2023-12-04,momentum,3,1.0,SYM VRT META NVDA PLTR,0.5,-1.8152204749658618
0,2024-01-04,momentum,3,1.0,SYM COIN IONQ MSTR VRT,0.5,-0.9437145687085313
0,2024-02-05,momentum,3,1.0,VRT SYM MSTR NVDA CRWD,0.5,2.3520771317942613
0,2024-03-06,momentum,3,1.0,VRT NVDA META CRWD DELL,0.5,-2.767070686981843
0,2024-04-05,momentum,3,1.0,VRT MSTR COIN NVDA PLTR,0.5,-1.3376680416469333
0,2024-05-06,momentum,3,1.0,VRT COIN MSTR VST NVDA,0.5,-0.14538503696684968
0,2024-06-05,momentum,3,1.0,VRT MSTR COIN VST DELL,0.5,-2.1753376741480146
0,2024-07-08,momentum,3,1.0,MSTR VRT VST COIN NVDA,0.5,-0.8272020811804892
0,2024-08-06,momentum,3,1.0,MSTR VST NVDA ASTS COIN,0.5,-0.17933088224302285
0,2024-09-05,momentum,3,1.0,ASTS MSTR VST NVDA TWST,0.5,-0.6128342781029916
0,2024-10-04,momentum,3,1.0,ASTS MSTR VST NVDA TWST,0.5,-1.9200174665683023
0,2024-11-04,momentum,3,1.0,ASTS VST MSTR SMR NVDA,0.5,4.128162874924146
0,2024-12-04,momentum,3,1.0,SMR ASTS MSTR VST NVDA,0.5,-2.079794267307089
0,2025-01-06,momentum,3,1.0,SMR MSTR LUNR ASTS PLTR,0.5,-6.592876812950621
0,2025-02-06,momentum,3,1.0,RGTI QBTS ASTS SMR MSTR,0.5,-2.819022942222249
0,2025-03-10,momentum,3,1.0,,0.0,0.0
0,2025-04-08,momentum,3,1.0,,0.0,0.0
0,2025-05-08,momentum,3,1.0,,0.0,0.0
0,2025-06-09,momentum,3,1.0,RGTI QBTS RKLB PLTR IONQ,0.5,-2.392988846917854
0,2025-07-10,momentum,3,1.0,QBTS RGTI OKLO RKLB IONQ,0.5,1.3677211387423505
0,2025-08-08,momentum,3,1.0,QBTS RGTI RKLB OKLO IONQ,0.5,1.508578391847526
0,2025-09-09,momentum,3,1.0,RGTI QBTS OKLO RKLB PLTR,0.5,4.578508452520902
0,2025-10-08,momentum,3,1.0,RGTI QBTS OKLO HOOD RKLB,0.5,5.473231074703366
0,2025-11-06,momentum,3,1.0,RGTI QBTS PL OKLO HOOD,0.5,1.0023774404860353
0,2025-12-08,momentum,3,1.0,RGTI QBTS OKLO LEU QS,0.5,-0.18276513392575522
0,2026-01-08,momentum,3,1.0,OKLO LEU HOOD ASTS MP,0.5,-1.3596258644288817
0,2026-02-09,momentum,3,1.0,UUUU PL LEU MU ASTS,0.5,-6.294485455623344
0,2026-03-11,momentum,3,1.0,PL UUUU RKLB MU UEC,0.5,-0.8483345816285626
0,2026-04-10,momentum,3,1.0,PL MU UUUU TER ASTS,0.5,1.3493656418119615
0,2026-05-11,momentum,3,1.0,PL MU TER UUUU ASTS,0.5,0.6167715923730555
0,2026-06-10,momentum,3,1.0,MU PL TER RKLB AMD,0.5,5.347283526880164
0,2026-07-13,momentum,3,1.0,MU PL TER LRCX AMD,0.5,-6.619780421326249
0,2016-06-30,qqq,3,1.0,QQQ,0.5,-0.124483346857307
0,2016-08-01,qqq,3,1.0,QQQ,0.5,-0.49750765268197217
0,2016-08-30,qqq,3,1.0,QQQ,0.5,-0.1827408885604065
0,2016-09-29,qqq,3,1.0,QQQ,0.5,-0.4053401023074943
0,2016-10-28,qqq,3,1.0,QQQ,0.5,-1.487298728930675
0,2016-11-29,qqq,3,1.0,QQQ,0.5,-1.9066417920308276
0,2016-12-29,qqq,3,1.0,QQQ,0.5,-0.39433995812149236
0,2017-01-31,qqq,3,1.0,QQQ,0.5,-0.4067637918292899
0,2017-03-02,qqq,3,1.0,QQQ,0.5,-0.5656999997552203
0,2017-03-31,qqq,3,1.0,QQQ,0.5,-0.6917962963248869
0,2017-05-02,qqq,3,1.0,QQQ,0.5,-0.34588232970135246
0,2017-06-01,qqq,3,1.0,QQQ,0.5,-0.3166602602376112
0,2017-06-30,qqq,3,1.0,QQQ,0.5,-1.2063759390249729
0,2017-08-01,qqq,3,1.0,QQQ,0.5,-0.7853045190547414
0,2017-08-30,qqq,3,1.0,QQQ,0.5,-0.6237810251564557
0,2017-09-29,qqq,3,1.0,QQQ,0.5,-0.37517263262371037
0,2017-10-30,qqq,3,1.0,QQQ,0.5,-0.5821497708447088
0,2017-11-29,qqq,3,1.0,QQQ,0.5,-1.074189341462961
0,2017-12-29,qqq,3,1.0,QQQ,0.5,0.6881910627100307
0,2018-01-31,qqq,3,1.0,QQQ,0.5,-3.436443694430691
0,2018-03-02,qqq,3,1.0,QQQ,0.5,0.6171092118234967
0,2018-04-03,qqq,3,1.0,QQQ,0.5,0.27605836168766995
0,2018-05-02,qqq,3,1.0,QQQ,0.5,1.113652236895346
0,2018-06-01,qqq,3,1.0,QQQ,0.5,0.2685596763168263
0,2018-07-02,qqq,3,1.0,QQQ,0.5,0.11894249443287208
0,2018-08-01,qqq,3,1.0,QQQ,0.5,0.9858454573632658
0,2018-08-30,qqq,3,1.0,QQQ,0.5,-1.2233755499249432
0,2018-10-01,qqq,3,1.0,QQQ,0.5,-1.4635709622540238
0,2018-10-30,qqq,3,1.0,,0.0,0.0
0,2018-11-29,qqq,3,1.0,,0.0,0.0
0,2019-01-02,qqq,3,1.0,,0.0,0.0
0,2019-02-01,qqq,3,1.0,,0.0,0.0
0,2019-03-05,qqq,3,1.0,QQQ,0.5,-1.5033151498009323
0,2019-04-03,qqq,3,1.0,QQQ,0.5,-0.14744106981842142
0,2019-05-03,qqq,3,1.0,QQQ,0.5,-0.8362685626801647
0,2019-06-04,qqq,3,1.0,QQQ,0.5,0.7527968506957805
0,2019-07-03,qqq,3,1.0,QQQ,0.5,-0.3595253365716977
0,2019-08-02,qqq,3,1.0,QQQ,0.5,-0.276211861156872
0,2019-09-03,qqq,3,1.0,QQQ,0.5,0.5985098204059236
0,2019-10-02,qqq,3,1.0,QQQ,0.5,0.6349483670904821
0,2019-10-31,qqq,3,1.0,QQQ,0.5,0.07272505368074444
0,2019-12-02,qqq,3,1.0,QQQ,0.5,0.15027922751289502
0,2020-01-02,qqq,3,1.0,QQQ,0.5,0.020039741770427888
0,2020-02-03,qqq,3,1.0,QQQ,0.5,0.5499821768947255
0,2020-03-04,qqq,3,1.0,QQQ,0.5,-4.947593123438976
0,2020-04-02,qqq,3,1.0,,0.0,0.0
0,2020-05-04,qqq,3,1.0,QQQ,0.5,0.4996354351102239
0,2020-06-03,qqq,3,1.0,QQQ,0.5,0.5958869410966905
0,2020-07-02,qqq,3,1.0,QQQ,0.5,0.38226951520206054
0,2020-08-03,qqq,3,1.0,QQQ,0.5,0.5667157869719608
0,2020-09-01,qqq,3,1.0,QQQ,0.5,-3.713043101579727
0,2020-10-01,qqq,3,1.0,QQQ,0.5,-0.6517504929653417
0,2020-10-30,qqq,3,1.0,QQQ,0.5,2.244819481604199
0,2020-12-01,qqq,3,1.0,QQQ,0.5,0.038036730640200744
0,2020-12-31,qqq,3,1.0,QQQ,0.5,-1.686728322884401
0,2021-02-02,qqq,3,1.0,QQQ,0.5,-0.2663699085014848
0,2021-03-04,qqq,3,1.0,QQQ,0.5,0.3044007312304142
0,2021-04-05,qqq,3,1.0,QQQ,0.5,0.15356417818661594
0,2021-05-04,qqq,3,1.0,QQQ,0.5,-0.20698650678806496
0,2021-06-03,qqq,3,1.0,QQQ,0.5,0.23491186675783648
0,2021-07-02,qqq,3,1.0,QQQ,0.5,-0.5650375010238795
0,2021-08-03,qqq,3,1.0,QQQ,0.5,-0.32475445867495845
0,2021-09-01,qqq,3,1.0,QQQ,0.5,-0.47938476811010267
0,2021-10-01,qqq,3,1.0,QQQ,0.5,-0.3387327803490825
0,2021-11-01,qqq,3,1.0,QQQ,0.5,0.9640123099877718
0,2021-12-01,qqq,3,1.0,QQQ,0.5,-0.44618793320100325
0,2021-12-31,qqq,3,1.0,QQQ,0.5,-2.328515191828262
0,2022-02-01,qqq,3,1.0,QQQ,0.5,-2.0705736703103494
0,2022-03-03,qqq,3,1.0,,0.0,0.0
0,2022-04-01,qqq,3,1.0,,0.0,0.0
0,2022-05-03,qqq,3,1.0,,0.0,0.0
0,2022-06-02,qqq,3,1.0,,0.0,0.0
0,2022-07-05,qqq,3,1.0,,0.0,0.0
0,2022-08-03,qqq,3,1.0,,0.0,0.0
0,2022-09-01,qqq,3,1.0,,0.0,0.0
0,2022-10-03,qqq,3,1.0,,0.0,0.0
0,2022-11-01,qqq,3,1.0,,0.0,0.0
0,2022-12-01,qqq,3,1.0,,0.0,0.0
0,2023-01-03,qqq,3,1.0,,0.0,0.0
0,2023-02-02,qqq,3,1.0,QQQ,0.5,0.3044278677837742
0,2023-03-06,qqq,3,1.0,QQQ,0.5,-1.719952879151354
0,2023-04-04,qqq,3,1.0,QQQ,0.5,-0.533303797635154
0,2023-05-04,qqq,3,1.0,QQQ,0.5,-0.00477556398764678
0,2023-06-05,qqq,3,1.0,QQQ,0.5,-0.6554215665509289
0,2023-07-06,qqq,3,1.0,QQQ,0.5,-0.3707948556206042
0,2023-08-04,qqq,3,1.0,QQQ,0.5,-1.2879521853409015
0,2023-09-05,qqq,3,1.0,QQQ,0.5,-1.114186215863222
0,2023-10-04,qqq,3,1.0,QQQ,0.5,0.4409706702896088
0,2023-11-02,qqq,3,1.0,QQQ,0.5,0.5814264431494021
0,2023-12-04,qqq,3,1.0,QQQ,0.5,0.28032093421508364
0,2024-01-04,qqq,3,1.0,QQQ,0.5,0.663731439222115
0,2024-02-05,qqq,3,1.0,QQQ,0.5,-0.13109157385197134
0,2024-03-06,qqq,3,1.0,QQQ,0.5,-1.0603183394119475
0,2024-04-05,qqq,3,1.0,QQQ,0.5,-0.8384420232985579
0,2024-05-06,qqq,3,1.0,QQQ,0.5,-0.46156321787287347
0,2024-06-05,qqq,3,1.0,QQQ,0.5,-0.4324738851284482
0,2024-07-08,qqq,3,1.0,QQQ,0.5,-1.1861637806980574
0,2024-08-06,qqq,3,1.0,QQQ,0.5,-0.06289619716759454
0,2024-09-05,qqq,3,1.0,QQQ,0.5,-0.6770986199008622
0,2024-10-04,qqq,3,1.0,QQQ,0.5,0.29388686279836485
0,2024-11-04,qqq,3,1.0,QQQ,0.5,2.134914244653374
0,2024-12-04,qqq,3,1.0,QQQ,0.5,-0.5854795953452618
0,2025-01-06,qqq,3,1.0,QQQ,0.5,-2.230505074014877
0,2025-02-06,qqq,3,1.0,QQQ,0.5,-0.6982630047541405
0,2025-03-10,qqq,3,1.0,,0.0,0.0
0,2025-04-08,qqq,3,1.0,,0.0,0.0
0,2025-05-08,qqq,3,1.0,,0.0,0.0
0,2025-06-09,qqq,3,1.0,QQQ,0.5,-0.26545879233426106
0,2025-07-10,qqq,3,1.0,QQQ,0.5,-0.19153494341118682
0,2025-08-08,qqq,3,1.0,QQQ,0.5,-0.010825825019999957
0,2025-09-09,qqq,3,1.0,QQQ,0.5,-0.24989103615661312
0,2025-10-08,qqq,3,1.0,QQQ,0.5,-1.2641567066333126
0,2025-11-06,qqq,3,1.0,QQQ,0.5,0.5815453099881962
0,2025-12-08,qqq,3,1.0,QQQ,0.5,-0.29330449843655293
0,2026-01-08,qqq,3,1.0,QQQ,0.5,-0.1127448937599862
0,2026-02-09,qqq,3,1.0,QQQ,0.5,-1.6777315344572385
0,2026-03-11,qqq,3,1.0,QQQ,0.5,-0.6929765233101293
0,2026-04-10,qqq,3,1.0,QQQ,0.5,1.77017695827566
0,2026-05-11,qqq,3,1.0,QQQ,0.5,0.31119574653351023
0,2026-06-10,qqq,3,1.0,QQQ,0.5,2.6674960211733323
0,2026-07-13,qqq,3,1.0,QQQ,0.5,-1.479009730331271
0,2016-06-30,high,5,0.2,ADP BSX CB CVX DHR,0.5,6.680591544132075
0,2016-08-01,high,5,0.2,AMZN BLK BSX DHR GOOGL,0.5,0.0011474691227197908
0,2016-08-30,high,5,0.2,APD BLK BRK-B JPM LHX,0.5,0.06946463920278756
0,2016-09-29,high,5,0.2,ACN AMZN BKNG CAT NVDA,0.5,-0.09093408155989025
0,2016-10-28,high,5,0.2,MA NOC TER JPM DE,0.5,-1.0832230272276422
0,2016-11-29,high,5,0.2,ACN ADP AMAT GD HPE,0.5,-0.3789146225227302
0,2016-12-29,high,5,0.2,ADP T DE CB ZTS,0.5,0.00959749991731318
0,2017-01-31,high,5,0.2,DHR GEN HUBB NOW ZTS,0.5,0.19046019555515326
0,2017-03-02,high,5,0.2,ABT ALB AVGO BKNG CGNX,0.5,0.20212083058177566
0,2017-03-31,high,5,0.2,ADBE AMZN CGNX DIS FTNT,0.5,-0.43429873499019056
0,2017-05-02,high,5,0.2,AAPL ABBNY ABBV AMAT ANET,0.5,0.7674035358981257
0,2017-06-01,high,5,0.2,ABBNY ABT ACN AMAT ANET,0.5,0.7532478672881426
0,2017-06-30,high,5,0.2,AXP DHI PHM CAT C,0.5,0.9210569744474428
0,2017-08-01,high,5,0.2,ACN APD C CB CGNX,0.5,-0.6147507973034205
0,2017-08-30,high,5,0.2,AAPL ADBE ANET BMY CAT,0.5,0.067243036580944
0,2017-09-29,high,5,0.2,ALB AMAT ASML AVAV AXP,0.5,-0.03827828698720337
0,2017-10-30,high,5,0.2,AAPL ACN AMZN ANET AVGO,0.5,1.4786739776424973
0,2017-11-29,high,5,0.2,AXP BAC BLK BRK-B CI,0.5,0.43295389337540957
0,2017-12-29,high,5,0.2,ABBNY APD LOW PEP RIO,0.5,0.594853468125045
0,2018-01-31,high,5,0.2,ADP AMZN CB CRM FTNT,0.5,-1.9013764323117743
0,2018-03-02,high,5,0.2,CRM CRSP NFLX NOW PANW,0.5,3.878868790637835
0,2018-04-03,high,5,0.2,RUN COP NEE LHX MPC,0.5,0.09690642992179477
0,2018-05-02,high,5,0.2,CCJ MA OKTA PANW VLO,0.5,2.116209090232135
0,2018-06-01,high,5,0.2,AAPL ADBE ADP AMZN FTNT,0.5,0.27086040606154604
0,2018-07-02,high,5,0.2,CRM DELL NEE RUN AVAV,0.5,1.325199626768847
0,2018-08-01,high,5,0.2,AAPL MDT PFE LLY PLD,0.5,1.1880273329545554
0,2018-08-30,high,5,0.2,AAPL AMGN AMZN COP COST,0.5,-0.6817578648611877
0,2018-10-01,high,5,0.2,ABT ADBE ADP BSX COP,0.5,-1.9462663814250547
0,2018-10-30,high,5,0.2,,0.0,0.0
0,2018-11-29,high,5,0.2,,0.0,0.0
0,2019-01-02,high,5,0.2,,0.0,0.0
0,2019-02-01,high,5,0.2,,0.0,0.0
0,2019-03-05,high,5,0.2,MRK NEE SBUX ZTS LLY,0.5,-0.6621320211907422
0,2019-04-03,high,5,0.2,ACN ANET APD DELL INTU,0.5,-0.05182431414122446
0,2019-05-03,high,5,0.2,APD AXP DELL DHR ENPH,0.5,0.38667049837137757
0,2019-06-04,high,5,0.2,AON APD KO KTOS LHX,0.5,-0.19715262328462435
0,2019-07-03,high,5,0.2,ABT ACN ADBE AON APD,0.5,0.18800666418601342
0,2019-08-02,high,5,0.2,SO ZTS DHI NEE T,0.5,1.603169589896325
0,2019-09-03,high,5,0.2,DUK KLAC KO LMT MLM,0.5,-0.8436035445632428
0,2019-10-02,high,5,0.2,LEN PHM SO DUK NEE,0.5,0.6868227952854244
0,2019-10-31,high,5,0.2,AMGN BMY MRK NEE SO,0.5,-1.4721221198346846
0,2019-12-02,high,5,0.2,BAC JPM AMGN DHR MRK,0.5,1.006618414200089
0,2020-01-02,high,5,0.2,AAPL ABBNY ADBE AMAT AMD,0.5,1.116845469291583
0,2020-02-03,high,5,0.2,ADBE AON DUK MSFT NOW,0.5,0.6825312416773199
0,2020-03-04,high,5,0.2,GILD NEE NVR DUK ZTS,0.5,-4.68359941128107
0,2020-04-02,high,5,0.2,,0.0,0.0
0,2020-05-04,high,5,0.2,OKTA MRNA VRTX GILD TMO,0.5,5.489877797273612
0,2020-06-03,high,5,0.2,ASML DHR KLAC LOW NKE,0.5,0.3066362786671162
0,2020-07-02,high,5,0.2,ADBE AMGN AMZN ASML CRSP,0.5,2.0554110009227022
0,2020-08-03,high,5,0.2,AAPL ACN CGNX COST CRM,0.5,0.2595318009945391
0,2020-09-01,high,5,0.2,AAPL ALB AMD AMZN APD,0.5,-3.774824818237288
0,2020-10-01,high,5,0.2,DDOG DHI ENPH LEN PACB,0.5,4.128383843992922
0,2020-10-30,high,5,0.2,SQM PWR TMO NEE DHR,0.5,2.9109923396233306
0,2020-12-01,high,5,0.2,ACN AMAT ASML AVGO BLK,0.5,1.5626620235327016
0,2020-12-31,high,5,0.2,ABBNY AVGO BLK DIS GS,0.5,1.631962295047673
0,2021-02-02,high,5,0.2,AVGO FTNT GOOGL MSTR NOW,0.5,8.383262553417437
0,2021-03-04,high,5,0.2,AXP BAC MPC SCHW EMR,0.5,0.3564554031722844
0,2021-04-05,high,5,0.2,ABBNY ACN ADP AMAT AON,0.5,-0.2886803563943663
0,2021-05-04,high,5,0.2,AON BLK BRK-B CAT CI,0.5,0.345239901503569
0,2021-06-03,high,5,0.2,ANET AXP BAC COP EMR,0.5,0.0903368105392488
0,2021-07-02,high,5,0.2,ACN ADBE ADP BLK BMY,0.5,0.6188241366042568
0,2021-08-03,high,5,0.2,ABBNY ADP ALB AMD AON,0.5,0.9722870157700791
0,2021-09-01,high,5,0.2,ABT ACN ALB AON ASML,0.5,0.25734590341037755
0,2021-10-01,high,5,0.2,COP DELL JPM MPC MRK,0.5,0.4096754901967703
0,2021-11-01,high,5,0.2,ABT ALB AMD COST CRM,0.5,3.049011269414015
0,2021-12-01,high,5,0.2,LRCX NVR PFE AAPL NEE,0.5,2.0543698360261153
0,2021-12-31,high,5,0.2,ITW LIN MDLZ NEE PEP,0.5,-0.8059409649602278
0,2022-02-01,high,5,0.2,COP EOG OXY UPS VLO,0.5,0.11141898705953057
0,2022-03-03,high,5,0.2,,0.0,0.0
0,2022-04-01,high,5,0.2,,0.0,0.0
0,2022-05-03,high,5,0.2,,0.0,0.0
0,2022-06-02,high,5,0.2,,0.0,0.0
0,2022-07-05,high,5,0.2,,0.0,0.0
0,2022-08-03,high,5,0.2,,0.0,0.0
0,2022-09-01,high,5,0.2,,0.0,0.0
0,2022-10-03,high,5,0.2,,0.0,0.0
0,2022-11-01,high,5,0.2,,0.0,0.0
0,2022-12-01,high,5,0.2,,0.0,0.0
0,2023-01-03,high,5,0.2,,0.0,0.0
0,2023-02-02,high,5,0.2,BSX DHI NUE SYK URI,0.5,-1.751554678045808
0,2023-03-06,high,5,0.2,AVGO FSLR PGR PWR ROK,0.5,-2.3632654269199693
0,2023-04-04,high,5,0.2,BSX MCD MDLZ ORCL SYK,0.5,0.21686567487146924
0,2023-05-04,high,5,0.2,BIIB PEP VRTX MDLZ MSFT,0.5,0.3398202293508845
0,2023-06-05,high,5,0.2,CCJ FTNT ISRG LLY MLM,0.5,0.07707210656480168
0,2023-07-06,high,5,0.2,VST BRK-B V MA MSTR,0.5,2.8686792550024487
0,2023-08-04,high,5,0.2,BKNG CEG MPC VRT VST,0.5,1.3578049826117766
0,2023-09-05,high,5,0.2,ADBE ANET IBM INTU LLY,0.5,-0.2786392611680233
0,2023-10-04,high,5,0.2,COST GOOGL WMT VRTX LIN,0.5,0.39697298292131755
0,2023-11-02,high,5,0.2,ANET CCJ CEG KTOS VRTX,0.5,-0.8203246448389434
0,2023-12-04,high,5,0.2,AVAV CCJ COIN COST CRWD,0.5,-0.6505110863830987
0,2024-01-04,high,5,0.2,AMGN BSX C JPM VRTX,0.5,0.1427344864006308
0,2024-02-05,high,5,0.2,ABBV ASML BKNG BRK-B CAT,0.5,0.8880783821231253
0,2024-03-06,high,5,0.2,ABBV ABNB AMAT AMD ASML,0.5,-2.1284080647170023
0,2024-04-05,high,5,0.2,AMZN CAT CEG COP DELL,0.5,-1.9900310196589888
0,2024-05-06,high,5,0.2,CCJ CEG DUK GS MS,0.5,0.9116664740055569
0,2024-06-05,high,5,0.2,AMAT AVAV COST DHR GEN,0.5,1.0598099855054333
0,2024-07-08,high,5,0.2,AAPL ANET ASML C KLAC,0.5,-0.387243096310963
0,2024-08-06,high,5,0.2,DUK PG LMT T KO,0.5,0.45624946694260426
0,2024-09-05,high,5,0.2,SO SPGI T DUK PG,0.5,0.07160691840470967
0,2024-10-04,high,5,0.2,ADP ANET AXP BSX CAT,0.5,1.1776195870827344
0,2024-11-04,high,5,0.2,BKNG GILD ILMN V NOW,0.5,2.9990050964522563
0,2024-12-04,high,5,0.2,AAPL AMZN BKNG C COIN,0.5,-0.18768542045207726
0,2025-01-06,high,5,0.2,ANET C GOOGL IONQ KTOS,0.5,-4.204600371913047
0,2025-02-06,high,5,0.2,ADP BAC BSX C COST,0.5,-0.04101857156476596
0,2025-03-10,high,5,0.2,,0.0,0.0
0,2025-04-08,high,5,0.2,,0.0,0.0
0,2025-05-08,high,5,0.2,,0.0,0.0
0,2025-06-09,high,5,0.2,IBM KTOS LEU MP MSFT,0.5,4.186872048029855
0,2025-07-10,high,5,0.2,BLK COIN EMR GEV HOOD,0.5,2.228333217887357
0,2025-08-08,high,5,0.2,AVGO BLK GILD HOOD JNJ,0.5,-0.030441317594831485
0,2025-09-09,high,5,0.2,C GOOGL GS HOOD MDT,0.5,0.7524260183119136
0,2025-10-08,high,5,0.2,ANET ASTS AVAV CAT CEG,0.5,1.700086440364812
0,2025-11-06,high,5,0.2,CWEN DDOG GOOGL LLY MU,0.5,1.2086902031140268
0,2025-12-08,high,5,0.2,C GS MDB MS TER,0.5,0.31308584472369283
0,2026-01-08,high,5,0.2,F GM GOOGL HII LHX,0.5,0.7734445589651529
0,2026-02-09,high,5,0.2,ABBNY C CAT COP CVX,0.5,-0.5150695708079356
0,2026-03-11,high,5,0.2,CVX MPC OXY VLO VRT,0.5,1.1809026453135196
0,2026-04-10,high,5,0.2,AMAT APD BEP CAT CWEN,0.5,-0.7593095984343878
0,2026-05-11,high,5,0.2,ABBNY AMAT AMD APD CGNX,0.5,-2.57150865938629
0,2026-06-10,high,5,0.2,KO TJX CVS KLAC AMAT,0.5,1.4945836439309357
0,2026-07-13,high,5,0.2,AAPL CVS ELV KO MPC,0.5,-0.5656629473723918
0,2016-06-30,momentum,5,0.2,NVDA AMD AMZN ALB HII,0.5,1.8975359610334364
0,2016-08-01,momentum,5,0.2,AMD NVDA ALB HII KLAC,0.5,-0.06211670614345577
0,2016-08-30,momentum,5,0.2,AMD NVDA DHR ALB AMAT,0.5,-0.9431201826411773
0,2016-09-29,momentum,5,0.2,AMD NVDA AMAT DHR ALB,0.5,0.3722905341119631
0,2016-10-28,momentum,5,0.2,AMD NVDA AMAT DHR ALB,0.5,-1.7728920387813152
0,2016-11-29,momentum,5,0.2,AMD NVDA DHR GEN ALB,0.5,0.021475925974567822
0,2016-12-29,momentum,5,0.2,AMD NVDA FCX CGNX DHR,0.5,-0.1034870455200676
0,2017-01-31,momentum,5,0.2,AMD NVDA FCX URI CGNX,0.5,2.2294401023899457
0,2017-03-02,momentum,5,0.2,AMD NVDA URI MU DHR,0.5,-0.7549149037539338
0,2017-03-31,momentum,5,0.2,AMD NVDA MU URI CGNX,0.5,-2.0263946519546994
0,2017-05-02,momentum,5,0.2,AMD NVDA MU CGNX ANET,0.5,0.4857655099375746
0,2017-06-01,momentum,5,0.2,AMD NVDA MU CGNX XYZ,0.5,4.255890162730358
0,2017-06-30,momentum,5,0.2,NVDA XYZ ANET MU CGNX,0.5,1.1348411487744015
0,2017-08-01,momentum,5,0.2,NVDA XYZ MU ANET CGNX,0.5,0.8160586620801658
0,2017-08-30,momentum,5,0.2,NVDA XYZ CGNX NFLX ANET,0.5,-0.07849213527724164
0,2017-09-29,momentum,5,0.2,NVDA STLA XYZ ANET CGNX,0.5,1.1408099582102427
0,2017-10-30,momentum,5,0.2,XYZ NVDA STLA MU ANET,0.5,1.7344422146008398
0,2017-11-29,momentum,5,0.2,XYZ SEDG STLA SQM NVDA,0.5,-1.88129711744347
0,2017-12-29,momentum,5,0.2,SEDG XYZ ANET CGNX NVR,0.5,4.166185650973309
0,2018-01-31,momentum,5,0.2,SEDG ANET XYZ FSLR SQM,0.5,-2.0856090074032663
0,2018-03-02,momentum,5,0.2,XYZ NVDA SEDG ANET STLA,0.5,3.8644696434930514
0,2018-04-03,momentum,5,0.2,SEDG XYZ FSLR CRSP NVDA,0.5,3.753563929445547
0,2018-05-02,momentum,5,0.2,SEDG CRSP XYZ FSLR NVDA,0.5,4.210702763761276
0,2018-06-01,momentum,5,0.2,CRSP SEDG XYZ STLA NFLX,0.5,0.30434192050958764
0,2018-07-02,momentum,5,0.2,ENPH CRSP SEDG XYZ OKTA,0.5,1.2323831345302017
0,2018-08-01,momentum,5,0.2,ENPH CRSP XYZ OKTA NFLX,0.5,1.9649770333167282
0,2018-08-30,momentum,5,0.2,XYZ CRSP RUN OKTA NFLX,0.5,0.038317031645629385
0,2018-10-01,momentum,5,0.2,XYZ FTNT OKTA AMZN NFLX,0.5,-5.243307782877926
0,2018-10-30,momentum,5,0.2,,0.0,0.0
0,2018-11-29,momentum,5,0.2,,0.0,0.0
0,2019-01-02,momentum,5,0.2,,0.0,0.0
0,2019-02-01,momentum,5,0.2,,0.0,0.0
0,2019-03-05,momentum,5,0.2,MDB OKTA AMD RUN LLY,0.5,-0.6588393698726103
0,2019-04-03,momentum,5,0.2,AMD MDB ZS OKTA IRDM,0.5,-0.012841432092869365
0,2019-05-03,momentum,5,0.2,MDB AMD ZS IRDM ENPH,0.5,2.729041859712522
0,2019-06-04,momentum,5,0.2,MDB ENPH ZS AMD OKTA,0.5,4.415262030137335
0,2019-07-03,momentum,5,0.2,MDB ENPH OKTA KTOS AMD,0.5,2.162596557973684
0,2019-08-02,momentum,5,0.2,ENPH MDB OKTA ZS KTOS,0.5,2.6804543572952477
0,2019-09-03,momentum,5,0.2,ENPH OKTA MDB ZS SBUX,0.5,-6.031631343940591
0,2019-10-02,momentum,5,0.2,ENPH SEDG OKTA SBUX KLAC,0.5,3.0228091735479135
0,2019-10-31,momentum,5,0.2,ENPH SEDG OKTA KLAC TER,0.5,-1.5904566934148767
0,2019-12-02,momentum,5,0.2,ENPH SEDG LRCX KLAC OKTA,0.5,1.6382914186031883
0,2020-01-02,momentum,5,0.2,ENPH CRSP SEDG AMD TER,0.5,1.9423506672481272
0,2020-02-03,momentum,5,0.2,ENPH SEDG AMD TER CRSP,0.5,2.694665121259532
0,2020-03-04,momentum,5,0.2,ENPH TSLA SEDG AMD LRCX,0.5,-6.617796940385389
0,2020-04-02,momentum,5,0.2,,0.0,0.0
0,2020-05-04,momentum,5,0.2,ENPH TSLA SEDG AMD REGN,0.5,4.6008327200950605
0,2020-06-03,momentum,5,0.2,TSLA ENPH MRNA NVDA SEDG,0.5,1.042208701380165
0,2020-07-02,momentum,5,0.2,MRNA TSLA ENPH SEDG NVDA,0.5,5.511672983563987
0,2020-08-03,momentum,5,0.2,TSLA MRNA NVDA SEDG REGN,0.5,-0.7407106166822719
0,2020-09-01,momentum,5,0.2,TSLA MRNA RUN NVDA AMD,0.5,-6.649340502630396
0,2020-10-01,momentum,5,0.2,TSLA MRNA RUN ENPH ZS,0.5,2.6083010830945996
0,2020-10-30,momentum,5,0.2,TSLA RUN ENPH MRNA ZS,0.5,5.7037611671307165
0,2020-12-01,momentum,5,0.2,TSLA ENPH RUN MRNA TWST,0.5,6.851780038034172
0,2020-12-31,momentum,5,0.2,MRNA TSLA TWST RUN ENPH,0.5,9.899065412878327
0,2021-02-02,momentum,5,0.2,TWST PACB ENPH MRNA TSLA,0.5,1.3145051045974743
0,2021-03-04,momentum,5,0.2,PACB TWST TSLA MRNA MSTR,0.5,8.19127157291133
0,2021-04-05,momentum,5,0.2,PACB TSLA MSTR FCX ENPH,0.5,-1.803202199456988
0,2021-05-04,momentum,5,0.2,PACB MSTR NTLA BEAM TSLA,0.5,-4.473931702208345
0,2021-06-03,momentum,5,0.2,PACB MSTR FCX UUUU NTLA,0.5,2.9382863217739086
0,2021-07-02,momentum,5,0.2,PACB UUUU MSTR FCX MRNA,0.5,-2.630918619935585
0,2021-08-03,momentum,5,0.2,PACB NTLA BEAM MSTR MP,0.5,4.8784226014532805
0,2021-09-01,momentum,5,0.2,NTLA MRNA PACB MSTR BEAM,0.5,-1.0147737503272691
0,2021-10-01,momentum,5,0.2,NTLA MRNA UUUU NET ALB,0.5,0.19838794969817553
0,2021-11-01,momentum,5,0.2,NTLA MRNA UUUU MSTR UEC,0.5,4.2896690293867445
0,2021-12-01,momentum,5,0.2,UUUU UEC NET FTNT CCJ,0.5,1.5377334332433268
0,2021-12-31,momentum,5,0.2,NVDA F NET FTNT UEC,0.5,-1.7157791323975768
0,2022-02-01,momentum,5,0.2,FTNT NUE NVDA F EOG,0.5,-0.9026516738268597
0,2022-03-03,momentum,5,0.2,,0.0,0.0
0,2022-04-01,momentum,5,0.2,,0.0,0.0
0,2022-05-03,momentum,5,0.2,,0.0,0.0
0,2022-06-02,momentum,5,0.2,,0.0,0.0
0,2022-07-05,momentum,5,0.2,,0.0,0.0
0,2022-08-03,momentum,5,0.2,,0.0,0.0
0,2022-09-01,momentum,5,0.2,,0.0,0.0
0,2022-10-03,momentum,5,0.2,,0.0,0.0
0,2022-11-01,momentum,5,0.2,,0.0,0.0
0,2022-12-01,momentum,5,0.2,,0.0,0.0
0,2023-01-03,momentum,5,0.2,,0.0,0.0
0,2023-02-02,momentum,5,0.2,FSLR CEG MPC IRDM LLY,0.5,-0.42229479159971994
0,2023-03-06,momentum,5,0.2,FSLR CEG VLO MPC ALB,0.5,-3.37579960058656
0,2023-04-04,momentum,5,0.2,FSLR MPC IRDM VLO XOM,0.5,0.4113812236153036
0,2023-05-04,momentum,5,0.2,FSLR NFLX IRDM PACB ANET,0.5,1.109499225233268
0,2023-06-05,momentum,5,0.2,FSLR PACB IRDM BIIB NFLX,0.5,1.0776961554829434
0,2023-07-06,momentum,5,0.2,FSLR NVDA PACB SYM VRT,0.5,4.54009014776211
0,2023-08-04,momentum,5,0.2,SYM PACB IONQ NVDA VRT,0.5,-4.864506937270585
0,2023-09-05,momentum,5,0.2,SYM NVDA VRT IONQ PLTR,0.5,-2.5062234244199955
0,2023-10-04,momentum,5,0.2,NVDA IONQ VRT SYM META,0.5,6.442368076706173
0,2023-11-02,momentum,5,0.2,NVDA META SYM IONQ VRT,0.5,-1.1914512104019614
0,2023-12-04,momentum,5,0.2,SYM VRT META NVDA PLTR,0.5,-0.20158085173764828
0,2024-01-04,momentum,5,0.2,SYM COIN IONQ MSTR VRT,0.5,-2.521050113162737
0,2024-02-05,momentum,5,0.2,VRT SYM MSTR NVDA CRWD,0.5,6.556593882109807
0,2024-03-06,momentum,5,0.2,VRT NVDA META CRWD DELL,0.5,-0.740508172991583
0,2024-04-05,momentum,5,0.2,VRT MSTR COIN NVDA PLTR,0.5,-1.5576167042377853
0,2024-05-06,momentum,5,0.2,VRT COIN MSTR VST NVDA,0.5,-0.8711237048548925
0,2024-06-05,momentum,5,0.2,VRT MSTR COIN VST DELL,0.5,-1.4717737731523073
0,2024-07-08,momentum,5,0.2,MSTR VRT VST COIN NVDA,0.5,1.70499706104712
0,2024-08-06,momentum,5,0.2,MSTR VST NVDA ASTS COIN,0.5,1.468523121442722
0,2024-09-05,momentum,5,0.2,ASTS MSTR VST NVDA TWST,0.5,2.672859144618167
0,2024-10-04,momentum,5,0.2,ASTS MSTR VST NVDA TWST,0.5,1.3518628512864117
0,2024-11-04,momentum,5,0.2,ASTS VST MSTR SMR NVDA,0.5,10.473505213383438
0,2024-12-04,momentum,5,0.2,SMR ASTS MSTR VST NVDA,0.5,-2.4600205519189067
0,2025-01-06,momentum,5,0.2,SMR MSTR LUNR ASTS PLTR,0.5,-7.678474534946755
0,2025-02-06,momentum,5,0.2,RGTI QBTS ASTS SMR MSTR,0.5,0.6539245320868137
0,2025-03-10,momentum,5,0.2,,0.0,0.0
0,2025-04-08,momentum,5,0.2,,0.0,0.0
0,2025-05-08,momentum,5,0.2,,0.0,0.0
0,2025-06-09,momentum,5,0.2,RGTI QBTS RKLB PLTR IONQ,0.5,-1.4364984779357104
0,2025-07-10,momentum,5,0.2,QBTS RGTI OKLO RKLB IONQ,0.5,10.74450746450939
0,2025-08-08,momentum,5,0.2,QBTS RGTI RKLB OKLO IONQ,0.5,-0.2260019642784994
0,2025-09-09,momentum,5,0.2,RGTI QBTS OKLO RKLB PLTR,0.5,6.70827861635479
0,2025-10-08,momentum,5,0.2,RGTI QBTS OKLO HOOD RKLB,0.5,7.64283641839989
0,2025-11-06,momentum,5,0.2,RGTI QBTS PL OKLO HOOD,0.5,-4.4804233994821026
0,2025-12-08,momentum,5,0.2,RGTI QBTS OKLO LEU QS,0.5,-7.750231995249301
0,2026-01-08,momentum,5,0.2,OKLO LEU HOOD ASTS MP,0.5,-0.6415953450084166
0,2026-02-09,momentum,5,0.2,UUUU PL LEU MU ASTS,0.5,-5.662483483928971
0,2026-03-11,momentum,5,0.2,PL UUUU RKLB MU UEC,0.5,-0.3855726433883988
0,2026-04-10,momentum,5,0.2,PL MU UUUU TER ASTS,0.5,2.913368125098237
0,2026-05-11,momentum,5,0.2,PL MU TER UUUU ASTS,0.5,-1.998760245918696
0,2026-06-10,momentum,5,0.2,MU PL TER RKLB AMD,0.5,3.015028524020824
0,2026-07-13,momentum,5,0.2,MU PL TER LRCX AMD,0.5,-6.163407841621382
0,2016-06-30,qqq,5,0.2,QQQ,0.5,1.2045849204925574
0,2016-08-01,qqq,5,0.2,QQQ,0.5,0.322870451149071
0,2016-08-30,qqq,5,0.2,QQQ,0.5,0.560413082613298
0,2016-09-29,qqq,5,0.2,QQQ,0.5,0.14505955517476465
0,2016-10-28,qqq,5,0.2,QQQ,0.5,-1.7472434283571925
0,2016-11-29,qqq,5,0.2,QQQ,0.5,-1.0259041645694689
0,2016-12-29,qqq,5,0.2,QQQ,0.5,0.728013810008199
0,2017-01-31,qqq,5,0.2,QQQ,0.5,0.23422599874454164
0,2017-03-02,qqq,5,0.2,QQQ,0.5,-0.04262051257365451
0,2017-03-31,qqq,5,0.2,QQQ,0.5,-0.295744479167781
0,2017-05-02,qqq,5,0.2,QQQ,0.5,0.33677943179668546
0,2017-06-01,qqq,5,0.2,QQQ,0.5,0.3313054497859236
0,2017-06-30,qqq,5,0.2,QQQ,0.5,0.04086211155971409
0,2017-08-01,qqq,5,0.2,QQQ,0.5,-0.16205183757113106
0,2017-08-30,qqq,5,0.2,QQQ,0.5,0.04115228924541636
0,2017-09-29,qqq,5,0.2,QQQ,0.5,0.5817890323644326
0,2017-10-30,qqq,5,0.2,QQQ,0.5,0.4645156206986911
0,2017-11-29,qqq,5,0.2,QQQ,0.5,-0.4260960466285546
0,2017-12-29,qqq,5,0.2,QQQ,0.5,1.8092742937146467
0,2018-01-31,qqq,5,0.2,QQQ,0.5,-2.442032794161453
0,2018-03-02,qqq,5,0.2,QQQ,0.5,2.301288309426064
0,2018-04-03,qqq,5,0.2,QQQ,0.5,2.1617951282223657
0,2018-05-02,qqq,5,0.2,QQQ,0.5,2.0325025268605135
0,2018-06-01,qqq,5,0.2,QQQ,0.5,0.26316425016557066
0,2018-07-02,qqq,5,0.2,QQQ,0.5,1.013452014219407
0,2018-08-01,qqq,5,0.2,QQQ,0.5,1.6450673526113402
0,2018-08-30,qqq,5,0.2,QQQ,0.5,-1.4587553416064436
0,2018-10-01,qqq,5,0.2,QQQ,0.5,-1.9670227157926545
0,2018-10-30,qqq,5,0.2,,0.0,0.0
0,2018-11-29,qqq,5,0.2,,0.0,0.0
0,2019-01-02,qqq,5,0.2,,0.0,0.0
0,2019-02-01,qqq,5,0.2,,0.0,0.0
0,2019-03-05,qqq,5,0.2,QQQ,0.5,0.17715339421895404
0,2019-04-03,qqq,5,0.2,QQQ,0.5,0.3452809374859145
0,2019-05-03,qqq,5,0.2,QQQ,0.5,-0.6467798967207838
0,2019-06-04,qqq,5,0.2,QQQ,0.5,1.8273790072174778
0,2019-07-03,qqq,5,0.2,QQQ,0.5,0.5011059103793514
0,2019-08-02,qqq,5,0.2,QQQ,0.5,0.7325592438008011
0,2019-09-03,qqq,5,0.2,QQQ,0.5,0.7520110941442892
0,2019-10-02,qqq,5,0.2,QQQ,0.5,0.7677890646597962
0,2019-10-31,qqq,5,0.2,QQQ,0.5,0.5303675950174558
0,2019-12-02,qqq,5,0.2,QQQ,0.5,0.8621544557709582
0,2020-01-02,qqq,5,0.2,QQQ,0.5,1.2312424661181653
0,2020-02-03,qqq,5,0.2,QQQ,0.5,1.3500401089762137
0,2020-03-04,qqq,5,0.2,QQQ,0.5,-4.198599218883214
0,2020-04-02,qqq,5,0.2,,0.0,0.0
0,2020-05-04,qqq,5,0.2,QQQ,0.5,2.0641757446378195
0,2020-06-03,qqq,5,0.2,QQQ,0.5,1.9883248842789136
0,2020-07-02,qqq,5,0.2,QQQ,0.5,1.564412995405684
0,2020-08-03,qqq,5,0.2,QQQ,0.5,0.1692316086530088
0,2020-09-01,qqq,5,0.2,QQQ,0.5,-4.279095498769259
0,2020-10-01,qqq,5,0.2,QQQ,0.5,0.8745207399941446
0,2020-10-30,qqq,5,0.2,QQQ,0.5,4.077854102211775
0,2020-12-01,qqq,5,0.2,QQQ,0.5,0.8972769607464404
0,2020-12-31,qqq,5,0.2,QQQ,0.5,0.520853541046562
0,2021-02-02,qqq,5,0.2,QQQ,0.5,0.4583794989729384
0,2021-03-04,qqq,5,0.2,QQQ,0.5,1.7282406214635504
0,2021-04-05,qqq,5,0.2,QQQ,0.5,0.7963316983479407
0,2021-05-04,qqq,5,0.2,QQQ,0.5,-1.1422096404694715
0,2021-06-03,qqq,5,0.2,QQQ,0.5,1.1782320369579047
0,2021-07-02,qqq,5,0.2,QQQ,0.5,0.3390033927630931
0,2021-08-03,qqq,5,0.2,QQQ,0.5,-0.09037754480746285
0,2021-09-01,qqq,5,0.2,QQQ,0.5,-0.42650656482045024
0,2021-10-01,qqq,5,0.2,QQQ,0.5,0.26754274093019337
0,2021-11-01,qqq,5,0.2,QQQ,0.5,1.3527177991139228
0,2021-12-01,qqq,5,0.2,QQQ,0.5,1.6863108604061594
0,2021-12-31,qqq,5,0.2,QQQ,0.5,-2.4995699688898587
0,2022-02-01,qqq,5,0.2,QQQ,0.5,-1.5358005404855546
0,2022-03-03,qqq,5,0.2,,0.0,0.0
0,2022-04-01,qqq,5,0.2,,0.0,0.0
0,2022-05-03,qqq,5,0.2,,0.0,0.0
0,2022-06-02,qqq,5,0.2,,0.0,0.0
0,2022-07-05,qqq,5,0.2,,0.0,0.0
0,2022-08-03,qqq,5,0.2,,0.0,0.0
0,2022-09-01,qqq,5,0.2,,0.0,0.0
0,2022-10-03,qqq,5,0.2,,0.0,0.0
0,2022-11-01,qqq,5,0.2,,0.0,0.0
0,2022-12-01,qqq,5,0.2,,0.0,0.0
0,2023-01-03,qqq,5,0.2,,0.0,0.0
0,2023-02-02,qqq,5,0.2,QQQ,0.5,-0.6333638002616215
0,2023-03-06,qqq,5,0.2,QQQ,0.5,-1.6597482089283355
0,2023-04-04,qqq,5,0.2,QQQ,0.5,-0.893655975603358
0,2023-05-04,qqq,5,0.2,QQQ,0.5,1.1112936216831404
0,2023-06-05,qqq,5,0.2,QQQ,0.5,0.7747660692110081
0,2023-07-06,qqq,5,0.2,QQQ,0.5,1.519815082591891
0,2023-08-04,qqq,5,0.2,QQQ,0.5,-1.1195826483304971
0,2023-09-05,qqq,5,0.2,QQQ,0.5,-0.6937609140724499
0,2023-10-04,qqq,5,0.2,QQQ,0.5,1.4925185167639077
0,2023-11-02,qqq,5,0.2,QQQ,0.5,0.627902353642229
0,2023-12-04,qqq,5,0.2,QQQ,0.5,1.3449535764335163
0,2024-01-04,qqq,5,0.2,QQQ,0.5,1.5237960939620265
0,2024-02-05,qqq,5,0.2,QQQ,0.5,0.5656519658506776
0,2024-03-06,qqq,5,0.2,QQQ,0.5,-0.3446514381794108
0,2024-04-05,qqq,5,0.2,QQQ,0.5,-0.4548705394127661
0,2024-05-06,qqq,5,0.2,QQQ,0.5,0.16958825144055556
0,2024-06-05,qqq,5,0.2,QQQ,0.5,0.967497595083544
0,2024-07-08,qqq,5,0.2,QQQ,0.5,-0.3719683465301382
0,2024-08-06,qqq,5,0.2,QQQ,0.5,1.6983305515318792
0,2024-09-05,qqq,5,0.2,QQQ,0.5,1.2973840012713511
0,2024-10-04,qqq,5,0.2,QQQ,0.5,0.7194465192580379
0,2024-11-04,qqq,5,0.2,QQQ,0.5,2.584383965220427
0,2024-12-04,qqq,5,0.2,QQQ,0.5,0.5303890673273637
0,2025-01-06,qqq,5,0.2,QQQ,0.5,-2.04713952340001
0,2025-02-06,qqq,5,0.2,QQQ,0.5,0.44227140913348784
0,2025-03-10,qqq,5,0.2,,0.0,0.0
0,2025-04-08,qqq,5,0.2,,0.0,0.0
0,2025-05-08,qqq,5,0.2,,0.0,0.0
0,2025-06-09,qqq,5,0.2,QQQ,0.5,0.19319668113291222
0,2025-07-10,qqq,5,0.2,QQQ,0.5,0.6666828650565115
0,2025-08-08,qqq,5,0.2,QQQ,0.5,0.13020903119267402
0,2025-09-09,qqq,5,0.2,QQQ,0.5,0.5360915549294631
0,2025-10-08,qqq,5,0.2,QQQ,0.5,-0.8555656302806858
0,2025-11-06,qqq,5,0.2,QQQ,0.5,-0.09251462171955271
0,2025-12-08,qqq,5,0.2,QQQ,0.5,-1.0986857051341392
0,2026-01-08,qqq,5,0.2,QQQ,0.5,-0.07018387528443526
0,2026-02-09,qqq,5,0.2,QQQ,0.5,-1.236079365962639
0,2026-03-11,qqq,5,0.2,QQQ,0.5,-0.7505973927021126
0,2026-04-10,qqq,5,0.2,QQQ,0.5,3.1234480042257484
0,2026-05-11,qqq,5,0.2,QQQ,0.5,-0.26477250570663413
0,2026-06-10,qqq,5,0.2,QQQ,0.5,1.5570401806431766
0,2026-07-13,qqq,5,0.2,QQQ,0.5,-1.773812407995179
0,2016-06-30,high,5,0.5,ADP BSX CB CVX DHR,0.5,6.510804026307637
0,2016-08-01,high,5,0.5,AMZN BLK BSX DHR GOOGL,0.5,-0.1486316790103137
0,2016-08-30,high,5,0.5,APD BLK BRK-B JPM LHX,0.5,-0.08051915398450404
0,2016-09-29,high,5,0.5,ACN AMZN BKNG CAT NVDA,0.5,-0.2404373980986918
0,2016-10-28,high,5,0.5,MA NOC TER JPM DE,0.5,-1.2297539281218683
0,2016-11-29,high,5,0.5,ACN ADP AMAT GD HPE,0.5,-0.5275552892567204
0,2016-12-29,high,5,0.5,ADP T DE CB ZTS,0.5,-0.14020696040309977
0,2017-01-31,high,5,0.5,DHR GEN HUBB NOW ZTS,0.5,0.04011395845853194
0,2017-03-02,high,5,0.5,ABT ALB AVGO BKNG CGNX,0.5,0.05173966388716256
0,2017-03-31,high,5,0.5,ADBE AMZN CGNX DIS FTNT,0.5,-0.582773497827882
0,2017-05-02,high,5,0.5,AAPL ABBNY ABBV AMAT ANET,0.5,0.6153290568228664
0,2017-06-01,high,5,0.5,ABBNY ABT ACN AMAT ANET,0.5,0.601215791719456
0,2017-06-30,high,5,0.5,AXP DHI PHM CAT C,0.5,0.7685222243124512
0,2017-08-01,high,5,0.5,ACN APD C CB CGNX,0.5,-0.7626850134228813
0,2017-08-30,high,5,0.5,AAPL ADBE ANET BMY CAT,0.5,-0.08273410176413698
0,2017-09-29,high,5,0.5,ALB AMAT ASML AVAV AXP,0.5,-0.18793933470728774
0,2017-10-30,high,5,0.5,AAPL ACN AMZN ANET AVGO,0.5,1.3244688778465186
0,2017-11-29,high,5,0.5,AXP BAC BLK BRK-B CI,0.5,0.28188126295933813
0,2017-12-29,high,5,0.5,ABBNY APD LOW PEP RIO,0.5,0.44329586523099707
0,2018-01-31,high,5,0.5,ADP AMZN CB CRM FTNT,0.5,-2.045456543049018
0,2018-03-02,high,5,0.5,CRM CRSP NFLX NOW PANW,0.5,3.717473873154842
0,2018-04-03,high,5,0.5,RUN COP NEE LHX MPC,0.5,-0.05315956553976209
0,2018-05-02,high,5,0.5,CCJ MA OKTA PANW VLO,0.5,1.9600942449422787
0,2018-06-01,high,5,0.5,AAPL ADBE ADP AMZN FTNT,0.5,0.12027332899129384
0,2018-07-02,high,5,0.5,CRM DELL NEE RUN AVAV,0.5,1.171454261572924
0,2018-08-01,high,5,0.5,AAPL MDT PFE LLY PLD,0.5,1.0346928693149904
0,2018-08-30,high,5,0.5,AAPL AMGN AMZN COP COST,0.5,-0.829491360357093
0,2018-10-01,high,5,0.5,ABT ADBE ADP BSX COP,0.5,-2.0902120236815036
0,2018-10-30,high,5,0.5,,0.0,0.0
0,2018-11-29,high,5,0.5,,0.0,0.0
0,2019-01-02,high,5,0.5,,0.0,0.0
0,2019-02-01,high,5,0.5,,0.0,0.0
0,2019-03-05,high,5,0.5,MRK NEE SBUX ZTS LLY,0.5,-0.8099243061803874
0,2019-04-03,high,5,0.5,ACN ANET APD DELL INTU,0.5,-0.20144478454435788
0,2019-05-03,high,5,0.5,APD AXP DELL DHR ENPH,0.5,0.23573651052306577
0,2019-06-04,high,5,0.5,AON APD KO KTOS LHX,0.5,-0.34633776067154454
0,2019-07-03,high,5,0.5,ABT ACN ADBE AON APD,0.5,0.037667776677485776
0,2019-08-02,high,5,0.5,SO ZTS DHI NEE T,0.5,1.4485915617238554
0,2019-09-03,high,5,0.5,DUK KLAC KO LMT MLM,0.5,-0.9908522290245858
0,2019-10-02,high,5,0.5,LEN PHM SO DUK NEE,0.5,0.5349896969643053
0,2019-10-31,high,5,0.5,AMGN BMY MRK NEE SO,0.5,-1.6174880679678538
0,2019-12-02,high,5,0.5,BAC JPM AMGN DHR MRK,0.5,0.8538273635558369
0,2020-01-02,high,5,0.5,AAPL ABBNY ADBE AMAT AMD,0.5,0.9637242319366468
0,2020-02-03,high,5,0.5,ADBE AON DUK MSFT NOW,0.5,0.5307109987660485
0,2020-03-04,high,5,0.5,GILD NEE NVR DUK ZTS,0.5,-4.819345333528657
0,2020-04-02,high,5,0.5,,0.0,0.0
0,2020-05-04,high,5,0.5,OKTA MRNA VRTX GILD TMO,0.5,5.323657079406785
0,2020-06-03,high,5,0.5,ASML DHR KLAC LOW NKE,0.5,0.155942034461809
0,2020-07-02,high,5,0.5,ADBE AMGN AMZN ASML CRSP,0.5,1.8994782771737606
0,2020-08-03,high,5,0.5,AAPL ACN CGNX COST CRM,0.5,0.10897865892178782
0,2020-09-01,high,5,0.5,AAPL ALB AMD AMZN APD,0.5,-3.9132929876988243
0,2020-10-01,high,5,0.5,DDOG DHI ENPH LEN PACB,0.5,3.966241500620127
0,2020-10-30,high,5,0.5,SQM PWR TMO NEE DHR,0.5,2.752496709810104
0,2020-12-01,high,5,0.5,ACN AMAT ASML AVGO BLK,0.5,1.4082053363511537
0,2020-12-31,high,5,0.5,ABBNY AVGO BLK DIS GS,0.5,1.4772980179175388
0,2021-02-02,high,5,0.5,AVGO FTNT GOOGL MSTR NOW,0.5,8.208374660377027
0,2021-03-04,high,5,0.5,AXP BAC MPC SCHW EMR,0.5,0.20561192507122517
0,2021-04-05,high,5,0.5,ABBNY ACN ADP AMAT AON,0.5,-0.4375913211554505
0,2021-05-04,high,5,0.5,AON BLK BRK-B CAT CI,0.5,0.19443001959722483
0,2021-06-03,high,5,0.5,ANET AXP BAC COP EMR,0.5,-0.05970950553405574
0,2021-07-02,high,5,0.5,ACN ADBE ADP BLK BMY,0.5,0.4671947292319789
0,2021-08-03,high,5,0.5,ABBNY ADP ALB AMD AON,0.5,0.8195988053179226
0,2021-09-01,high,5,0.5,ABT ACN ALB AON ASML,0.5,0.10679930922492531
0,2021-10-01,high,5,0.5,COP DELL JPM MPC MRK,0.5,0.258672590568354
0,2021-11-01,high,5,0.5,ABT ALB AMD COST CRM,0.5,2.890102201934308
0,2021-12-01,high,5,0.5,LRCX NVR PFE AAPL NEE,0.5,1.898440231101417
0,2021-12-31,high,5,0.5,ITW LIN MDLZ NEE PEP,0.5,-0.9533024682142455
0,2022-02-01,high,5,0.5,COP EOG OXY UPS VLO,0.5,-0.038690480973258
0,2022-03-03,high,5,0.5,,0.0,0.0
0,2022-04-01,high,5,0.5,,0.0,0.0
0,2022-05-03,high,5,0.5,,0.0,0.0
0,2022-06-02,high,5,0.5,,0.0,0.0
0,2022-07-05,high,5,0.5,,0.0,0.0
0,2022-08-03,high,5,0.5,,0.0,0.0
0,2022-09-01,high,5,0.5,,0.0,0.0
0,2022-10-03,high,5,0.5,,0.0,0.0
0,2022-11-01,high,5,0.5,,0.0,0.0
0,2022-12-01,high,5,0.5,,0.0,0.0
0,2023-01-03,high,5,0.5,,0.0,0.0
0,2023-02-02,high,5,0.5,BSX DHI NUE SYK URI,0.5,-1.8960835819780475
0,2023-03-06,high,5,0.5,AVGO FSLR PGR PWR ROK,0.5,-2.5059619426069824
0,2023-04-04,high,5,0.5,BSX MCD MDLZ ORCL SYK,0.5,0.0664403397861113
0,2023-05-04,high,5,0.5,BIIB PEP VRTX MDLZ MSFT,0.5,0.18902658214952073
0,2023-06-05,high,5,0.5,CCJ FTNT ISRG LLY MLM,0.5,-0.07293447489916671
0,2023-07-06,high,5,0.5,VST BRK-B V MA MSTR,0.5,2.7103103746357826
0,2023-08-04,high,5,0.5,BKNG CEG MPC VRT VST,0.5,1.2039619476088559
0,2023-09-05,high,5,0.5,ADBE ANET IBM INTU LLY,0.5,-0.4275803041726256
0,2023-10-04,high,5,0.5,COST GOOGL WMT VRTX LIN,0.5,0.2460081338340414
0,2023-11-02,high,5,0.5,ANET CCJ CEG KTOS VRTX,0.5,-0.9676430615753628
0,2023-12-04,high,5,0.5,AVAV CCJ COIN COST CRWD,0.5,-0.7983381820481861
0,2024-01-04,high,5,0.5,AMGN BSX C JPM VRTX,0.5,-0.007468787655673381
0,2024-02-05,high,5,0.5,ABBV ASML BKNG BRK-B CAT,0.5,0.7356424198303069
0,2024-03-06,high,5,0.5,ABBV ABNB AMAT AMD ASML,0.5,-2.2718080989715728
0,2024-04-05,high,5,0.5,AMZN CAT CEG COP DELL,0.5,-2.133845564319392
0,2024-05-06,high,5,0.5,CCJ CEG DUK GS MS,0.5,0.7591598532481258
0,2024-06-05,high,5,0.5,AMAT AVAV COST DHR GEN,0.5,0.9068595987530736
0,2024-07-08,high,5,0.5,AAPL ANET ASML C KLAC,0.5,-0.5358588149833254
0,2024-08-06,high,5,0.5,DUK PG LMT T KO,0.5,0.30510705430468743
0,2024-09-05,high,5,0.5,SO SPGI T DUK PG,0.5,-0.07838329201041994
0,2024-10-04,high,5,0.5,ADP ANET AXP BSX CAT,0.5,1.0243162999939104
0,2024-11-04,high,5,0.5,BKNG GILD ILMN V NOW,0.5,2.840245823174614
0,2024-12-04,high,5,0.5,AAPL AMZN BKNG C COIN,0.5,-0.33689891697967767
0,2025-01-06,high,5,0.5,ANET C GOOGL IONQ KTOS,0.5,-4.341781142593215
0,2025-02-06,high,5,0.5,ADP BAC BSX C COST,0.5,-0.19067141072344196
0,2025-03-10,high,5,0.5,,0.0,0.0
0,2025-04-08,high,5,0.5,,0.0,0.0
0,2025-05-08,high,5,0.5,,0.0,0.0
0,2025-06-09,high,5,0.5,IBM KTOS LEU MP MSFT,0.5,4.024554502410327
0,2025-07-10,high,5,0.5,BLK COIN EMR GEV HOOD,0.5,2.071882503178979
0,2025-08-08,high,5,0.5,AVGO BLK GILD HOOD JNJ,0.5,-0.1801258410681461
0,2025-09-09,high,5,0.5,C GOOGL GS HOOD MDT,0.5,0.600396404603476
0,2025-10-08,high,5,0.5,ANET ASTS AVAV CAT CEG,0.5,1.5452180963887896
0,2025-11-06,high,5,0.5,CWEN DDOG GOOGL LLY MU,0.5,1.05529384355314
0,2025-12-08,high,5,0.5,C GS MDB MS TER,0.5,0.16237228075155485
0,2026-01-08,high,5,0.5,F GM GOOGL HII LHX,0.5,0.6213519839193937
0,2026-02-09,high,5,0.5,ABBNY C CAT COP CVX,0.5,-0.663302383458575
0,2026-03-11,high,5,0.5,CVX MPC OXY VLO VRT,0.5,1.0275895237770838
0,2026-04-10,high,5,0.5,AMAT APD BEP CAT CWEN,0.5,-0.9068107866098019
0,2026-05-11,high,5,0.5,ABBNY AMAT AMD APD CGNX,0.5,-2.713581379509733
0,2026-06-10,high,5,0.5,KO TJX CVS KLAC AMAT,0.5,1.3403308865033825
0,2026-07-13,high,5,0.5,AAPL CVS ELV KO MPC,0.5,-0.7137442068442246
0,2016-06-30,momentum,5,0.5,NVDA AMD AMZN ALB HII,0.5,1.7420761542110696
0,2016-08-01,momentum,5,0.5,AMD NVDA ALB HII KLAC,0.5,-0.21170634554004142
0,2016-08-30,momentum,5,0.5,AMD NVDA DHR ALB AMAT,0.5,-1.0900707635982831
0,2016-09-29,momentum,5,0.5,AMD NVDA AMAT DHR ALB,0.5,0.22139962165104166
0,2016-10-28,momentum,5,0.5,AMD NVDA AMAT DHR ALB,0.5,-1.9173570263460893
0,2016-11-29,momentum,5,0.5,AMD NVDA DHR GEN ALB,0.5,-0.12836411634000733
0,2016-12-29,momentum,5,0.5,AMD NVDA FCX CGNX DHR,0.5,-0.25295275947685436
0,2017-01-31,momentum,5,0.5,AMD NVDA FCX URI CGNX,0.5,2.07298607199331
0,2017-03-02,momentum,5,0.5,AMD NVDA URI MU DHR,0.5,-0.9024292562997416
0,2017-03-31,momentum,5,0.5,AMD NVDA MU URI CGNX,0.5,-2.170100268837538
0,2017-05-02,momentum,5,0.5,AMD NVDA MU CGNX ANET,0.5,0.33453468157325084
0,2017-06-01,momentum,5,0.5,AMD NVDA MU CGNX XYZ,0.5,4.093365872366972
0,2017-06-30,momentum,5,0.5,NVDA XYZ ANET MU CGNX,0.5,0.9816660051057413
0,2017-08-01,momentum,5,0.5,NVDA XYZ MU ANET CGNX,0.5,0.6638384358826466
0,2017-08-30,momentum,5,0.5,NVDA XYZ CGNX NFLX ANET,0.5,-0.22803272184303003
0,2017-09-29,momentum,5,0.5,NVDA STLA XYZ ANET CGNX,0.5,0.987616934888047
0,2017-10-30,momentum,5,0.5,XYZ NVDA STLA MU ANET,0.5,1.5794709574146637
0,2017-11-29,momentum,5,0.5,XYZ SEDG STLA SQM NVDA,0.5,-2.0254373760538624
0,2017-12-29,momentum,5,0.5,SEDG XYZ ANET CGNX NVR,0.5,4.003930071750261
0,2018-01-31,momentum,5,0.5,SEDG ANET XYZ FSLR SQM,0.5,-2.2291372468425052
0,2018-03-02,momentum,5,0.5,XYZ NVDA SEDG ANET STLA,0.5,3.7031178588600833
0,2018-04-03,momentum,5,0.5,SEDG XYZ FSLR CRSP NVDA,0.5,3.592544364455774
0,2018-05-02,momentum,5,0.5,SEDG CRSP XYZ FSLR NVDA,0.5,4.048313832893946
0,2018-06-01,momentum,5,0.5,CRSP SEDG XYZ STLA NFLX,0.5,0.1536545490867569
0,2018-07-02,momentum,5,0.5,ENPH CRSP SEDG XYZ OKTA,0.5,1.0789158024564038
0,2018-08-01,momentum,5,0.5,ENPH CRSP XYZ OKTA NFLX,0.5,1.8093152058034745
0,2018-08-30,momentum,5,0.5,XYZ CRSP RUN OKTA NFLX,0.5,-0.11157345844042821
0,2018-10-01,momentum,5,0.5,XYZ FTNT OKTA AMZN NFLX,0.5,-5.377377090740765
0,2018-10-30,momentum,5,0.5,,0.0,0.0
0,2018-11-29,momentum,5,0.5,,0.0,0.0
0,2019-01-02,momentum,5,0.5,,0.0,0.0
0,2019-02-01,momentum,5,0.5,,0.0,0.0
0,2019-03-05,momentum,5,0.5,MDB OKTA AMD RUN LLY,0.5,-0.8066415180461028
0,2019-04-03,momentum,5,0.5,AMD MDB ZS OKTA IRDM,0.5,-0.16257867627341716
0,2019-05-03,momentum,5,0.5,MDB AMD ZS IRDM ENPH,0.5,2.571091265148717
0,2019-06-04,momentum,5,0.5,MDB ENPH ZS AMD OKTA,0.5,4.2522603390792835
0,2019-07-03,momentum,5,0.5,MDB ENPH OKTA KTOS AMD,0.5,2.0063427583646654
0,2019-08-02,momentum,5,0.5,ENPH MDB OKTA ZS KTOS,0.5,2.5226493072857403
0,2019-09-03,momentum,5,0.5,ENPH OKTA MDB ZS SBUX,0.5,-6.1633392173683355
0,2019-10-02,momentum,5,0.5,ENPH SEDG OKTA SBUX KLAC,0.5,2.8639785948189056
0,2019-10-31,momentum,5,0.5,ENPH SEDG OKTA KLAC TER,0.5,-1.735468168650467
0,2019-12-02,momentum,5,0.5,ENPH SEDG LRCX KLAC OKTA,0.5,1.4836081824934233
0,2020-01-02,momentum,5,0.5,ENPH CRSP SEDG AMD TER,0.5,1.786756617336116
0,2020-02-03,momentum,5,0.5,ENPH SEDG AMD TER CRSP,0.5,2.536817502704536
0,2020-03-04,momentum,5,0.5,ENPH TSLA SEDG AMD LRCX,0.5,-6.747748946435184
0,2020-04-02,momentum,5,0.5,,0.0,0.0
0,2020-05-04,momentum,5,0.5,ENPH TSLA SEDG AMD REGN,0.5,4.437275149396891
0,2020-06-03,momentum,5,0.5,TSLA ENPH MRNA NVDA SEDG,0.5,0.889311039524654
0,2020-07-02,momentum,5,0.5,MRNA TSLA ENPH SEDG NVDA,0.5,5.345386977906741
0,2020-08-03,momentum,5,0.5,TSLA MRNA NVDA SEDG REGN,0.5,-0.8882675183719435
0,2020-09-01,momentum,5,0.5,TSLA MRNA RUN NVDA AMD,0.5,-6.779198019491006
0,2020-10-01,momentum,5,0.5,TSLA MRNA RUN ENPH ZS,0.5,2.4507121692438183
0,2020-10-30,momentum,5,0.5,TSLA RUN ENPH MRNA ZS,0.5,5.536899758588598
0,2020-12-01,momentum,5,0.5,TSLA ENPH RUN MRNA TWST,0.5,6.6814797226423694
0,2020-12-31,momentum,5,0.5,MRNA TSLA TWST RUN ENPH,0.5,9.719636910821539
0,2021-02-02,momentum,5,0.5,TWST PACB ENPH MRNA TSLA,0.5,1.1607917749947516
0,2021-03-04,momentum,5,0.5,PACB TWST TSLA MRNA MSTR,0.5,8.01695879158264
0,2021-04-05,momentum,5,0.5,PACB TSLA MSTR FCX ENPH,0.5,-1.9475763925045242
0,2021-05-04,momentum,5,0.5,PACB MSTR NTLA BEAM TSLA,0.5,-4.610305687059412
0,2021-06-03,momentum,5,0.5,PACB MSTR FCX UUUU NTLA,0.5,2.779708932449121
0,2021-07-02,momentum,5,0.5,PACB UUUU MSTR FCX MRNA,0.5,-2.772813376677552
0,2021-08-03,momentum,5,0.5,PACB NTLA BEAM MSTR MP,0.5,4.714033506318893
0,2021-09-01,momentum,5,0.5,NTLA MRNA PACB MSTR BEAM,0.5,-1.161509692003626
0,2021-10-01,momentum,5,0.5,NTLA MRNA UUUU NET ALB,0.5,0.048017964901325705
0,2021-11-01,momentum,5,0.5,NTLA MRNA UUUU MSTR UEC,0.5,4.12704355394804
0,2021-12-01,momentum,5,0.5,UUUU UEC NET FTNT CCJ,0.5,1.3833514200084274
0,2021-12-31,momentum,5,0.5,NVDA F NET FTNT UEC,0.5,-1.8604152024854215
0,2022-02-01,momentum,5,0.5,FTNT NUE NVDA F EOG,0.5,-1.0497234787774756
0,2022-03-03,momentum,5,0.5,,0.0,0.0
0,2022-04-01,momentum,5,0.5,,0.0,0.0
0,2022-05-03,momentum,5,0.5,,0.0,0.0
0,2022-06-02,momentum,5,0.5,,0.0,0.0
0,2022-07-05,momentum,5,0.5,,0.0,0.0
0,2022-08-03,momentum,5,0.5,,0.0,0.0
0,2022-09-01,momentum,5,0.5,,0.0,0.0
0,2022-10-03,momentum,5,0.5,,0.0,0.0
0,2022-11-01,momentum,5,0.5,,0.0,0.0
0,2022-12-01,momentum,5,0.5,,0.0,0.0
0,2023-01-03,momentum,5,0.5,,0.0,0.0
0,2023-02-02,momentum,5,0.5,FSLR CEG MPC IRDM LLY,0.5,-0.5708055124205025
0,2023-03-06,momentum,5,0.5,FSLR CEG VLO MPC ALB,0.5,-3.5154630557606814
0,2023-04-04,momentum,5,0.5,FSLR MPC IRDM VLO XOM,0.5,0.26037321443819206
0,2023-05-04,momentum,5,0.5,FSLR NFLX IRDM PACB ANET,0.5,0.9563999936568424
0,2023-06-05,momentum,5,0.5,FSLR PACB IRDM BIIB NFLX,0.5,0.9246921904541239
0,2023-07-06,momentum,5,0.5,FSLR NVDA PACB SYM VRT,0.5,4.376714532302972
0,2023-08-04,momentum,5,0.5,SYM PACB IONQ NVDA VRT,0.5,-4.99971094845203
0,2023-09-05,momentum,5,0.5,SYM NVDA VRT IONQ PLTR,0.5,-2.648491707392986
0,2023-10-04,momentum,5,0.5,NVDA IONQ VRT SYM META,0.5,6.2732941606653325
0,2023-11-02,momentum,5,0.5,NVDA META SYM IONQ VRT,0.5,-1.3376579122347687
0,2023-12-04,momentum,5,0.5,SYM VRT META NVDA PLTR,0.5,-0.35075272430327153
0,2024-01-04,momentum,5,0.5,SYM COIN IONQ MSTR VRT,0.5,-2.6632739825787954
0,2024-02-05,momentum,5,0.5,VRT SYM MSTR NVDA CRWD,0.5,6.387177801044852
0,2024-03-06,momentum,5,0.5,VRT NVDA META CRWD DELL,0.5,-0.888065681104222
0,2024-04-05,momentum,5,0.5,VRT MSTR COIN NVDA PLTR,0.5,-1.7027265521278534
0,2024-05-06,momentum,5,0.5,VRT COIN MSTR VST NVDA,0.5,-1.0182899522848121
0,2024-06-05,momentum,5,0.5,VRT MSTR COIN VST DELL,0.5,-1.6171407647629144
0,2024-07-08,momentum,5,0.5,MSTR VRT VST COIN NVDA,0.5,1.5501140072370578
0,2024-08-06,momentum,5,0.5,MSTR VST NVDA ASTS COIN,0.5,1.3143484286807894
0,2024-09-05,momentum,5,0.5,ASTS MSTR VST NVDA TWST,0.5,2.515076846176223
0,2024-10-04,momentum,5,0.5,ASTS MSTR VST NVDA TWST,0.5,1.1980376160223738
0,2024-11-04,momentum,5,0.5,ASTS VST MSTR SMR NVDA,0.5,10.292355968737166
0,2024-12-04,momentum,5,0.5,SMR ASTS MSTR VST NVDA,0.5,-2.6024272362533574
0,2025-01-06,momentum,5,0.5,SMR MSTR LUNR ASTS PLTR,0.5,-7.80524926618188
0,2025-02-06,momentum,5,0.5,RGTI QBTS ASTS SMR MSTR,0.5,0.5021899809808383
0,2025-03-10,momentum,5,0.5,,0.0,0.0
0,2025-04-08,momentum,5,0.5,,0.0,0.0
0,2025-05-08,momentum,5,0.5,,0.0,0.0
0,2025-06-09,momentum,5,0.5,RGTI QBTS RKLB PLTR IONQ,0.5,-1.581971137194671
0,2025-07-10,momentum,5,0.5,QBTS RGTI OKLO RKLB IONQ,0.5,10.562546428766883
0,2025-08-08,momentum,5,0.5,QBTS RGTI RKLB OKLO IONQ,0.5,-0.3751006830542858
0,2025-09-09,momentum,5,0.5,RGTI QBTS OKLO RKLB PLTR,0.5,6.538408161511833
0,2025-10-08,momentum,5,0.5,RGTI QBTS OKLO HOOD RKLB,0.5,7.470166482373886
0,2025-11-06,momentum,5,0.5,RGTI QBTS PL OKLO HOOD,0.5,-4.6167779383616825
0,2025-12-08,momentum,5,0.5,RGTI QBTS OKLO LEU QS,0.5,-7.876791775991887
0,2026-01-08,momentum,5,0.5,OKLO LEU HOOD ASTS MP,0.5,-0.7894491479035537
0,2026-02-09,momentum,5,0.5,UUUU PL LEU MU ASTS,0.5,-5.795297145019706
0,2026-03-11,momentum,5,0.5,PL UUUU RKLB MU UEC,0.5,-0.5341933659262277
0,2026-04-10,momentum,5,0.5,PL MU UUUU TER ASTS,0.5,2.7548653785858246
0,2026-05-11,momentum,5,0.5,PL MU TER UUUU ASTS,0.5,-2.142548642057718
0,2026-06-10,momentum,5,0.5,MU PL TER RKLB AMD,0.5,2.856221252338109
0,2026-07-13,momentum,5,0.5,MU PL TER LRCX AMD,0.5,-6.294720976676771
0,2016-06-30,qqq,5,0.5,QQQ,0.5,1.0512008583640986
0,2016-08-01,qqq,5,0.5,QQQ,0.5,0.1721275772492481
0,2016-08-30,qqq,5,0.5,QQQ,0.5,0.40895864638372803
0,2016-09-29,qqq,5,0.5,QQQ,0.5,-0.005150683658117217
0,2016-10-28,qqq,5,0.5,QQQ,0.5,-1.8917852466991403
0,2016-11-29,qqq,5,0.5,QQQ,0.5,-1.1726067649317273
0,2016-12-29,qqq,5,0.5,QQQ,0.5,0.5760573234168342
0,2017-01-31,qqq,5,0.5,QQQ,0.5,0.08374866056222174
0,2017-03-02,qqq,5,0.5,QQQ,0.5,-0.19226855309526503
0,2017-03-31,qqq,5,0.5,QQQ,0.5,-0.44463428324866827
0,2017-05-02,qqq,5,0.5,QQQ,0.5,0.18599489334762964
0,2017-06-01,qqq,5,0.5,QQQ,0.5,0.1805373087277795
0,2017-06-30,qqq,5,0.5,QQQ,0.5,-0.10903600234936084
0,2017-08-01,qqq,5,0.5,QQQ,0.5,-0.3113421198607025
0,2017-08-30,qqq,5,0.5,QQQ,0.5,-0.10874669389508984
0,2017-09-29,qqq,5,0.5,QQQ,0.5,0.43027056417344056
0,2017-10-30,qqq,5,0.5,QQQ,0.5,0.3133484466796732
0,2017-11-29,qqq,5,0.5,QQQ,0.5,-0.5745953807358428
0,2017-12-29,qqq,5,0.5,QQQ,0.5,1.6540788759715763
0,2018-01-31,qqq,5,0.5,QQQ,0.5,-2.584493361080009
0,2018-03-02,qqq,5,0.5,QQQ,0.5,2.1446190567037116
0,2018-04-03,qqq,5,0.5,QQQ,0.5,2.0055437293075684
0,2018-05-02,qqq,5,0.5,QQQ,0.5,1.876638425771282
0,2018-06-01,qqq,5,0.5,QQQ,0.5,0.11260022703969419
0,2018-07-02,qqq,5,0.5,QQQ,0.5,0.8606404934291323
0,2018-08-01,qqq,5,0.5,QQQ,0.5,1.4903638190949753
0,2018-08-30,qqq,5,0.5,QQQ,0.5,-1.604161330113829
0,2018-10-01,qqq,5,0.5,QQQ,0.5,-2.110906182154393
0,2018-10-30,qqq,5,0.5,,0.0,0.0
0,2018-11-29,qqq,5,0.5,,0.0,0.0
0,2019-01-02,qqq,5,0.5,,0.0,0.0
0,2019-02-01,qqq,5,0.5,,0.0,0.0
0,2019-03-05,qqq,5,0.5,QQQ,0.5,0.026847017834930043
0,2019-04-03,qqq,5,0.5,QQQ,0.5,0.19447093265567705
0,2019-05-03,qqq,5,0.5,QQQ,0.5,-0.7946181692175647
0,2019-06-04,qqq,5,0.5,QQQ,0.5,1.6721293565477247
0,2019-07-03,qqq,5,0.5,QQQ,0.5,0.3498291296273992
0,2019-08-02,qqq,5,0.5,QQQ,0.5,0.5805891412979047
0,2019-09-03,qqq,5,0.5,QQQ,0.5,0.5999827233471144
0,2019-10-02,qqq,5,0.5,QQQ,0.5,0.6157134307276158
0,2019-10-31,qqq,5,0.5,QQQ,0.5,0.37900316047310145
0,2019-12-02,qqq,5,0.5,QQQ,0.5,0.7097961489680893
0,2020-01-02,qqq,5,0.5,QQQ,0.5,1.0777785509327842
0,2020-02-03,qqq,5,0.5,QQQ,0.5,1.1962203337626764
0,2020-03-04,qqq,5,0.5,QQQ,0.5,-4.335797966102605
0,2020-04-02,qqq,5,0.5,,0.0,0.0
0,2020-05-04,qqq,5,0.5,QQQ,0.5,1.9082167659744353
0,2020-06-03,qqq,5,0.5,QQQ,0.5,1.8325931179461463
0,2020-07-02,qqq,5,0.5,QQQ,0.5,1.4099510631629952
0,2020-08-03,qqq,5,0.5,QQQ,0.5,0.018948962090270527
0,2020-09-01,qqq,5,0.5,QQQ,0.5,-4.4160531182377945
0,2020-10-01,qqq,5,0.5,QQQ,0.5,0.722125389811068
0,2020-10-30,qqq,5,0.5,QQQ,0.5,3.9158631213989104
0,2020-12-01,qqq,5,0.5,QQQ,0.5,0.7448134439805632
0,2020-12-31,qqq,5,0.5,QQQ,0.5,0.36951760598618044
0,2021-02-02,qqq,5,0.5,QQQ,0.5,0.30723070579381506
0,2021-03-04,qqq,5,0.5,QQQ,0.5,1.5732879412377887
0,2021-04-05,qqq,5,0.5,QQQ,0.5,0.6441705645507723
0,2021-05-04,qqq,5,0.5,QQQ,0.5,-1.2885638461251014
0,2021-06-03,qqq,5,0.5,QQQ,0.5,1.024926915266744
0,2021-07-02,qqq,5,0.5,QQQ,0.5,0.18821219240732212
0,2021-08-03,qqq,5,0.5,QQQ,0.5,-0.23988252846003366
0,2021-09-01,qqq,5,0.5,QQQ,0.5,-0.5750046692146626
0,2021-10-01,qqq,5,0.5,QQQ,0.5,0.11696560197296257
0,2021-11-01,qqq,5,0.5,QQQ,0.5,1.198890002841524
0,2021-12-01,qqq,5,0.5,QQQ,0.5,1.5314837813757753
0,2021-12-31,qqq,5,0.5,QQQ,0.5,-2.641858182383483
0,2022-02-01,qqq,5,0.5,QQQ,0.5,-1.68097573900432
0,2022-03-03,qqq,5,0.5,,0.0,0.0
0,2022-04-01,qqq,5,0.5,,0.0,0.0
0,2022-05-03,qqq,5,0.5,,0.0,0.0
0,2022-06-02,qqq,5,0.5,,0.0,0.0
0,2022-07-05,qqq,5,0.5,,0.0,0.0
0,2022-08-03,qqq,5,0.5,,0.0,0.0
0,2022-09-01,qqq,5,0.5,,0.0,0.0
0,2022-10-03,qqq,5,0.5,,0.0,0.0
0,2022-11-01,qqq,5,0.5,,0.0,0.0
0,2022-12-01,qqq,5,0.5,,0.0,0.0
0,2023-01-03,qqq,5,0.5,,0.0,0.0
0,2023-02-02,qqq,5,0.5,QQQ,0.5,-0.7812422608660774
0,2023-03-06,qqq,5,0.5,QQQ,0.5,-1.8045521204440584
0,2023-04-04,qqq,5,0.5,QQQ,0.5,-1.0407547272958784
0,2023-05-04,qqq,5,0.5,QQQ,0.5,0.9581890149666483
0,2023-06-05,qqq,5,0.5,QQQ,0.5,0.6226695355625145
0,2023-07-06,qqq,5,0.5,QQQ,0.5,1.365486744031097
0,2023-08-04,qqq,5,0.5,QQQ,0.5,-1.2660046334627806
0,2023-09-05,qqq,5,0.5,QQQ,0.5,-0.8414584542637993
0,2023-10-04,qqq,5,0.5,QQQ,0.5,1.338271945454128
0,2023-11-02,qqq,5,0.5,QQQ,0.5,0.4762457523417307
0,2023-12-04,qqq,5,0.5,QQQ,0.5,1.1911490380005274
0,2024-01-04,qqq,5,0.5,QQQ,0.5,1.3694558302250748
0,2024-02-05,qqq,5,0.5,QQQ,0.5,0.4141818364718386
0,2024-03-06,qqq,5,0.5,QQQ,0.5,-0.4933947407692485
0,2024-04-05,qqq,5,0.5,QQQ,0.5,-0.6032836791178164
0,2024-05-06,qqq,5,0.5,QQQ,0.5,0.01930453654928055
0,2024-06-05,qqq,5,0.5,QQQ,0.5,0.8148237314091311
0,2024-07-08,qqq,5,0.5,QQQ,0.5,-0.5206298209326388
0,2024-08-06,qqq,5,0.5,QQQ,0.5,1.5434674673458604
0,2024-09-05,qqq,5,0.5,QQQ,0.5,1.1437219581770686
0,2024-10-04,qqq,5,0.5,QQQ,0.5,0.5675156961078898
0,2024-11-04,qqq,5,0.5,QQQ,0.5,2.4268666954362583
0,2024-12-04,qqq,5,0.5,QQQ,0.5,0.37902456846243826
0,2025-01-06,qqq,5,0.5,QQQ,0.5,-2.1907829987255156
0,2025-02-06,qqq,5,0.5,QQQ,0.5,0.2911708679664837
0,2025-03-10,qqq,5,0.5,,0.0,0.0
0,2025-04-08,qqq,5,0.5,,0.0,0.0
0,2025-05-08,qqq,5,0.5,,0.0,0.0
0,2025-06-09,qqq,5,0.5,QQQ,0.5,0.04284224685484617
0,2025-07-10,qqq,5,0.5,QQQ,0.5,0.5149100961827191
0,2025-08-08,qqq,5,0.5,QQQ,0.5,-0.019956722684499884
0,2025-09-09,qqq,5,0.5,QQQ,0.5,0.3847099741818738
0,2025-10-08,qqq,5,0.5,QQQ,0.5,-1.0027784821441843
0,2025-11-06,qqq,5,0.5,QQQ,0.5,-0.24201320372784219
0,2025-12-08,qqq,5,0.5,QQQ,0.5,-1.245170287356867
0,2026-01-08,qqq,5,0.5,QQQ,0.5,-0.21974934936116464
0,2026-02-09,qqq,5,0.5,QQQ,0.5,-1.3821523835209626
0,2026-03-11,qqq,5,0.5,QQQ,0.5,-0.8981246784136587
0,2026-04-10,qqq,5,0.5,QQQ,0.5,2.964315960448616
0,2026-05-11,qqq,5,0.5,QQQ,0.5,-0.41375508677437
0,2026-06-10,qqq,5,0.5,QQQ,0.5,1.4026003337719528
0,2026-07-13,qqq,5,0.5,QQQ,0.5,-1.9182746385808969
0,2016-06-30,high,5,1.0,ADP BSX CB CVX DHR,0.5,6.228951115292247
0,2016-08-01,high,5,1.0,AMZN BLK BSX DHR GOOGL,0.5,-0.3972700327104284
0,2016-08-30,high,5,1.0,APD BLK BRK-B JPM LHX,0.5,-0.3294972252622874
0,2016-09-29,high,5,1.0,ACN AMZN BKNG CAT NVDA,0.5,-0.48861786220374404
0,2016-10-28,high,5,1.0,MA NOC TER JPM DE,0.5,-1.4730000836693513
0,2016-11-29,high,5,1.0,ACN ADP AMAT GD HPE,0.5,-0.774303726073855
0,2016-12-29,high,5,1.0,ADP T DE CB ZTS,0.5,-0.3888873331738041
0,2017-01-31,high,5,1.0,DHR GEN HUBB NOW ZTS,0.5,-0.20946578173005603
0,2017-03-02,high,5,1.0,ABT ALB AVGO BKNG CGNX,0.5,-0.19789806059261617
0,2017-03-31,high,5,1.0,ADBE AMZN CGNX DIS FTNT,0.5,-0.8292465286745099
0,2017-05-02,high,5,1.0,AAPL ABBNY ABBV AMAT ANET,0.5,0.36288037762826075
0,2017-06-01,high,5,1.0,ABBNY ABT ACN AMAT ANET,0.5,0.34883750375218625
0,2017-06-30,high,5,1.0,AXP DHI PHM CAT C,0.5,0.5153094798926228
0,2017-08-01,high,5,1.0,ACN APD C CB CGNX,0.5,-1.008260718788656
0,2017-08-30,high,5,1.0,AAPL ADBE ANET BMY CAT,0.5,-0.3317011257830682
0,2017-09-29,high,5,1.0,ALB AMAT ASML AVAV AXP,0.5,-0.43638163780479466
0,2017-10-30,high,5,1.0,AAPL ACN AMZN ANET AVGO,0.5,1.0684832975881964
0,2017-11-29,high,5,1.0,AXP BAC BLK BRK-B CI,0.5,0.031095685767779102
0,2017-12-29,high,5,1.0,ABBNY APD LOW PEP RIO,0.5,0.19170521764073634
0,2018-01-31,high,5,1.0,ADP AMZN CB CRM FTNT,0.5,-2.2846343056492913
0,2018-03-02,high,5,1.0,CRM CRSP NFLX NOW PANW,0.5,3.4495529570678585
0,2018-04-03,high,5,1.0,RUN COP NEE LHX MPC,0.5,-0.30227409531923266
0,2018-05-02,high,5,1.0,CCJ MA OKTA PANW VLO,0.5,1.7009384238225955
0,2018-06-01,high,5,1.0,AAPL ADBE ADP AMZN FTNT,0.5,-0.12970621354163603
0,2018-07-02,high,5,1.0,CRM DELL NEE RUN AVAV,0.5,0.9162318559989169
0,2018-08-01,high,5,1.0,AAPL MDT PFE LLY PLD,0.5,0.780152573953119
0,2018-08-30,high,5,1.0,AAPL AMGN AMZN COP COST,0.5,-1.0747338628304126
0,2018-10-01,high,5,1.0,ABT ADBE ADP BSX COP,0.5,-2.329166564143703
0,2018-10-30,high,5,1.0,,0.0,0.0
0,2018-11-29,high,5,1.0,,0.0,0.0
0,2019-01-02,high,5,1.0,,0.0,0.0
0,2019-02-01,high,5,1.0,,0.0,0.0
0,2019-03-05,high,5,1.0,MRK NEE SBUX ZTS LLY,0.5,-1.055264401163225
0,2019-04-03,high,5,1.0,ACN ANET APD DELL INTU,0.5,-0.4498197279499183
0,2019-05-03,high,5,1.0,APD AXP DELL DHR ENPH,0.5,-0.014818915407555089
0,2019-06-04,high,5,1.0,AON APD KO KTOS LHX,0.5,-0.5939900368312379
0,2019-07-03,high,5,1.0,ABT ACN ADBE AON APD,0.5,-0.21189976295107327
0,2019-08-02,high,5,1.0,SO ZTS DHI NEE T,0.5,1.1919869079913603
0,2019-09-03,high,5,1.0,DUK KLAC KO LMT MLM,0.5,-1.2352899291005137
0,2019-10-02,high,5,1.0,LEN PHM SO DUK NEE,0.5,0.2829417178275895
0,2019-10-31,high,5,1.0,AMGN BMY MRK NEE SO,0.5,-1.8588003632933892
0,2019-12-02,high,5,1.0,BAC JPM AMGN DHR MRK,0.5,0.6001891517898317
0,2020-01-02,high,5,1.0,AAPL ABBNY ADBE AMAT AMD,0.5,0.7095378992794554
0,2020-02-03,high,5,1.0,ADBE AON DUK MSFT NOW,0.5,0.27868436003604113
0,2020-03-04,high,5,1.0,GILD NEE NVR DUK ZTS,0.5,-5.044688066811975
0,2020-04-02,high,5,1.0,,0.0,0.0
0,2020-05-04,high,5,1.0,OKTA MRNA VRTX GILD TMO,0.5,5.04772517462293
0,2020-06-03,high,5,1.0,ASML DHR KLAC LOW NKE,0.5,-0.09421540906970893
0,2020-07-02,high,5,1.0,ADBE AMGN AMZN ASML CRSP,0.5,1.6406247838525179
0,2020-08-03,high,5,1.0,AAPL ACN CGNX COST CRM,0.5,-0.14094455038964337
0,2020-09-01,high,5,1.0,AAPL ALB AMD AMZN APD,0.5,-4.14315474164737
0,2020-10-01,high,5,1.0,DDOG DHI ENPH LEN PACB,0.5,3.697079832765815
0,2020-10-30,high,5,1.0,SQM PWR TMO NEE DHR,0.5,2.4893887074170173
0,2020-12-01,high,5,1.0,ACN AMAT ASML AVGO BLK,0.5,1.1518021126882605
0,2020-12-31,high,5,1.0,ABBNY AVGO BLK DIS GS,0.5,1.2205501880547143
0,2021-02-02,high,5,1.0,AVGO FTNT GOOGL MSTR NOW,0.5,7.91805495733644
0,2021-03-04,high,5,1.0,AXP BAC MPC SCHW EMR,0.5,-0.044793251676977786
0,2021-04-05,high,5,1.0,ABBNY ACN ADP AMAT AON,0.5,-0.6847884616626665
0,2021-05-04,high,5,1.0,AON BLK BRK-B CAT CI,0.5,-0.05591938635347571
0,2021-06-03,high,5,1.0,ANET AXP BAC COP EMR,0.5,-0.30879136687631537
0,2021-07-02,high,5,1.0,ACN ADBE ADP BLK BMY,0.5,0.21548488382627795
0,2021-08-03,high,5,1.0,ABBNY ADP ALB AMD AON,0.5,0.5661313116817501
0,2021-09-01,high,5,1.0,ABT ACN ALB AON ASML,0.5,-0.14311303037642942
0,2021-10-01,high,5,1.0,COP DELL JPM MPC MRK,0.5,0.008002768797177318
0,2021-11-01,high,5,1.0,ABT ALB AMD COST CRM,0.5,2.626307879302181
0,2021-12-01,high,5,1.0,LRCX NVR PFE AAPL NEE,0.5,1.6395919151318772
0,2021-12-31,high,5,1.0,ITW LIN MDLZ NEE PEP,0.5,-1.1979274512279203
0,2022-02-01,high,5,1.0,COP EOG OXY UPS VLO,0.5,-0.28787717666285406
0,2022-03-03,high,5,1.0,,0.0,0.0
0,2022-04-01,high,5,1.0,,0.0,0.0
0,2022-05-03,high,5,1.0,,0.0,0.0
0,2022-06-02,high,5,1.0,,0.0,0.0
0,2022-07-05,high,5,1.0,,0.0,0.0
0,2022-08-03,high,5,1.0,,0.0,0.0
0,2022-09-01,high,5,1.0,,0.0,0.0
0,2022-10-03,high,5,1.0,,0.0,0.0
0,2022-11-01,high,5,1.0,,0.0,0.0
0,2022-12-01,high,5,1.0,,0.0,0.0
0,2023-01-03,high,5,1.0,,0.0,0.0
0,2023-02-02,high,5,1.0,BSX DHI NUE SYK URI,0.5,-2.1360063561673526
0,2023-03-06,high,5,1.0,AVGO FSLR PGR PWR ROK,0.5,-2.7428428915334924
0,2023-04-04,high,5,1.0,BSX MCD MDLZ ORCL SYK,0.5,-0.1832707056871996
0,2023-05-04,high,5,1.0,BIIB PEP VRTX MDLZ MSFT,0.5,-0.061295873652411625
0,2023-06-05,high,5,1.0,CCJ FTNT ISRG LLY MLM,0.5,-0.3219503754719799
0,2023-07-06,high,5,1.0,VST BRK-B V MA MSTR,0.5,2.44741278052798
0,2023-08-04,high,5,1.0,BKNG CEG MPC VRT VST,0.5,0.9485774069157848
0,2023-09-05,high,5,1.0,ADBE ANET IBM INTU LLY,0.5,-0.6748273755616818
0,2023-10-04,high,5,1.0,COST GOOGL WMT VRTX LIN,0.5,-0.004598522776810832
0,2023-11-02,high,5,1.0,ANET CCJ CEG KTOS VRTX,0.5,-1.2121965195407869
0,2023-12-04,high,5,1.0,AVAV CCJ COIN COST CRWD,0.5,-1.0437360639068194
0,2024-01-04,high,5,1.0,AMGN BSX C JPM VRTX,0.5,-0.25681120445559813
0,2024-02-05,high,5,1.0,ABBV ASML BKNG BRK-B CAT,0.5,0.482593666505049
0,2024-03-06,high,5,1.0,ABBV ABNB AMAT AMD ASML,0.5,-2.5098569120541647
0,2024-04-05,high,5,1.0,AMZN CAT CEG COP DELL,0.5,-2.372582478423957
0,2024-05-06,high,5,1.0,CCJ CEG DUK GS MS,0.5,0.505993804528071
0,2024-06-05,high,5,1.0,AMAT AVAV COST DHR GEN,0.5,0.6529568837628341
0,2024-07-08,high,5,1.0,AAPL ANET ASML C KLAC,0.5,-0.7825658371906741
0,2024-08-06,high,5,1.0,DUK PG LMT T KO,0.5,0.054205636310422634
0,2024-09-05,high,5,1.0,SO SPGI T DUK PG,0.5,-0.3273720160991922
0,2024-10-04,high,5,1.0,ADP ANET AXP BSX CAT,0.5,0.7698277587403046
0,2024-11-04,high,5,1.0,BKNG GILD ILMN V NOW,0.5,2.5767001638862252
0,2024-12-04,high,5,1.0,AAPL AMZN BKNG C COIN,0.5,-0.5845982702535002
0,2025-01-06,high,5,1.0,ANET C GOOGL IONQ KTOS,0.5,-4.569505771864934
0,2025-02-06,high,5,1.0,ADP BAC BSX C COST,0.5,-0.4391000873367301
0,2025-03-10,high,5,1.0,,0.0,0.0
0,2025-04-08,high,5,1.0,,0.0,0.0
0,2025-05-08,high,5,1.0,,0.0,0.0
0,2025-06-09,high,5,1.0,IBM KTOS LEU MP MSFT,0.5,3.7551019930154084
0,2025-07-10,high,5,1.0,BLK COIN EMR GEV HOOD,0.5,1.8121691276846263
0,2025-08-08,high,5,1.0,AVGO BLK GILD HOOD JNJ,0.5,-0.42860711469465684
0,2025-09-09,high,5,1.0,C GOOGL GS HOOD MDT,0.5,0.34802220340597323
0,2025-10-08,high,5,1.0,ANET ASTS AVAV CAT CEG,0.5,1.2881315087934997
0,2025-11-06,high,5,1.0,CWEN DDOG GOOGL LLY MU,0.5,0.8006507989088973
0,2025-12-08,high,5,1.0,C GS MDB MS TER,0.5,-0.08781723423368915
0,2026-01-08,high,5,1.0,F GM GOOGL HII LHX,0.5,0.36887326481356286
0,2026-02-09,high,5,1.0,ABBNY C CAT COP CVX,0.5,-0.9093737689698123
0,2026-03-11,high,5,1.0,CVX MPC OXY VLO VRT,0.5,0.7730846570142669
0,2026-04-10,high,5,1.0,AMAT APD BEP CAT CWEN,0.5,-1.151667651225996
0,2026-05-11,high,5,1.0,ABBNY AMAT AMD APD CGNX,0.5,-2.949426807111033
0,2026-06-10,high,5,1.0,KO TJX CVS KLAC AMAT,0.5,1.084266192995953
0,2026-07-13,high,5,1.0,AAPL CVS ELV KO MPC,0.5,-0.9595640090520052
0,2016-06-30,momentum,5,1.0,NVDA AMD AMZN ALB HII,0.5,1.484007718673408
0,2016-08-01,momentum,5,1.0,AMD NVDA ALB HII KLAC,0.5,-0.4600301084520808
0,2016-08-30,momentum,5,1.0,AMD NVDA DHR ALB AMAT,0.5,-1.3340136019698412
0,2016-09-29,momentum,5,1.0,AMD NVDA AMAT DHR ALB,0.5,-0.0290842977078154
0,2016-10-28,momentum,5,1.0,AMD NVDA AMAT DHR ALB,0.5,-2.157173697245507
0,2016-11-29,momentum,5,1.0,AMD NVDA DHR GEN ALB,0.5,-0.37710355640114823
0,2016-12-29,momentum,5,1.0,AMD NVDA FCX CGNX DHR,0.5,-0.5010708020485755
0,2017-01-31,momentum,5,1.0,AMD NVDA FCX URI CGNX,0.5,1.813267192346446
0,2017-03-02,momentum,5,1.0,AMD NVDA URI MU DHR,0.5,-1.1473079742074344
0,2017-03-31,momentum,5,1.0,AMD NVDA MU URI CGNX,0.5,-2.4086563592185306
0,2017-05-02,momentum,5,1.0,AMD NVDA MU CGNX ANET,0.5,0.08348649054059631
0,2017-06-01,momentum,5,1.0,AMD NVDA MU CGNX XYZ,0.5,3.8235701598400507
0,2017-06-30,momentum,5,1.0,NVDA XYZ ANET MU CGNX,0.5,0.7273901861797771
0,2017-08-01,momentum,5,1.0,NVDA XYZ MU ANET CGNX,0.5,0.41114781163107406
0,2017-08-30,momentum,5,1.0,NVDA XYZ CGNX NFLX ANET,0.5,-0.4762750554290318
0,2017-09-29,momentum,5,1.0,NVDA STLA XYZ ANET CGNX,0.5,0.7333114351442127
0,2017-10-30,momentum,5,1.0,XYZ NVDA STLA MU ANET,0.5,1.3222135304770788
0,2017-11-29,momentum,5,1.0,XYZ SEDG STLA SQM NVDA,0.5,-2.2647149861185656
0,2017-12-29,momentum,5,1.0,SEDG XYZ ANET CGNX NVR,0.5,3.7345804286287754
0,2018-01-31,momentum,5,1.0,SEDG ANET XYZ FSLR SQM,0.5,-2.4673988847839
0,2018-03-02,momentum,5,1.0,XYZ NVDA SEDG ANET STLA,0.5,3.4352685447346376
0,2018-04-03,momentum,5,1.0,SEDG XYZ FSLR CRSP NVDA,0.5,3.325246545957028
0,2018-05-02,momentum,5,1.0,SEDG CRSP XYZ FSLR NVDA,0.5,3.7787428216200514
0,2018-06-01,momentum,5,1.0,CRSP SEDG XYZ STLA NFLX,0.5,-0.0964914853978982
0,2018-07-02,momentum,5,1.0,ENPH CRSP SEDG XYZ OKTA,0.5,0.8241549410867632
0,2018-08-01,momentum,5,1.0,ENPH CRSP XYZ OKTA NFLX,0.5,1.5509114092184806
0,2018-08-30,momentum,5,1.0,XYZ CRSP RUN OKTA NFLX,0.5,-0.36039664347542466
0,2018-10-01,momentum,5,1.0,XYZ FTNT OKTA AMZN NFLX,0.5,-5.599936588536291
0,2018-10-30,momentum,5,1.0,,0.0,0.0
0,2018-11-29,momentum,5,1.0,,0.0,0.0
0,2019-01-02,momentum,5,1.0,,0.0,0.0
0,2019-02-01,momentum,5,1.0,,0.0,0.0
0,2019-03-05,momentum,5,1.0,MDB OKTA AMD RUN LLY,0.5,-1.0519979862412487
0,2019-04-03,momentum,5,1.0,AMD MDB ZS OKTA IRDM,0.5,-0.41114746802257685
0,2019-05-03,momentum,5,1.0,MDB AMD ZS IRDM ENPH,0.5,2.30888803934719
0,2019-06-04,momentum,5,1.0,MDB ENPH ZS AMD OKTA,0.5,3.981672125565039
0,2019-07-03,momentum,5,1.0,MDB ENPH OKTA KTOS AMD,0.5,1.7469562684664819
0,2019-08-02,momentum,5,1.0,ENPH MDB OKTA ZS KTOS,0.5,2.2606876902716566
0,2019-09-03,momentum,5,1.0,ENPH OKTA MDB ZS SBUX,0.5,-6.381978655678678
0,2019-10-02,momentum,5,1.0,ENPH SEDG OKTA SBUX KLAC,0.5,2.600314566116202
0,2019-10-31,momentum,5,1.0,ENPH SEDG OKTA KLAC TER,0.5,-1.976192027209056
0,2019-12-02,momentum,5,1.0,ENPH SEDG LRCX KLAC OKTA,0.5,1.2268288800956872
0,2020-01-02,momentum,5,1.0,ENPH CRSP SEDG AMD TER,0.5,1.528465333817186
0,2020-02-03,momentum,5,1.0,ENPH SEDG AMD TER CRSP,0.5,2.274785220493003
0,2020-03-04,momentum,5,1.0,ENPH TSLA SEDG AMD LRCX,0.5,-6.96347358666044
0,2020-04-02,momentum,5,1.0,,0.0,0.0
0,2020-05-04,momentum,5,1.0,ENPH TSLA SEDG AMD REGN,0.5,4.165764157242902
0,2020-06-03,momentum,5,1.0,TSLA ENPH MRNA NVDA SEDG,0.5,0.6354958496119334
0,2020-07-02,momentum,5,1.0,MRNA TSLA ENPH SEDG NVDA,0.5,5.069346693225385
0,2020-08-03,momentum,5,1.0,TSLA MRNA NVDA SEDG REGN,0.5,-1.1332168692697153
0,2020-09-01,momentum,5,1.0,TSLA MRNA RUN NVDA AMD,0.5,-6.99476580452828
0,2020-10-01,momentum,5,1.0,TSLA MRNA RUN ENPH ZS,0.5,2.189109345421847
0,2020-10-30,momentum,5,1.0,TSLA RUN ENPH MRNA ZS,0.5,5.259904286033645
0,2020-12-01,momentum,5,1.0,TSLA ENPH RUN MRNA TWST,0.5,6.398775550656977
0,2020-12-31,momentum,5,1.0,MRNA TSLA TWST RUN ENPH,0.5,9.421779646213157
0,2021-02-02,momentum,5,1.0,TWST PACB ENPH MRNA TSLA,0.5,0.9056225495680525
0,2021-03-04,momentum,5,1.0,PACB TWST TSLA MRNA MSTR,0.5,7.7275937930585625
0,2021-04-05,momentum,5,1.0,PACB TSLA MSTR FCX ENPH,0.5,-2.187242341493878
0,2021-05-04,momentum,5,1.0,PACB MSTR NTLA BEAM TSLA,0.5,-4.836691025095751
0,2021-06-03,momentum,5,1.0,PACB MSTR FCX UUUU NTLA,0.5,2.5164652065550186
0,2021-07-02,momentum,5,1.0,PACB UUUU MSTR FCX MRNA,0.5,-3.0083633791629816
0,2021-08-03,momentum,5,1.0,PACB NTLA BEAM MSTR MP,0.5,4.441142156021161
0,2021-09-01,momentum,5,1.0,NTLA MRNA PACB MSTR BEAM,0.5,-1.4050962220501173
0,2021-10-01,momentum,5,1.0,NTLA MRNA UUUU NET ALB,0.5,-0.20160119725729508
0,2021-11-01,momentum,5,1.0,NTLA MRNA UUUU MSTR UEC,0.5,3.85707987084003
0,2021-12-01,momentum,5,1.0,UUUU UEC NET FTNT CCJ,0.5,1.127072157573683
0,2021-12-31,momentum,5,1.0,NVDA F NET FTNT UEC,0.5,-2.100515876047515
0,2022-02-01,momentum,5,1.0,FTNT NUE NVDA F EOG,0.5,-1.2938675529989507
0,2022-03-03,momentum,5,1.0,,0.0,0.0
0,2022-04-01,momentum,5,1.0,,0.0,0.0
0,2022-05-03,momentum,5,1.0,,0.0,0.0
0,2022-06-02,momentum,5,1.0,,0.0,0.0
0,2022-07-05,momentum,5,1.0,,0.0,0.0
0,2022-08-03,momentum,5,1.0,,0.0,0.0
0,2022-09-01,momentum,5,1.0,,0.0,0.0
0,2022-10-03,momentum,5,1.0,,0.0,0.0
0,2022-11-01,momentum,5,1.0,,0.0,0.0
0,2022-12-01,momentum,5,1.0,,0.0,0.0
0,2023-01-03,momentum,5,1.0,,0.0,0.0
0,2023-02-02,momentum,5,1.0,FSLR CEG MPC IRDM LLY,0.5,-0.8173382347116953
0,2023-03-06,momentum,5,1.0,FSLR CEG VLO MPC ALB,0.5,-3.74730902363678
0,2023-04-04,momentum,5,1.0,FSLR MPC IRDM VLO XOM,0.5,0.009694910646684818
0,2023-05-04,momentum,5,1.0,FSLR NFLX IRDM PACB ANET,0.5,0.7022501913218848
0,2023-06-05,momentum,5,1.0,FSLR PACB IRDM BIIB NFLX,0.5,0.6707005337479144
0,2023-07-06,momentum,5,1.0,FSLR NVDA PACB SYM VRT,0.5,4.105505591880743
0,2023-08-04,momentum,5,1.0,SYM PACB IONQ NVDA VRT,0.5,-5.224154091391709
0,2023-09-05,momentum,5,1.0,SYM NVDA VRT IONQ PLTR,0.5,-2.8846617758108373
0,2023-10-04,momentum,5,1.0,NVDA IONQ VRT SYM META,0.5,5.992625852279132
0,2023-11-02,momentum,5,1.0,NVDA META SYM IONQ VRT,0.5,-1.580365886587387
0,2023-12-04,momentum,5,1.0,SYM VRT META NVDA PLTR,0.5,-0.5983829804196761
0,2024-01-04,momentum,5,1.0,SYM COIN IONQ MSTR VRT,0.5,-2.899370323019057
0,2024-02-05,momentum,5,1.0,VRT SYM MSTR NVDA CRWD,0.5,6.105941487369915
0,2024-03-06,momentum,5,1.0,VRT NVDA META CRWD DELL,0.5,-1.1330160386842203
0,2024-04-05,momentum,5,1.0,VRT MSTR COIN NVDA PLTR,0.5,-1.9436137125556474
0,2024-05-06,momentum,5,1.0,VRT COIN MSTR VST NVDA,0.5,-1.262590804154362
0,2024-06-05,momentum,5,1.0,VRT MSTR COIN VST DELL,0.5,-1.8584547922956052
0,2024-07-08,momentum,5,1.0,MSTR VRT VST COIN NVDA,0.5,1.293003000829307
0,2024-08-06,momentum,5,1.0,MSTR VST NVDA ASTS COIN,0.5,1.0584133251075212
0,2024-09-05,momentum,5,1.0,ASTS MSTR VST NVDA TWST,0.5,2.2531529975188924
0,2024-10-04,momentum,5,1.0,ASTS MSTR VST NVDA TWST,0.5,0.9426826234862018
0,2024-11-04,momentum,5,1.0,ASTS VST MSTR SMR NVDA,0.5,9.991642214357487
0,2024-12-04,momentum,5,1.0,SMR ASTS MSTR VST NVDA,0.5,-2.8388270555216533
0,2025-01-06,momentum,5,1.0,SMR MSTR LUNR ASTS PLTR,0.5,-8.015699524832588
0,2025-02-06,momentum,5,1.0,RGTI QBTS ASTS SMR MSTR,0.5,0.25030559348981907
0,2025-03-10,momentum,5,1.0,,0.0,0.0
0,2025-04-08,momentum,5,1.0,,0.0,0.0
0,2025-05-08,momentum,5,1.0,,0.0,0.0
0,2025-06-09,momentum,5,1.0,RGTI QBTS RKLB PLTR IONQ,0.5,-1.8234605765283463
0,2025-07-10,momentum,5,1.0,QBTS RGTI OKLO RKLB IONQ,0.5,10.260485074242421
0,2025-08-08,momentum,5,1.0,QBTS RGTI RKLB OKLO IONQ,0.5,-0.622609501453264
0,2025-09-09,momentum,5,1.0,RGTI QBTS OKLO RKLB PLTR,0.5,6.256417572294981
0,2025-10-08,momentum,5,1.0,RGTI QBTS OKLO HOOD RKLB,0.5,7.183528661541327
0,2025-11-06,momentum,5,1.0,RGTI QBTS PL OKLO HOOD,0.5,-4.843130995440392
0,2025-12-08,momentum,5,1.0,RGTI QBTS OKLO LEU QS,0.5,-8.086885209695582
0,2026-01-08,momentum,5,1.0,OKLO LEU HOOD ASTS MP,0.5,-1.0348913646498814
0,2026-02-09,momentum,5,1.0,UUUU PL LEU MU ASTS,0.5,-6.015772227526872
0,2026-03-11,momentum,5,1.0,PL UUUU RKLB MU UEC,0.5,-0.7809086947162203
0,2026-04-10,momentum,5,1.0,PL MU UUUU TER ASTS,0.5,2.4917455622360807
0,2026-05-11,momentum,5,1.0,PL MU TER UUUU ASTS,0.5,-2.3812421487495294
0,2026-06-10,momentum,5,1.0,MU PL TER RKLB AMD,0.5,2.592595914105278
0,2026-07-13,momentum,5,1.0,MU PL TER LRCX AMD,0.5,-6.512705136196583
0,2016-06-30,qqq,5,1.0,QQQ,0.5,0.7965782278656519
0,2016-08-01,qqq,5,1.0,QQQ,0.5,-0.07811059318801883
0,2016-08-30,qqq,5,1.0,QQQ,0.5,0.1575392588782254
0,2016-09-29,qqq,5,1.0,QQQ,0.5,-0.2545046622181468
0,2016-10-28,qqq,5,1.0,QQQ,0.5,-2.131729459236953
0,2016-11-29,qqq,5,1.0,QQQ,0.5,-1.4161379472909408
0,2016-12-29,qqq,5,1.0,QQQ,0.5,0.3238045156590319
0,2017-01-31,qqq,5,1.0,QQQ,0.5,-0.1660487117768894
0,2017-03-02,qqq,5,1.0,QQQ,0.5,-0.44068926381188867
0,2017-03-31,qqq,5,1.0,QQQ,0.5,-0.6917962963248869
0,2017-05-02,qqq,5,1.0,QQQ,0.5,-0.0643124416233598
0,2017-06-01,qqq,5,1.0,QQQ,0.5,-0.06974280603040395
0,2017-06-30,qqq,5,1.0,QQQ,0.5,-0.3578718431835437
0,2017-08-01,qqq,5,1.0,QQQ,0.5,-0.559168940046173
0,2017-08-30,qqq,5,1.0,QQQ,0.5,-0.3575839776821854
0,2017-09-29,qqq,5,1.0,QQQ,0.5,0.1787448814882353
0,2017-10-30,qqq,5,1.0,QQQ,0.5,0.06240592397153133
0,2017-11-29,qqq,5,1.0,QQQ,0.5,-0.8211092007049836
0,2017-12-29,qqq,5,1.0,QQQ,0.5,1.396449335074701
0,2018-01-31,qqq,5,1.0,QQQ,0.5,-2.820982627225066
0,2018-03-02,qqq,5,1.0,QQQ,0.5,1.8845429008578884
0,2018-04-03,qqq,5,1.0,QQQ,0.5,1.746161224641396
0,2018-05-02,qqq,5,1.0,QQQ,0.5,1.6178988483412926
0,2018-06-01,qqq,5,1.0,QQQ,0.5,-0.13734104518082768
0,2018-07-02,qqq,5,1.0,QQQ,0.5,0.6069683005417881
0,2018-08-01,qqq,5,1.0,QQQ,0.5,1.233550822328966
0,2018-08-30,qqq,5,1.0,QQQ,0.5,-1.8455400937886335
0,2018-10-01,qqq,5,1.0,QQQ,0.5,-2.3497575085691613
0,2018-10-30,qqq,5,1.0,,0.0,0.0
0,2018-11-29,qqq,5,1.0,,0.0,0.0
0,2019-01-02,qqq,5,1.0,,0.0,0.0
0,2019-02-01,qqq,5,1.0,,0.0,0.0
0,2019-03-05,qqq,5,1.0,QQQ,0.5,-0.2226665522486515
0,2019-04-03,qqq,5,1.0,QQQ,0.5,-0.05587867735269425
0,2019-05-03,qqq,5,1.0,QQQ,0.5,-1.0400346049874942
0,2019-06-04,qqq,5,1.0,QQQ,0.5,1.4144097871937378
0,2019-07-03,qqq,5,1.0,QQQ,0.5,0.0987046561071514
0,2019-08-02,qqq,5,1.0,QQQ,0.5,0.32831373067534475
0,2019-09-03,qqq,5,1.0,QQQ,0.5,0.34761058542347456
0,2019-10-02,qqq,5,1.0,QQQ,0.5,0.36326283443226526
0,2019-10-31,qqq,5,1.0,QQQ,0.5,0.1277331787502778
0,2019-12-02,qqq,5,1.0,QQQ,0.5,0.4568763063317993
0,2020-01-02,qqq,5,1.0,QQQ,0.5,0.823023361711317
0,2020-02-03,qqq,5,1.0,QQQ,0.5,0.9408744050914297
0,2020-03-04,qqq,5,1.0,QQQ,0.5,-4.563552437025676
0,2020-04-02,qqq,5,1.0,,0.0,0.0
0,2020-05-04,qqq,5,1.0,QQQ,0.5,1.6493196886244732
0,2020-06-03,qqq,5,1.0,QQQ,0.5,1.5740732206010577
0,2020-07-02,qqq,5,1.0,QQQ,0.5,1.1535391325246724
0,2020-08-03,qqq,5,1.0,QQQ,0.5,-0.23052521570291473
0,2020-09-01,qqq,5,1.0,QQQ,0.5,-4.6434073090968475
0,2020-10-01,qqq,5,1.0,QQQ,0.5,0.46914405393501113
0,2020-10-30,qqq,5,1.0,QQQ,0.5,3.646952720414376
0,2020-12-01,qqq,5,1.0,QQQ,0.5,0.49171894931616666
0,2020-12-31,qqq,5,1.0,QQQ,0.5,0.11829493435193683
0,2021-02-02,qqq,5,1.0,QQQ,0.5,0.05631869588946792
0,2021-03-04,qqq,5,1.0,QQQ,0.5,1.3160613526706388
0,2021-04-05,qqq,5,1.0,QQQ,0.5,0.39157803564369154
0,2021-05-04,qqq,5,1.0,QQQ,0.5,-1.5315166817159387
0,2021-06-03,qqq,5,1.0,QQQ,0.5,0.7704353285124643
0,2021-07-02,qqq,5,1.0,QQQ,0.5,-0.06210620154973867
0,2021-08-03,qqq,5,1.0,QQQ,0.5,-0.4880657600291993
0,2021-09-01,qqq,5,1.0,QQQ,0.5,-0.8215164478193149
0,2021-10-01,qqq,5,1.0,QQQ,0.5,-0.1329974429626235
0,2021-11-01,qqq,5,1.0,QQQ,0.5,0.9435307589465092
0,2021-12-01,qqq,5,1.0,QQQ,0.5,1.274465694958904
0,2021-12-31,qqq,5,1.0,QQQ,0.5,-2.878061336126625
0,2022-02-01,qqq,5,1.0,QQQ,0.5,-1.9219713836432506
0,2022-03-03,qqq,5,1.0,,0.0,0.0
0,2022-04-01,qqq,5,1.0,,0.0,0.0
0,2022-05-03,qqq,5,1.0,,0.0,0.0
0,2022-06-02,qqq,5,1.0,,0.0,0.0
0,2022-07-05,qqq,5,1.0,,0.0,0.0
0,2022-08-03,qqq,5,1.0,,0.0,0.0
0,2022-09-01,qqq,5,1.0,,0.0,0.0
0,2022-10-03,qqq,5,1.0,,0.0,0.0
0,2022-11-01,qqq,5,1.0,,0.0,0.0
0,2022-12-01,qqq,5,1.0,,0.0,0.0
0,2023-01-03,qqq,5,1.0,,0.0,0.0
0,2023-02-02,qqq,5,1.0,QQQ,0.5,-1.0267254102277135
0,2023-03-06,qqq,5,1.0,QQQ,0.5,-2.0449314163432875
0,2023-04-04,qqq,5,1.0,QQQ,0.5,-1.2849435340027249
0,2023-05-04,qqq,5,1.0,QQQ,0.5,0.7040302897208806
0,2023-06-05,qqq,5,1.0,QQQ,0.5,0.3701842450448689
0,2023-07-06,qqq,5,1.0,QQQ,0.5,1.1092965833356727
0,2023-08-04,qqq,5,1.0,QQQ,0.5,-1.5090699852329248
0,2023-09-05,qqq,5,1.0,QQQ,0.5,-1.086641269738986
0,2023-10-04,qqq,5,1.0,QQQ,0.5,1.0822175211074203
0,2023-11-02,qqq,5,1.0,QQQ,0.5,0.22449076411326097
0,2023-12-04,qqq,5,1.0,QQQ,0.5,0.9358284028903707
0,2024-01-04,qqq,5,1.0,QQQ,0.5,1.1132458733416728
0,2024-02-05,qqq,5,1.0,QQQ,0.5,0.16273639781814175
0,2024-03-06,qqq,5,1.0,QQQ,0.5,-0.7403135565112517
0,2024-04-05,qqq,5,1.0,QQQ,0.5,-0.8496544135204065
0,2024-05-06,qqq,5,1.0,QQQ,0.5,-0.23017141470471625
0,2024-06-05,qqq,5,1.0,QQQ,0.5,0.5613800538998959
0,2024-07-08,qqq,5,1.0,QQQ,0.5,-0.7674127991696089
0,2024-08-06,qqq,5,1.0,QQQ,0.5,1.2863896111763529
0,2024-09-05,qqq,5,1.0,QQQ,0.5,0.8886378700553754
0,2024-10-04,qqq,5,1.0,QQQ,0.5,0.3153054905137731
0,2024-11-04,qqq,5,1.0,QQQ,0.5,2.1653828031412026
0,2024-12-04,qqq,5,1.0,QQQ,0.5,0.12775447996526967
0,2025-01-06,qqq,5,1.0,QQQ,0.5,-2.429235932060214
0,2025-02-06,qqq,5,1.0,QQQ,0.5,0.04033895800268361
0,2025-03-10,qqq,5,1.0,,0.0,0.0
0,2025-04-08,qqq,5,1.0,,0.0,0.0
0,2025-05-08,qqq,5,1.0,,0.0,0.0
0,2025-06-09,qqq,5,1.0,QQQ,0.5,-0.20675110092681637
0,2025-07-10,qqq,5,1.0,QQQ,0.5,0.2629622659295894
0,2025-08-08,qqq,5,1.0,QQQ,0.5,-0.26923685474256054
0,2025-09-09,qqq,5,1.0,QQQ,0.5,0.1334115291928617
0,2025-10-08,qqq,5,1.0,QQQ,0.5,-1.2471566989192273
0,2025-11-06,qqq,5,1.0,QQQ,0.5,-0.49018580835518133
0,2025-12-08,qqq,5,1.0,QQQ,0.5,-1.4883395523733522
0,2026-01-08,qqq,5,1.0,QQQ,0.5,-0.46803299704073487
0,2026-02-09,qqq,5,1.0,QQQ,0.5,-1.6246384375439793
0,2026-03-11,qqq,5,1.0,QQQ,0.5,-1.143024865805442
0,2026-04-10,qqq,5,1.0,QQQ,0.5,2.7001514897672108
0,2026-05-11,qqq,5,1.0,QQQ,0.5,-0.6610711127259417
0,2026-06-10,qqq,5,1.0,QQQ,0.5,1.1462250655827066
0,2026-07-13,qqq,5,1.0,QQQ,0.5,-2.158086732803599
0,2016-06-30,high,10,0.2,ADP BSX CB CVX DHR,0.5,6.784451233846656
0,2016-08-01,high,10,0.2,AMZN BLK BSX DHR GOOGL,0.5,0.0403681884371343
0,2016-08-30,high,10,0.2,APD BLK BRK-B JPM LHX,0.5,-1.7226665775225136
0,2016-09-29,high,10,0.2,ACN AMZN BKNG CAT NVDA,0.5,-1.152680857947297
0,2016-10-28,high,10,0.2,MA NOC TER JPM DE,0.5,2.0881217133645658
0,2016-11-29,high,10,0.2,ACN ADP AMAT GD HPE,0.5,0.4339205143227387
0,2016-12-29,high,10,0.2,ADP T DE CB ZTS,0.5,-0.22805922585817928
0,2017-01-31,high,10,0.2,DHR GEN HUBB NOW ZTS,0.5,0.36986715656579516
0,2017-03-02,high,10,0.2,ABT ALB AVGO BKNG CGNX,0.5,0.5435304810273767
0,2017-03-31,high,10,0.2,ADBE AMZN CGNX DIS FTNT,0.5,-0.4623075052632708
0,2017-05-02,high,10,0.2,AAPL ABBNY ABBV AMAT ANET,0.5,2.169669961816756
0,2017-06-01,high,10,0.2,ABBNY ABT ACN AMAT ANET,0.5,-0.37132352006147284
0,2017-06-30,high,10,0.2,AXP DHI PHM CAT C,0.5,0.5735873227068256
0,2017-08-01,high,10,0.2,ACN APD C CB CGNX,0.5,-0.6023046606493665
0,2017-08-30,high,10,0.2,AAPL ADBE ANET BMY CAT,0.5,0.1281171718168439
0,2017-09-29,high,10,0.2,ALB AMAT ASML AVAV AXP,0.5,0.9145993073392145
0,2017-10-30,high,10,0.2,AAPL ACN AMZN ANET AVGO,0.5,2.033600878332642
0,2017-11-29,high,10,0.2,AXP BAC BLK BRK-B CI,0.5,0.7253614789586527
0,2017-12-29,high,10,0.2,ABBNY APD LOW PEP RIO,0.5,1.4472604412582024
0,2018-01-31,high,10,0.2,ADP AMZN CB CRM FTNT,0.5,-1.2132768346776235
0,2018-03-02,high,10,0.2,CRM CRSP NFLX NOW PANW,0.5,2.1250648948880846
0,2018-04-03,high,10,0.2,RUN COP NEE LHX MPC,0.5,2.4599051942655326
0,2018-05-02,high,10,0.2,CCJ MA OKTA PANW VLO,0.5,1.9530009890251332
0,2018-06-01,high,10,0.2,AAPL ADBE ADP AMZN FTNT,0.5,1.096588923956654
0,2018-07-02,high,10,0.2,CRM DELL NEE RUN AVAV,0.5,1.6423262599941424
0,2018-08-01,high,10,0.2,AAPL MDT PFE LLY PLD,0.5,1.3168047622778234
0,2018-08-30,high,10,0.2,AAPL AMGN AMZN COP COST,0.5,-0.08164669543052616
0,2018-10-01,high,10,0.2,ABT ADBE ADP BSX COP,0.5,-4.293646519771488
0,2018-10-30,high,10,0.2,,0.0,0.0
0,2018-11-29,high,10,0.2,,0.0,0.0
0,2019-01-02,high,10,0.2,,0.0,0.0
0,2019-02-01,high,10,0.2,,0.0,0.0
0,2019-03-05,high,10,0.2,MRK NEE SBUX ZTS LLY,0.5,0.09562244952383558
0,2019-04-03,high,10,0.2,ACN ANET APD DELL INTU,0.5,0.29067877354325145
0,2019-05-03,high,10,0.2,APD AXP DELL DHR ENPH,0.5,1.2759261944634614
0,2019-06-04,high,10,0.2,AON APD KO KTOS LHX,0.5,0.5509854649706547
0,2019-07-03,high,10,0.2,ABT ACN ADBE AON APD,0.5,0.4726890405067019
0,2019-08-02,high,10,0.2,SO ZTS DHI NEE T,0.5,1.8792523590284382
0,2019-09-03,high,10,0.2,DUK KLAC KO LMT MLM,0.5,0.1677941498217983
0,2019-10-02,high,10,0.2,LEN PHM SO DUK NEE,0.5,1.0463459622642723
0,2019-10-31,high,10,0.2,AMGN BMY MRK NEE SO,0.5,-0.4791051533229673
0,2019-12-02,high,10,0.2,BAC JPM AMGN DHR MRK,0.5,2.448860486364257
0,2020-01-02,high,10,0.2,AAPL ABBNY ADBE AMAT AMD,0.5,1.746026430531411
0,2020-02-03,high,10,0.2,ADBE AON DUK MSFT NOW,0.5,2.146038202141387
0,2020-03-04,high,10,0.2,GILD NEE NVR DUK ZTS,0.5,-10.637117409396602
0,2020-04-02,high,10,0.2,,0.0,0.0
0,2020-05-04,high,10,0.2,OKTA MRNA VRTX GILD TMO,0.5,7.802420762913487
0,2020-06-03,high,10,0.2,ASML DHR KLAC LOW NKE,0.5,1.1393221750673588
0,2020-07-02,high,10,0.2,ADBE AMGN AMZN ASML CRSP,0.5,0.8924813666605136
0,2020-08-03,high,10,0.2,AAPL ACN CGNX COST CRM,0.5,0.9264350508504382
0,2020-09-01,high,10,0.2,AAPL ALB AMD AMZN APD,0.5,-5.026494122653469
0,2020-10-01,high,10,0.2,DDOG DHI ENPH LEN PACB,0.5,7.452353727705474
0,2020-10-30,high,10,0.2,SQM PWR TMO NEE DHR,0.5,3.0772920135723414
0,2020-12-01,high,10,0.2,ACN AMAT ASML AVGO BLK,0.5,0.9617191099956512
0,2020-12-31,high,10,0.2,ABBNY AVGO BLK DIS GS,0.5,0.9391666240205154
0,2021-02-02,high,10,0.2,AVGO FTNT GOOGL MSTR NOW,0.5,4.437970841662198
0,2021-03-04,high,10,0.2,AXP BAC MPC SCHW EMR,0.5,-0.6825767402112493
0,2021-04-05,high,10,0.2,ABBNY ACN ADP AMAT AON,0.5,-0.08117661479086768
0,2021-05-04,high,10,0.2,AON BLK BRK-B CAT CI,0.5,0.4672771141000176
0,2021-06-03,high,10,0.2,ANET AXP BAC COP EMR,0.5,-0.8835627642082455
0,2021-07-02,high,10,0.2,ACN ADBE ADP BLK BMY,0.5,-0.46162257108973703
0,2021-08-03,high,10,0.2,ABBNY ADP ALB AMD AON,0.5,0.5351992439918574
0,2021-09-01,high,10,0.2,ABT ACN ALB AON ASML,0.5,0.14615462467897355
0,2021-10-01,high,10,0.2,COP DELL JPM MPC MRK,0.5,0.3154615432534813
0,2021-11-01,high,10,0.2,ABT ALB AMD COST CRM,0.5,2.854334949218984
0,2021-12-01,high,10,0.2,LRCX NVR PFE AAPL NEE,0.5,3.6877086929209435
0,2021-12-31,high,10,0.2,ITW LIN MDLZ NEE PEP,0.5,-1.2877748556862523
0,2022-02-01,high,10,0.2,COP EOG OXY UPS VLO,0.5,-0.28795613500376405
0,2022-03-03,high,10,0.2,,0.0,0.0
0,2022-04-01,high,10,0.2,,0.0,0.0
0,2022-05-03,high,10,0.2,,0.0,0.0
0,2022-06-02,high,10,0.2,,0.0,0.0
0,2022-07-05,high,10,0.2,,0.0,0.0
0,2022-08-03,high,10,0.2,,0.0,0.0
0,2022-09-01,high,10,0.2,,0.0,0.0
0,2022-10-03,high,10,0.2,,0.0,0.0
0,2022-11-01,high,10,0.2,,0.0,0.0
0,2022-12-01,high,10,0.2,,0.0,0.0
0,2023-01-03,high,10,0.2,,0.0,0.0
0,2023-02-02,high,10,0.2,BSX DHI NUE SYK URI,0.5,-1.349022980073955
0,2023-03-06,high,10,0.2,AVGO FSLR PGR PWR ROK,0.5,-2.079112362588076
0,2023-04-04,high,10,0.2,BSX MCD MDLZ ORCL SYK,0.5,1.3266008567085263
0,2023-05-04,high,10,0.2,BIIB PEP VRTX MDLZ MSFT,0.5,-0.17697025530387656
0,2023-06-05,high,10,0.2,CCJ FTNT ISRG LLY MLM,0.5,1.0937655988953354
0,2023-07-06,high,10,0.2,VST BRK-B V MA MSTR,0.5,2.4246569951802854
0,2023-08-04,high,10,0.2,BKNG CEG MPC VRT VST,0.5,0.4267060879338258
0,2023-09-05,high,10,0.2,ADBE ANET IBM INTU LLY,0.5,-1.2246398207672926
0,2023-10-04,high,10,0.2,COST GOOGL WMT VRTX LIN,0.5,0.4437045673360229
0,2023-11-02,high,10,0.2,ANET CCJ CEG KTOS VRTX,0.5,-0.1388972435118263
0,2023-12-04,high,10,0.2,AVAV CCJ COIN COST CRWD,0.5,2.4096948293620413
0,2024-01-04,high,10,0.2,AMGN BSX C JPM VRTX,0.5,0.5431109244658172
0,2024-02-05,high,10,0.2,ABBV ASML BKNG BRK-B CAT,0.5,0.5781973331762558
0,2024-03-06,high,10,0.2,ABBV ABNB AMAT AMD ASML,0.5,-2.803661595004381
0,2024-04-05,high,10,0.2,AMZN CAT CEG COP DELL,0.5,-3.7631836523590922
0,2024-05-06,high,10,0.2,CCJ CEG DUK GS MS,0.5,2.53332295261679
0,2024-06-05,high,10,0.2,AMAT AVAV COST DHR GEN,0.5,-0.38270399301918445
0,2024-07-08,high,10,0.2,AAPL ANET ASML C KLAC,0.5,-3.117821881003402
0,2024-08-06,high,10,0.2,DUK PG LMT T KO,0.5,0.6900027720411872
0,2024-09-05,high,10,0.2,SO SPGI T DUK PG,0.5,-0.09741197709531857
0,2024-10-04,high,10,0.2,ADP ANET AXP BSX CAT,0.5,0.8699924206372334
0,2024-11-04,high,10,0.2,BKNG GILD ILMN V NOW,0.5,0.29093457885172036
0,2024-12-04,high,10,0.2,AAPL AMZN BKNG C COIN,0.5,-2.755301317330461
0,2025-01-06,high,10,0.2,ANET C GOOGL IONQ KTOS,0.5,1.7557079513398577
0,2025-02-06,high,10,0.2,ADP BAC BSX C COST,0.5,-1.193296143613476
0,2025-03-10,high,10,0.2,,0.0,0.0
0,2025-04-08,high,10,0.2,,0.0,0.0
0,2025-05-08,high,10,0.2,,0.0,0.0
0,2025-06-09,high,10,0.2,IBM KTOS LEU MP MSFT,0.5,6.343844867677251
0,2025-07-10,high,10,0.2,BLK COIN EMR GEV HOOD,0.5,2.8032771096295317
0,2025-08-08,high,10,0.2,AVGO BLK GILD HOOD JNJ,0.5,-0.8827043395907119
0,2025-09-09,high,10,0.2,C GOOGL GS HOOD MDT,0.5,2.0972477567942738
0,2025-10-08,high,10,0.2,ANET ASTS AVAV CAT CEG,0.5,-3.6340042695728436
0,2025-11-06,high,10,0.2,CWEN DDOG GOOGL LLY MU,0.5,-1.073466071633633
0,2025-12-08,high,10,0.2,C GS MDB MS TER,0.5,1.7112090437724659
0,2026-01-08,high,10,0.2,F GM GOOGL HII LHX,0.5,0.7333401639071591
0,2026-02-09,high,10,0.2,ABBNY C CAT COP CVX,0.5,-0.20678442474523218
0,2026-03-11,high,10,0.2,CVX MPC OXY VLO VRT,0.5,2.614561770375601
0,2026-04-10,high,10,0.2,AMAT APD BEP CAT CWEN,0.5,0.5459208243909774
0,2026-05-11,high,10,0.2,ABBNY AMAT AMD APD CGNX,0.5,1.5231154232272281
0,2026-06-10,high,10,0.2,KO TJX CVS KLAC AMAT,0.5,3.919139871821309
0,2026-07-13,high,10,0.2,AAPL CVS ELV KO MPC,0.5,-0.18169725241278245
0,2016-06-30,momentum,10,0.2,NVDA AMD AMZN ALB HII,0.5,2.5209358953877326
0,2016-08-01,momentum,10,0.2,AMD NVDA ALB HII KLAC,0.5,0.48387995954077834
0,2016-08-30,momentum,10,0.2,AMD NVDA DHR ALB AMAT,0.5,-3.6621120724762757
0,2016-09-29,momentum,10,0.2,AMD NVDA AMAT DHR ALB,0.5,-1.9558452264666015
0,2016-10-28,momentum,10,0.2,AMD NVDA AMAT DHR ALB,0.5,1.6339877588571472
0,2016-11-29,momentum,10,0.2,AMD NVDA DHR GEN ALB,0.5,2.104232572317555
0,2016-12-29,momentum,10,0.2,AMD NVDA FCX CGNX DHR,0.5,0.10174815705263907
0,2017-01-31,momentum,10,0.2,AMD NVDA FCX URI CGNX,0.5,1.8040700650485242
0,2017-03-02,momentum,10,0.2,AMD NVDA URI MU DHR,0.5,0.5173191480287498
0,2017-03-31,momentum,10,0.2,AMD NVDA MU URI CGNX,0.5,-3.665862594453395
0,2017-05-02,momentum,10,0.2,AMD NVDA MU CGNX ANET,0.5,6.867188885182274
0,2017-06-01,momentum,10,0.2,AMD NVDA MU CGNX XYZ,0.5,0.8410063003675639
0,2017-06-30,momentum,10,0.2,NVDA XYZ ANET MU CGNX,0.5,3.5751898589166053
0,2017-08-01,momentum,10,0.2,NVDA XYZ MU ANET CGNX,0.5,0.6115014486380188
0,2017-08-30,momentum,10,0.2,NVDA XYZ CGNX NFLX ANET,0.5,1.5862981272928733
0,2017-09-29,momentum,10,0.2,NVDA STLA XYZ ANET CGNX,0.5,2.7623603416355946
0,2017-10-30,momentum,10,0.2,XYZ NVDA STLA MU ANET,0.5,3.674512323830248
0,2017-11-29,momentum,10,0.2,XYZ SEDG STLA SQM NVDA,0.5,-0.7035469066055899
0,2017-12-29,momentum,10,0.2,SEDG XYZ ANET CGNX NVR,0.5,2.8049127438747323
0,2018-01-31,momentum,10,0.2,SEDG ANET XYZ FSLR SQM,0.5,0.10910449800809463
0,2018-03-02,momentum,10,0.2,XYZ NVDA SEDG ANET STLA,0.5,4.91270123176244
0,2018-04-03,momentum,10,0.2,SEDG XYZ FSLR CRSP NVDA,0.5,5.5224078013305755
0,2018-05-02,momentum,10,0.2,SEDG CRSP XYZ FSLR NVDA,0.5,8.28485264624148
0,2018-06-01,momentum,10,0.2,CRSP SEDG XYZ STLA NFLX,0.5,-1.0408224291196588
0,2018-07-02,momentum,10,0.2,ENPH CRSP SEDG XYZ OKTA,0.5,1.8914043151764703
0,2018-08-01,momentum,10,0.2,ENPH CRSP XYZ OKTA NFLX,0.5,-0.09523089693984632
0,2018-08-30,momentum,10,0.2,XYZ CRSP RUN OKTA NFLX,0.5,2.2334191701145034
0,2018-10-01,momentum,10,0.2,XYZ FTNT OKTA AMZN NFLX,0.5,-8.244725410212261
0,2018-10-30,momentum,10,0.2,,0.0,0.0
0,2018-11-29,momentum,10,0.2,,0.0,0.0
0,2019-01-02,momentum,10,0.2,,0.0,0.0
0,2019-02-01,momentum,10,0.2,,0.0,0.0
0,2019-03-05,momentum,10,0.2,MDB OKTA AMD RUN LLY,0.5,4.022165057894034
0,2019-04-03,momentum,10,0.2,AMD MDB ZS OKTA IRDM,0.5,-2.4438606668531038
0,2019-05-03,momentum,10,0.2,MDB AMD ZS IRDM ENPH,0.5,3.4028723268592076
0,2019-06-04,momentum,10,0.2,MDB ENPH ZS AMD OKTA,0.5,5.493108566824145
0,2019-07-03,momentum,10,0.2,MDB ENPH OKTA KTOS AMD,0.5,3.1031439502726688
0,2019-08-02,momentum,10,0.2,ENPH MDB OKTA ZS KTOS,0.5,1.4456023175360544
0,2019-09-03,momentum,10,0.2,ENPH OKTA MDB ZS SBUX,0.5,-6.653949423094618
0,2019-10-02,momentum,10,0.2,ENPH SEDG OKTA SBUX KLAC,0.5,1.914301197383339
0,2019-10-31,momentum,10,0.2,ENPH SEDG OKTA KLAC TER,0.5,0.461837773905005
0,2019-12-02,momentum,10,0.2,ENPH SEDG LRCX KLAC OKTA,0.5,4.608863770812399
0,2020-01-02,momentum,10,0.2,ENPH CRSP SEDG AMD TER,0.5,1.7787717373661804
0,2020-02-03,momentum,10,0.2,ENPH SEDG AMD TER CRSP,0.5,4.0254117553706115
0,2020-03-04,momentum,10,0.2,ENPH TSLA SEDG AMD LRCX,0.5,-20.100034902586415
0,2020-04-02,momentum,10,0.2,,0.0,0.0
0,2020-05-04,momentum,10,0.2,ENPH TSLA SEDG AMD REGN,0.5,5.6628169239993476
0,2020-06-03,momentum,10,0.2,TSLA ENPH MRNA NVDA SEDG,0.5,-1.026511342029568
0,2020-07-02,momentum,10,0.2,MRNA TSLA ENPH SEDG NVDA,0.5,11.989031606114441
0,2020-08-03,momentum,10,0.2,TSLA MRNA NVDA SEDG REGN,0.5,3.4213596662753254
0,2020-09-01,momentum,10,0.2,TSLA MRNA RUN NVDA AMD,0.5,-2.6729049493222523
0,2020-10-01,momentum,10,0.2,TSLA MRNA RUN ENPH ZS,0.5,3.849763770838721
0,2020-10-30,momentum,10,0.2,TSLA RUN ENPH MRNA ZS,0.5,5.284144702751359
0,2020-12-01,momentum,10,0.2,TSLA ENPH RUN MRNA TWST,0.5,6.99681744823708
0,2020-12-31,momentum,10,0.2,MRNA TSLA TWST RUN ENPH,0.5,9.124274567843926
0,2021-02-02,momentum,10,0.2,TWST PACB ENPH MRNA TSLA,0.5,0.043372097755622896
0,2021-03-04,momentum,10,0.2,PACB TWST TSLA MRNA MSTR,0.5,3.430448934844166
0,2021-04-05,momentum,10,0.2,PACB TSLA MSTR FCX ENPH,0.5,-2.7180887746869997
0,2021-05-04,momentum,10,0.2,PACB MSTR NTLA BEAM TSLA,0.5,-5.370565503604463
0,2021-06-03,momentum,10,0.2,PACB MSTR FCX UUUU NTLA,0.5,2.515469514009583
0,2021-07-02,momentum,10,0.2,PACB UUUU MSTR FCX MRNA,0.5,-4.352634770613184
0,2021-08-03,momentum,10,0.2,PACB NTLA BEAM MSTR MP,0.5,0.697882258446314
0,2021-09-01,momentum,10,0.2,NTLA MRNA PACB MSTR BEAM,0.5,-3.1984976887859506
0,2021-10-01,momentum,10,0.2,NTLA MRNA UUUU NET ALB,0.5,6.745900334256172
0,2021-11-01,momentum,10,0.2,NTLA MRNA UUUU MSTR UEC,0.5,2.475762198622111
0,2021-12-01,momentum,10,0.2,UUUU UEC NET FTNT CCJ,0.5,-1.1955998239534638
0,2021-12-31,momentum,10,0.2,NVDA F NET FTNT UEC,0.5,-3.605204616880442
0,2022-02-01,momentum,10,0.2,FTNT NUE NVDA F EOG,0.5,0.5552018538530934
0,2022-03-03,momentum,10,0.2,,0.0,0.0
0,2022-04-01,momentum,10,0.2,,0.0,0.0
0,2022-05-03,momentum,10,0.2,,0.0,0.0
0,2022-06-02,momentum,10,0.2,,0.0,0.0
0,2022-07-05,momentum,10,0.2,,0.0,0.0
0,2022-08-03,momentum,10,0.2,,0.0,0.0
0,2022-09-01,momentum,10,0.2,,0.0,0.0
0,2022-10-03,momentum,10,0.2,,0.0,0.0
0,2022-11-01,momentum,10,0.2,,0.0,0.0
0,2022-12-01,momentum,10,0.2,,0.0,0.0
0,2023-01-03,momentum,10,0.2,,0.0,0.0
0,2023-02-02,momentum,10,0.2,FSLR CEG MPC IRDM LLY,0.5,0.28495297355985993
0,2023-03-06,momentum,10,0.2,FSLR CEG VLO MPC ALB,0.5,-3.460300778372294
0,2023-04-04,momentum,10,0.2,FSLR MPC IRDM VLO XOM,0.5,-0.12764084700216394
0,2023-05-04,momentum,10,0.2,FSLR NFLX IRDM PACB ANET,0.5,3.3840171452925505
0,2023-06-05,momentum,10,0.2,FSLR PACB IRDM BIIB NFLX,0.5,-0.5273062923039862
0,2023-07-06,momentum,10,0.2,FSLR NVDA PACB SYM VRT,0.5,3.6727031155612933
0,2023-08-04,momentum,10,0.2,SYM PACB IONQ NVDA VRT,0.5,-7.573705594786739
0,2023-09-05,momentum,10,0.2,SYM NVDA VRT IONQ PLTR,0.5,-4.913372567068997
0,2023-10-04,momentum,10,0.2,NVDA IONQ VRT SYM META,0.5,2.969051099983555
0,2023-11-02,momentum,10,0.2,NVDA META SYM IONQ VRT,0.5,2.476127152718055
0,2023-12-04,momentum,10,0.2,SYM VRT META NVDA PLTR,0.5,2.453828529785085
0,2024-01-04,momentum,10,0.2,SYM COIN IONQ MSTR VRT,0.5,-3.927239558285256
0,2024-02-05,momentum,10,0.2,VRT SYM MSTR NVDA CRWD,0.5,4.875014465933458
0,2024-03-06,momentum,10,0.2,VRT NVDA META CRWD DELL,0.5,-0.04850550011836763
0,2024-04-05,momentum,10,0.2,VRT MSTR COIN NVDA PLTR,0.5,-8.169017669901834
0,2024-05-06,momentum,10,0.2,VRT COIN MSTR VST NVDA,0.5,5.1276540469978205
0,2024-06-05,momentum,10,0.2,VRT MSTR COIN VST DELL,0.5,-2.054233203984912
0,2024-07-08,momentum,10,0.2,MSTR VRT VST COIN NVDA,0.5,2.9933276045483126
0,2024-08-06,momentum,10,0.2,MSTR VST NVDA ASTS COIN,0.5,9.005019091145394
0,2024-09-05,momentum,10,0.2,ASTS MSTR VST NVDA TWST,0.5,6.78720157357533
0,2024-10-04,momentum,10,0.2,ASTS MSTR VST NVDA TWST,0.5,4.314400894314807
0,2024-11-04,momentum,10,0.2,ASTS VST MSTR SMR NVDA,0.5,14.543337199197403
0,2024-12-04,momentum,10,0.2,SMR ASTS MSTR VST NVDA,0.5,-6.8282407884954655
0,2025-01-06,momentum,10,0.2,SMR MSTR LUNR ASTS PLTR,0.5,0.8249321949971744
0,2025-02-06,momentum,10,0.2,RGTI QBTS ASTS SMR MSTR,0.5,-2.873773608791119
0,2025-03-10,momentum,10,0.2,,0.0,0.0
0,2025-04-08,momentum,10,0.2,,0.0,0.0
0,2025-05-08,momentum,10,0.2,,0.0,0.0
0,2025-06-09,momentum,10,0.2,RGTI QBTS RKLB PLTR IONQ,0.5,0.48883462528370725
0,2025-07-10,momentum,10,0.2,QBTS RGTI OKLO RKLB IONQ,0.5,10.489662556130197
0,2025-08-08,momentum,10,0.2,QBTS RGTI RKLB OKLO IONQ,0.5,-2.447199301609415
0,2025-09-09,momentum,10,0.2,RGTI QBTS OKLO RKLB PLTR,0.5,27.071813763257623
0,2025-10-08,momentum,10,0.2,RGTI QBTS OKLO HOOD RKLB,0.5,-7.5263738542389325
0,2025-11-06,momentum,10,0.2,RGTI QBTS PL OKLO HOOD,0.5,-9.003033448942066
0,2025-12-08,momentum,10,0.2,RGTI QBTS OKLO LEU QS,0.5,-1.6315105762451765
0,2026-01-08,momentum,10,0.2,OKLO LEU HOOD ASTS MP,0.5,0.2400912470470029
0,2026-02-09,momentum,10,0.2,UUUU PL LEU MU ASTS,0.5,-2.6167599056707846
0,2026-03-11,momentum,10,0.2,PL UUUU RKLB MU UEC,0.5,2.1603170386437442
0,2026-04-10,momentum,10,0.2,PL MU UUUU TER ASTS,0.5,2.9807677411793465
0,2026-05-11,momentum,10,0.2,PL MU TER UUUU ASTS,0.5,9.274132787519008
0,2026-06-10,momentum,10,0.2,MU PL TER RKLB AMD,0.5,3.997240600249774
0,2026-07-13,momentum,10,0.2,MU PL TER LRCX AMD,0.5,-6.801273442697697
0,2016-06-30,qqq,10,0.2,QQQ,0.5,1.9009448754139235
0,2016-08-01,qqq,10,0.2,QQQ,0.5,0.7758392732818198
0,2016-08-30,qqq,10,0.2,QQQ,0.5,-0.33143701331405095
0,2016-09-29,qqq,10,0.2,QQQ,0.5,-0.5855974302331757
0,2016-10-28,qqq,10,0.2,QQQ,0.5,-0.8344114248152623
0,2016-11-29,qqq,10,0.2,QQQ,0.5,0.47416819721608494
0,2016-12-29,qqq,10,0.2,QQQ,0.5,1.239759689223141
0,2017-01-31,qqq,10,0.2,QQQ,0.5,1.1252289690167894
0,2017-03-02,qqq,10,0.2,QQQ,0.5,0.40409926595732504
0,2017-03-31,qqq,10,0.2,QQQ,0.5,-0.4802973166296298
0,2017-05-02,qqq,10,0.2,QQQ,0.5,0.8098969076312912
0,2017-06-01,qqq,10,0.2,QQQ,0.5,-1.2251903897274263
0,2017-06-30,qqq,10,0.2,QQQ,0.5,1.314807972571641
0,2017-08-01,qqq,10,0.2,QQQ,0.5,-0.25876414070316045
0,2017-08-30,qqq,10,0.2,QQQ,0.5,0.07210312035041966
0,2017-09-29,qqq,10,0.2,QQQ,0.5,0.8147308740335868
0,2017-10-30,qqq,10,0.2,QQQ,0.5,0.4907637604802728
0,2017-11-29,qqq,10,0.2,QQQ,0.5,0.37807400588310003
0,2017-12-29,qqq,10,0.2,QQQ,0.5,2.27781991076792
0,2018-01-31,qqq,10,0.2,QQQ,0.5,-1.7088147990973024
0,2018-03-02,qqq,10,0.2,QQQ,0.5,1.6549314356373523
0,2018-04-03,qqq,10,0.2,QQQ,0.5,3.7440401673872303
0,2018-05-02,qqq,10,0.2,QQQ,0.5,2.3734366558643583
0,2018-06-01,qqq,10,0.2,QQQ,0.5,0.9950298491898435
0,2018-07-02,qqq,10,0.2,QQQ,0.5,1.862137123066887
0,2018-08-01,qqq,10,0.2,QQQ,0.5,0.8534380187567026
0,2018-08-30,qqq,10,0.2,QQQ,0.5,-0.6868651278209681
0,2018-10-01,qqq,10,0.2,QQQ,0.5,-3.8019537498924394
0,2018-10-30,qqq,10,0.2,,0.0,0.0
0,2018-11-29,qqq,10,0.2,,0.0,0.0
0,2019-01-02,qqq,10,0.2,,0.0,0.0
0,2019-02-01,qqq,10,0.2,,0.0,0.0
0,2019-03-05,qqq,10,0.2,QQQ,0.5,1.2298343853591964
0,2019-04-03,qqq,10,0.2,QQQ,0.5,0.8013097628317256
0,2019-05-03,qqq,10,0.2,QQQ,0.5,-1.1696661414293708
0,2019-06-04,qqq,10,0.2,QQQ,0.5,2.677987878797339
0,2019-07-03,qqq,10,0.2,QQQ,0.5,0.5011059103793514
0,2019-08-02,qqq,10,0.2,QQQ,0.5,0.4577871181038695
0,2019-09-03,qqq,10,0.2,QQQ,0.5,1.2737897335545423
0,2019-10-02,qqq,10,0.2,QQQ,0.5,2.34318229074042
0,2019-10-31,qqq,10,0.2,QQQ,0.5,0.7824875002403919
0,2019-12-02,qqq,10,0.2,QQQ,0.5,2.158204314740231
0,2020-01-02,qqq,10,0.2,QQQ,0.5,2.0009170117285535
0,2020-02-03,qqq,10,0.2,QQQ,0.5,1.9610125995210392
0,2020-03-04,qqq,10,0.2,QQQ,0.5,-8.567121176150017
0,2020-04-02,qqq,10,0.2,,0.0,0.0
0,2020-05-04,qqq,10,0.2,QQQ,0.5,2.192689193676922
0,2020-06-03,qqq,10,0.2,QQQ,0.5,1.4393452929569728
0,2020-07-02,qqq,10,0.2,QQQ,0.5,0.6756097374277292
0,2020-08-03,qqq,10,0.2,QQQ,0.5,1.0990696655950316
0,2020-09-01,qqq,10,0.2,QQQ,0.5,-4.817123767881881
0,2020-10-01,qqq,10,0.2,QQQ,0.5,2.445533975943559
0,2020-10-30,qqq,10,0.2,QQQ,0.5,3.402365010123165
0,2020-12-01,qqq,10,0.2,QQQ,0.5,0.7321642371864945
0,2020-12-31,qqq,10,0.2,QQQ,0.5,-0.6145728458441968
0,2021-02-02,qqq,10,0.2,QQQ,0.5,0.5219228426469824
0,2021-03-04,qqq,10,0.2,QQQ,0.5,0.7523560321402334
0,2021-04-05,qqq,10,0.2,QQQ,0.5,1.129774689885421
0,2021-05-04,qqq,10,0.2,QQQ,0.5,-1.6062813753074723
0,2021-06-03,qqq,10,0.2,QQQ,0.5,1.928575029057833
0,2021-07-02,qqq,10,0.2,QQQ,0.5,-0.7374357464363768
0,2021-08-03,qqq,10,0.2,QQQ,0.5,-0.24140428984035234
0,2021-09-01,qqq,10,0.2,QQQ,0.5,-0.5780387189673997
0,2021-10-01,qqq,10,0.2,QQQ,0.5,1.350395187709541
0,2021-11-01,qqq,10,0.2,QQQ,0.5,0.9076583937420724
0,2021-12-01,qqq,10,0.2,QQQ,0.5,1.3551988873109266
0,2021-12-31,qqq,10,0.2,QQQ,0.5,-2.4808110719116927
0,2022-02-01,qqq,10,0.2,QQQ,0.5,-1.9393006911268218
0,2022-03-03,qqq,10,0.2,,0.0,0.0
0,2022-04-01,qqq,10,0.2,,0.0,0.0
0,2022-05-03,qqq,10,0.2,,0.0,0.0
0,2022-06-02,qqq,10,0.2,,0.0,0.0
0,2022-07-05,qqq,10,0.2,,0.0,0.0
0,2022-08-03,qqq,10,0.2,,0.0,0.0
0,2022-09-01,qqq,10,0.2,,0.0,0.0
0,2022-10-03,qqq,10,0.2,,0.0,0.0
0,2022-11-01,qqq,10,0.2,,0.0,0.0
0,2022-12-01,qqq,10,0.2,,0.0,0.0
0,2023-01-03,qqq,10,0.2,,0.0,0.0
0,2023-02-02,qqq,10,0.2,QQQ,0.5,-0.36826427214994295
0,2023-03-06,qqq,10,0.2,QQQ,0.5,0.9599991260715424
0,2023-04-04,qqq,10,0.2,QQQ,0.5,-0.004207326540839329
0,2023-05-04,qqq,10,0.2,QQQ,0.5,2.84581183266992
0,2023-06-05,qqq,10,0.2,QQQ,0.5,1.748497642186786
0,2023-07-06,qqq,10,0.2,QQQ,0.5,1.1950710100385287
0,2023-08-04,qqq,10,0.2,QQQ,0.5,-2.2019843850349163
0,2023-09-05,qqq,10,0.2,QQQ,0.5,-1.0091562692685296
0,2023-10-04,qqq,10,0.2,QQQ,0.5,0.4036173288402001
0,2023-11-02,qqq,10,0.2,QQQ,0.5,2.800393652586375
0,2023-12-04,qqq,10,0.2,QQQ,0.5,2.9511769058915505
0,2024-01-04,qqq,10,0.2,QQQ,0.5,3.012800020487738
0,2024-02-05,qqq,10,0.2,QQQ,0.5,-0.36588676306467116
0,2024-03-06,qqq,10,0.2,QQQ,0.5,0.11854318156501176
0,2024-04-05,qqq,10,0.2,QQQ,0.5,-3.1250420620425823
0,2024-05-06,qqq,10,0.2,QQQ,0.5,1.5090913851741883
0,2024-06-05,qqq,10,0.2,QQQ,0.5,1.7543393904410953
0,2024-07-08,qqq,10,0.2,QQQ,0.5,-1.7553342292805696
0,2024-08-06,qqq,10,0.2,QQQ,0.5,3.6742672790032627
0,2024-09-05,qqq,10,0.2,QQQ,0.5,2.3965702734054295
0,2024-10-04,qqq,10,0.2,QQQ,0.5,0.8335604690534959
0,2024-11-04,qqq,10,0.2,QQQ,0.5,1.1700884619419982
0,2024-12-04,qqq,10,0.2,QQQ,0.5,-0.7521225009528343
0,2025-01-06,qqq,10,0.2,QQQ,0.5,0.4621536761284961
0,2025-02-06,qqq,10,0.2,QQQ,0.5,-0.4820548013469761
0,2025-03-10,qqq,10,0.2,,0.0,0.0
0,2025-04-08,qqq,10,0.2,,0.0,0.0
0,2025-05-08,qqq,10,0.2,,0.0,0.0
0,2025-06-09,qqq,10,0.2,QQQ,0.5,0.7659086934820314
0,2025-07-10,qqq,10,0.2,QQQ,0.5,0.9561834735269503
0,2025-08-08,qqq,10,0.2,QQQ,0.5,-0.33607460526716704
0,2025-09-09,qqq,10,0.2,QQQ,0.5,1.1954719795046254
0,2025-10-08,qqq,10,0.2,QQQ,0.5,-0.5887142815140467
0,2025-11-06,qqq,10,0.2,QQQ,0.5,-1.9570826839045652
0,2025-12-08,qqq,10,0.2,QQQ,0.5,-0.3403599622081366
0,2026-01-08,qqq,10,0.2,QQQ,0.5,0.005296113583308504
0,2026-02-09,qqq,10,0.2,QQQ,0.5,-0.7032653829321611
0,2026-03-11,qqq,10,0.2,QQQ,0.5,-1.2753651607133598
0,2026-04-10,qqq,10,0.2,QQQ,0.5,4.354006785448328
0,2026-05-11,qqq,10,0.2,QQQ,0.5,1.4544196673206056
0,2026-06-10,qqq,10,0.2,QQQ,0.5,1.175793237394962
0,2026-07-13,qqq,10,0.2,QQQ,0.5,-2.739638881474815
0,2016-06-30,high,10,0.5,ADP BSX CB CVX DHR,0.5,6.614352602845042
0,2016-08-01,high,10,0.5,AMZN BLK BSX DHR GOOGL,0.5,-0.10952844591824995
0,2016-08-30,high,10,0.5,APD BLK BRK-B JPM LHX,0.5,-1.8672820161705794
0,2016-09-29,high,10,0.5,ACN AMZN BKNG CAT NVDA,0.5,-1.2990036969220853
0,2016-10-28,high,10,0.5,MA NOC TER JPM DE,0.5,1.9320910042114114
0,2016-11-29,high,10,0.5,ACN ADP AMAT GD HPE,0.5,0.28284498837987115
0,2016-12-29,high,10,0.5,ADP T DE CB ZTS,0.5,-0.3771517820776449
0,2017-01-31,high,10,0.5,DHR GEN HUBB NOW ZTS,0.5,0.2189835033667764
0,2017-03-02,high,10,0.5,ABT ALB AVGO BKNG CGNX,0.5,0.39212661687086925
0,2017-03-31,high,10,0.5,ADBE AMZN CGNX DIS FTNT,0.5,-0.6106983674313837
0,2017-05-02,high,10,0.5,AAPL ABBNY ABBV AMAT ANET,0.5,2.013394973725968
0,2017-06-01,high,10,0.5,ABBNY ABT ACN AMAT ANET,0.5,-0.5199869260508194
0,2017-06-30,high,10,0.5,AXP DHI PHM CAT C,0.5,0.42209342285370877
0,2017-08-01,high,10,0.5,ACN APD C CB CGNX,0.5,-0.75027615934814
0,2017-08-30,high,10,0.5,AAPL ADBE ANET BMY CAT,0.5,-0.022042315865800077
0,2017-09-29,high,10,0.5,ALB AMAT ASML AVAV AXP,0.5,0.7620839012378422
0,2017-10-30,high,10,0.5,AAPL ACN AMZN ANET AVGO,0.5,1.8777334871159956
0,2017-11-29,high,10,0.5,AXP BAC BLK BRK-B CI,0.5,0.5734129374626695
0,2017-12-29,high,10,0.5,ABBNY APD LOW PEP RIO,0.5,1.293149441157082
0,2018-01-31,high,10,0.5,ADP AMZN CB CRM FTNT,0.5,-1.3594181575425912
0,2018-03-02,high,10,0.5,CRM CRSP NFLX NOW PANW,0.5,1.9689235219094492
0,2018-04-03,high,10,0.5,RUN COP NEE LHX MPC,0.5,2.3027608024095425
0,2018-05-02,high,10,0.5,CCJ MA OKTA PANW VLO,0.5,1.7973750359228324
0,2018-06-01,high,10,0.5,AAPL ADBE ADP AMZN FTNT,0.5,0.9435283653712601
0,2018-07-02,high,10,0.5,CRM DELL NEE RUN AVAV,0.5,1.4876309374596497
0,2018-08-01,high,10,0.5,AAPL MDT PFE LLY PLD,0.5,1.163084544017834
0,2018-08-30,high,10,0.5,AAPL AMGN AMZN COP COST,0.5,-0.23117783246652257
0,2018-10-01,high,10,0.5,ABT ADBE ADP BSX COP,0.5,-4.4305605514497355
0,2018-10-30,high,10,0.5,,0.0,0.0
0,2018-11-29,high,10,0.5,,0.0,0.0
0,2019-01-02,high,10,0.5,,0.0,0.0
0,2019-02-01,high,10,0.5,,0.0,0.0
0,2019-03-05,high,10,0.5,MRK NEE SBUX ZTS LLY,0.5,-0.05443969975620355
0,2019-04-03,high,10,0.5,ACN ANET APD DELL INTU,0.5,0.14003233027142237
0,2019-05-03,high,10,0.5,APD AXP DELL DHR ENPH,0.5,1.122328428534547
0,2019-06-04,high,10,0.5,AON APD KO KTOS LHX,0.5,0.39955926930375085
0,2019-07-03,high,10,0.5,ABT ACN ADBE AON APD,0.5,0.3214973828924439
0,2019-08-02,high,10,0.5,SO ZTS DHI NEE T,0.5,1.7238473209957972
0,2019-09-03,high,10,0.5,DUK KLAC KO LMT MLM,0.5,0.017515809187429454
0,2019-10-02,high,10,0.5,LEN PHM SO DUK NEE,0.5,0.8934359071849807
0,2019-10-31,high,10,0.5,AMGN BMY MRK NEE SO,0.5,-0.6274456978974996
0,2019-12-02,high,10,0.5,BAC JPM AMGN DHR MRK,0.5,2.2917491790878097
0,2020-01-02,high,10,0.5,AAPL ABBNY ADBE AMAT AMD,0.5,1.5910204726617305
0,2020-02-03,high,10,0.5,ADBE AON DUK MSFT NOW,0.5,1.9898340033226658
0,2020-03-04,high,10,0.5,GILD NEE NVR DUK ZTS,0.5,-10.755029483836942
0,2020-04-02,high,10,0.5,,0.0,0.0
0,2020-05-04,high,10,0.5,OKTA MRNA VRTX GILD TMO,0.5,7.629272789714614
0,2020-06-03,high,10,0.5,ASML DHR KLAC LOW NKE,0.5,0.9861336084207251
0,2020-07-02,high,10,0.5,ADBE AMGN AMZN ASML CRSP,0.5,0.7400322151648986
0,2020-08-03,high,10,0.5,AAPL ACN CGNX COST CRM,0.5,0.7738841906110849
0,2020-09-01,high,10,0.5,AAPL ALB AMD AMZN APD,0.5,-5.161212898918066
0,2020-10-01,high,10,0.5,DDOG DHI ENPH LEN PACB,0.5,7.280254385287632
0,2020-10-30,high,10,0.5,SQM PWR TMO NEE DHR,0.5,2.918298230721428
0,2020-12-01,high,10,0.5,ACN AMAT ASML AVGO BLK,0.5,0.8090625558554665
0,2020-12-31,high,10,0.5,ABBNY AVGO BLK DIS GS,0.5,0.7865776261727353
0,2021-02-02,high,10,0.5,AVGO FTNT GOOGL MSTR NOW,0.5,4.274901126036368
0,2021-03-04,high,10,0.5,AXP BAC MPC SCHW EMR,0.5,-0.8303077827544247
0,2021-04-05,high,10,0.5,ABBNY ACN ADP AMAT AON,0.5,-0.23070915996010743
0,2021-05-04,high,10,0.5,AON BLK BRK-B CAT CI,0.5,0.31610166798825556
0,2021-06-03,high,10,0.5,ANET AXP BAC COP EMR,0.5,-1.0306917502590163
0,2021-07-02,high,10,0.5,ACN ADBE ADP BLK BMY,0.5,-0.6100154849879025
0,2021-08-03,high,10,0.5,ABBNY ADP ALB AMD AON,0.5,0.3838203361743231
0,2021-09-01,high,10,0.5,ABT ACN ALB AON ASML,0.5,-0.0040588944501651625
0,2021-10-01,high,10,0.5,COP DELL JPM MPC MRK,0.5,0.16474086284259393
0,2021-11-01,high,10,0.5,ABT ALB AMD COST CRM,0.5,2.6960090374242407
0,2021-12-01,high,10,0.5,LRCX NVR PFE AAPL NEE,0.5,3.526886398228468
0,2021-12-31,high,10,0.5,ITW LIN MDLZ NEE PEP,0.5,-1.4336930186701236
0,2022-02-01,high,10,0.5,COP EOG OXY UPS VLO,0.5,-0.43686926918031777
0,2022-03-03,high,10,0.5,,0.0,0.0
0,2022-04-01,high,10,0.5,,0.0,0.0
0,2022-05-03,high,10,0.5,,0.0,0.0
0,2022-06-02,high,10,0.5,,0.0,0.0
0,2022-07-05,high,10,0.5,,0.0,0.0
0,2022-08-03,high,10,0.5,,0.0,0.0
0,2022-09-01,high,10,0.5,,0.0,0.0
0,2022-10-03,high,10,0.5,,0.0,0.0
0,2022-11-01,high,10,0.5,,0.0,0.0
0,2022-12-01,high,10,0.5,,0.0,0.0
0,2023-01-03,high,10,0.5,,0.0,0.0
0,2023-02-02,high,10,0.5,BSX DHI NUE SYK URI,0.5,-1.4947576734304358
0,2023-03-06,high,10,0.5,AVGO FSLR PGR PWR ROK,0.5,-2.222660062819204
0,2023-04-04,high,10,0.5,BSX MCD MDLZ ORCL SYK,0.5,1.172851294108379
0,2023-05-04,high,10,0.5,BIIB PEP VRTX MDLZ MSFT,0.5,-0.32621584926102454
0,2023-06-05,high,10,0.5,CCJ FTNT ISRG LLY MLM,0.5,0.9407134976203269
0,2023-07-06,high,10,0.5,VST BRK-B V MA MSTR,0.5,2.2676181898057646
0,2023-08-04,high,10,0.5,BKNG CEG MPC VRT VST,0.5,0.2756521729077699
0,2023-09-05,high,10,0.5,ADBE ANET IBM INTU LLY,0.5,-1.3707471056458975
0,2023-10-04,high,10,0.5,COST GOOGL WMT VRTX LIN,0.5,0.2925997331232333
0,2023-11-02,high,10,0.5,ANET CCJ CEG KTOS VRTX,0.5,-0.2882568857170975
0,2023-12-04,high,10,0.5,AVAV CCJ COIN COST CRWD,0.5,2.252700843367994
0,2024-01-04,high,10,0.5,AMGN BSX C JPM VRTX,0.5,0.3917083170969393
0,2024-02-05,high,10,0.5,ABBV ASML BKNG BRK-B CAT,0.5,0.42668962397125476
0,2024-03-06,high,10,0.5,ABBV ABNB AMAT AMD ASML,0.5,-2.945038897708574
0,2024-04-05,high,10,0.5,AMZN CAT CEG COP DELL,0.5,-3.901686693098516
0,2024-05-06,high,10,0.5,CCJ CEG DUK GS MS,0.5,2.375958636821829
0,2024-06-05,high,10,0.5,AMAT AVAV COST DHR GEN,0.5,-0.5313333086399807
0,2024-07-08,high,10,0.5,AAPL ANET ASML C KLAC,0.5,-3.2582581121043286
0,2024-08-06,high,10,0.5,DUK PG LMT T KO,0.5,0.5381601480545006
0,2024-09-05,high,10,0.5,SO SPGI T DUK PG,0.5,-0.24689588900596027
0,2024-10-04,high,10,0.5,ADP ANET AXP BSX CAT,0.5,0.7176106350991418
0,2024-11-04,high,10,0.5,BKNG GILD ILMN V NOW,0.5,0.1402873693114426
0,2024-12-04,high,10,0.5,AAPL AMZN BKNG C COIN,0.5,-2.8968234839339857
0,2025-01-06,high,10,0.5,ANET C GOOGL IONQ KTOS,0.5,1.6006729923369267
0,2025-02-06,high,10,0.5,ADP BAC BSX C COST,0.5,-1.339497318922589
0,2025-03-10,high,10,0.5,,0.0,0.0
0,2025-04-08,high,10,0.5,,0.0,0.0
0,2025-05-08,high,10,0.5,,0.0,0.0
0,2025-06-09,high,10,0.5,IBM KTOS LEU MP MSFT,0.5,6.175066079309799
0,2025-07-10,high,10,0.5,BLK COIN EMR GEV HOOD,0.5,2.645104142319199
0,2025-08-08,high,10,0.5,AVGO BLK GILD HOOD JNJ,0.5,-1.0298358970646349
0,2025-09-09,high,10,0.5,C GOOGL GS HOOD MDT,0.5,1.9411897104482767
0,2025-10-08,high,10,0.5,ANET ASTS AVAV CAT CEG,0.5,-3.7728942689900014
0,2025-11-06,high,10,0.5,CWEN DDOG GOOGL LLY MU,0.5,-1.2200261996270556
0,2025-12-08,high,10,0.5,C GS MDB MS TER,0.5,1.5563073818798179
0,2026-01-08,high,10,0.5,F GM GOOGL HII LHX,0.5,0.581367722146986
0,2026-02-09,high,10,0.5,ABBNY C CAT COP CVX,0.5,-0.3559407099339329
0,2026-03-11,high,10,0.5,CVX MPC OXY VLO VRT,0.5,2.4569541025470487
0,2026-04-10,high,10,0.5,AMAT APD BEP CAT CWEN,0.5,0.39450979992692314
0,2026-05-11,high,10,0.5,ABBNY AMAT AMD APD CGNX,0.5,1.3687771984491226
0,2026-06-10,high,10,0.5,KO TJX CVS KLAC AMAT,0.5,3.75762432174207
0,2026-07-13,high,10,0.5,AAPL CVS ELV KO MPC,0.5,-0.33092868658287644
0,2016-06-30,momentum,10,0.5,NVDA AMD AMZN ALB HII,0.5,2.363608685198826
0,2016-08-01,momentum,10,0.5,AMD NVDA ALB HII KLAC,0.5,0.33265477936947896
0,2016-08-30,momentum,10,0.5,AMD NVDA DHR ALB AMAT,0.5,-3.80091787457022
0,2016-09-29,momentum,10,0.5,AMD NVDA AMAT DHR ALB,0.5,-2.0997621751565387
0,2016-10-28,momentum,10,0.5,AMD NVDA AMAT DHR ALB,0.5,1.4793174144213772
0,2016-11-29,momentum,10,0.5,AMD NVDA DHR GEN ALB,0.5,1.9481536028573831
0,2016-12-29,momentum,10,0.5,AMD NVDA FCX CGNX DHR,0.5,-0.04833234187135993
0,2017-01-31,momentum,10,0.5,AMD NVDA FCX URI CGNX,0.5,1.6488902366464053
0,2017-03-02,momentum,10,0.5,AMD NVDA URI MU DHR,0.5,0.3659938002928742
0,2017-03-31,momentum,10,0.5,AMD NVDA MU URI CGNX,0.5,-3.804657161805425
0,2017-05-02,momentum,10,0.5,AMD NVDA MU CGNX ANET,0.5,6.696842412369763
0,2017-06-01,momentum,10,0.5,AMD NVDA MU CGNX XYZ,0.5,0.6887113431648606
0,2017-06-30,momentum,10,0.5,NVDA XYZ ANET MU CGNX,0.5,3.4147046159911376
0,2017-08-01,momentum,10,0.5,NVDA XYZ MU ANET CGNX,0.5,0.4598939764816512
0,2017-08-30,momentum,10,0.5,NVDA XYZ CGNX NFLX ANET,0.5,1.4317706378264683
0,2017-09-29,momentum,10,0.5,NVDA STLA XYZ ANET CGNX,0.5,2.604309941085514
0,2017-10-30,momentum,10,0.5,XYZ NVDA STLA MU ANET,0.5,3.513729559049006
0,2017-11-29,momentum,10,0.5,XYZ SEDG STLA SQM NVDA,0.5,-0.8512151327171646
0,2017-12-29,momentum,10,0.5,SEDG XYZ ANET CGNX NVR,0.5,2.6467348769987575
0,2018-01-31,momentum,10,0.5,SEDG ANET XYZ FSLR SQM,0.5,-0.040998036939854376
0,2018-03-02,momentum,10,0.5,XYZ NVDA SEDG ANET STLA,0.5,4.748209454503605
0,2018-04-03,momentum,10,0.5,SEDG XYZ FSLR CRSP NVDA,0.5,5.356089639374129
0,2018-05-02,momentum,10,0.5,SEDG CRSP XYZ FSLR NVDA,0.5,8.110259541477149
0,2018-06-01,momentum,10,0.5,CRSP SEDG XYZ STLA NFLX,0.5,-1.187480341608349
0,2018-07-02,momentum,10,0.5,ENPH CRSP SEDG XYZ OKTA,0.5,1.7359628757864343
0,2018-08-01,momentum,10,0.5,ENPH CRSP XYZ OKTA NFLX,0.5,-0.24472134230709708
0,2018-08-30,momentum,10,0.5,XYZ CRSP RUN OKTA NFLX,0.5,2.076953220363875
0,2018-10-01,momentum,10,0.5,XYZ FTNT OKTA AMZN NFLX,0.5,-8.369803928899888
0,2018-10-30,momentum,10,0.5,,0.0,0.0
0,2018-11-29,momentum,10,0.5,,0.0,0.0
0,2019-01-02,momentum,10,0.5,,0.0,0.0
0,2019-02-01,momentum,10,0.5,,0.0,0.0
0,2019-03-05,momentum,10,0.5,MDB OKTA AMD RUN LLY,0.5,3.8603408944051676
0,2019-04-03,momentum,10,0.5,AMD MDB ZS OKTA IRDM,0.5,-2.5863157583530305
0,2019-05-03,momentum,10,0.5,MDB AMD ZS IRDM ENPH,0.5,3.2429032635509447
0,2019-06-04,momentum,10,0.5,MDB ENPH ZS AMD OKTA,0.5,5.326878171141214
0,2019-07-03,momentum,10,0.5,MDB ENPH OKTA KTOS AMD,0.5,2.94407272757784
0,2019-08-02,momentum,10,0.5,ENPH MDB OKTA ZS KTOS,0.5,1.2914962843681543
0,2019-09-03,momentum,10,0.5,ENPH OKTA MDB ZS SBUX,0.5,-6.783793133868443
0,2019-10-02,momentum,10,0.5,ENPH SEDG OKTA SBUX KLAC,0.5,1.7587911700571057
0,2019-10-31,momentum,10,0.5,ENPH SEDG OKTA KLAC TER,0.5,0.31067862141413993
0,2019-12-02,momentum,10,0.5,ENPH SEDG LRCX KLAC OKTA,0.5,4.4452821429876055
0,2020-01-02,momentum,10,0.5,ENPH CRSP SEDG AMD TER,0.5,1.6236676904643366
0,2020-02-03,momentum,10,0.5,ENPH SEDG AMD TER CRSP,0.5,3.863577866353296
0,2020-03-04,momentum,10,0.5,ENPH TSLA SEDG AMD LRCX,0.5,-20.189600673137253
0,2020-04-02,momentum,10,0.5,,0.0,0.0
0,2020-05-04,momentum,10,0.5,ENPH TSLA SEDG AMD REGN,0.5,5.496078164519669
0,2020-06-03,momentum,10,0.5,TSLA ENPH MRNA NVDA SEDG,0.5,-1.1732121235831117
0,2020-07-02,momentum,10,0.5,MRNA TSLA ENPH SEDG NVDA,0.5,11.803342580611776
0,2020-08-03,momentum,10,0.5,TSLA MRNA NVDA SEDG REGN,0.5,3.2613352238789695
0,2020-09-01,momentum,10,0.5,TSLA MRNA RUN NVDA AMD,0.5,-2.814673935417611
0,2020-10-01,momentum,10,0.5,TSLA MRNA RUN ENPH ZS,0.5,3.688456037856347
0,2020-10-30,momentum,10,0.5,TSLA RUN ENPH MRNA ZS,0.5,5.118540261294169
0,2020-12-01,momentum,10,0.5,TSLA ENPH RUN MRNA TWST,0.5,6.826082671220957
0,2020-12-31,momentum,10,0.5,MRNA TSLA TWST RUN ENPH,0.5,8.947166962778951
0,2021-02-02,momentum,10,0.5,TWST PACB ENPH MRNA TSLA,0.5,-0.10653353485279293
0,2021-03-04,momentum,10,0.5,PACB TWST TSLA MRNA MSTR,0.5,3.270397265414604
0,2021-04-05,momentum,10,0.5,PACB TSLA MSTR FCX ENPH,0.5,-2.8597224119910836
0,2021-05-04,momentum,10,0.5,PACB MSTR NTLA BEAM TSLA,0.5,-5.504253609155596
0,2021-06-03,momentum,10,0.5,PACB MSTR FCX UUUU NTLA,0.5,2.3581586784438224
0,2021-07-02,momentum,10,0.5,PACB UUUU MSTR FCX MRNA,0.5,-4.489372102147371
0,2021-08-03,momentum,10,0.5,PACB NTLA BEAM MSTR MP,0.5,0.5460160313460749
0,2021-09-01,momentum,10,0.5,NTLA MRNA PACB MSTR BEAM,0.5,-3.338692254357656
0,2021-10-01,momentum,10,0.5,NTLA MRNA UUUU NET ALB,0.5,6.575917183022373
0,2021-11-01,momentum,10,0.5,NTLA MRNA UUUU MSTR UEC,0.5,2.3185703068841157
0,2021-12-01,momentum,10,0.5,UUUU UEC NET FTNT CCJ,0.5,-1.3417940985554044
0,2021-12-31,momentum,10,0.5,NVDA F NET FTNT UEC,0.5,-3.7441808860666947
0,2022-02-01,momentum,10,0.5,FTNT NUE NVDA F EOG,0.5,0.40376302793334595
0,2022-03-03,momentum,10,0.5,,0.0,0.0
0,2022-04-01,momentum,10,0.5,,0.0,0.0
0,2022-05-03,momentum,10,0.5,,0.0,0.0
0,2022-06-02,momentum,10,0.5,,0.0,0.0
0,2022-07-05,momentum,10,0.5,,0.0,0.0
0,2022-08-03,momentum,10,0.5,,0.0,0.0
0,2022-09-01,momentum,10,0.5,,0.0,0.0
0,2022-10-03,momentum,10,0.5,,0.0,0.0
0,2022-11-01,momentum,10,0.5,,0.0,0.0
0,2022-12-01,momentum,10,0.5,,0.0,0.0
0,2023-01-03,momentum,10,0.5,,0.0,0.0
0,2023-02-02,momentum,10,0.5,FSLR CEG MPC IRDM LLY,0.5,0.13432368200325673
0,2023-03-06,momentum,10,0.5,FSLR CEG VLO MPC ALB,0.5,-3.599711109066961
0,2023-04-04,momentum,10,0.5,FSLR MPC IRDM VLO XOM,0.5,-0.2770342079032151
0,2023-05-04,momentum,10,0.5,FSLR NFLX IRDM PACB ANET,0.5,3.2241045629487486
0,2023-06-05,momentum,10,0.5,FSLR PACB IRDM BIIB NFLX,0.5,-0.6755024496814088
0,2023-07-06,momentum,10,0.5,FSLR NVDA PACB SYM VRT,0.5,3.5119257702891593
0,2023-08-04,momentum,10,0.5,SYM PACB IONQ NVDA VRT,0.5,-7.7007941628716825
0,2023-09-05,momentum,10,0.5,SYM NVDA VRT IONQ PLTR,0.5,-5.048430200561638
0,2023-10-04,momentum,10,0.5,NVDA IONQ VRT SYM META,0.5,2.810381554328223
0,2023-11-02,momentum,10,0.5,NVDA META SYM IONQ VRT,0.5,2.3189341677548825
0,2023-12-04,momentum,10,0.5,SYM VRT META NVDA PLTR,0.5,2.2967023406639475
0,2024-01-04,momentum,10,0.5,SYM COIN IONQ MSTR VRT,0.5,-4.065251167226014
0,2024-02-05,momentum,10,0.5,VRT SYM MSTR NVDA CRWD,0.5,4.710635579917466
0,2024-03-06,momentum,10,0.5,VRT NVDA META CRWD DELL,0.5,-0.19813591207611392
0,2024-04-05,momentum,10,0.5,VRT MSTR COIN NVDA PLTR,0.5,-8.29432297220194
0,2024-05-06,momentum,10,0.5,VRT COIN MSTR VST NVDA,0.5,4.96251837552486
0,2024-06-05,momentum,10,0.5,VRT MSTR COIN VST DELL,0.5,-2.197855430089357
0,2024-07-08,momentum,10,0.5,MSTR VRT VST COIN NVDA,0.5,2.8345853382783837
0,2024-08-06,momentum,10,0.5,MSTR VST NVDA ASTS COIN,0.5,8.82826871755642
0,2024-09-05,momentum,10,0.5,ASTS MSTR VST NVDA TWST,0.5,6.617094703891957
0,2024-10-04,momentum,10,0.5,ASTS MSTR VST NVDA TWST,0.5,4.15170133422309
0,2024-11-04,momentum,10,0.5,ASTS VST MSTR SMR NVDA,0.5,14.349996714974944
0,2024-12-04,momentum,10,0.5,SMR ASTS MSTR VST NVDA,0.5,-6.957562407006268
0,2025-01-06,momentum,10,0.5,SMR MSTR LUNR ASTS PLTR,0.5,0.6726853880056449
0,2025-02-06,momentum,10,0.5,RGTI QBTS ASTS SMR MSTR,0.5,-3.014940889961193
0,2025-03-10,momentum,10,0.5,,0.0,0.0
0,2025-04-08,momentum,10,0.5,,0.0,0.0
0,2025-05-08,momentum,10,0.5,,0.0,0.0
0,2025-06-09,momentum,10,0.5,RGTI QBTS RKLB PLTR IONQ,0.5,0.33759460334070734
0,2025-07-10,momentum,10,0.5,QBTS RGTI OKLO RKLB IONQ,0.5,10.308464911934001
0,2025-08-08,momentum,10,0.5,QBTS RGTI RKLB OKLO IONQ,0.5,-2.589644392181445
0,2025-09-09,momentum,10,0.5,RGTI QBTS OKLO RKLB PLTR,0.5,26.840944049364413
0,2025-10-08,momentum,10,0.5,RGTI QBTS OKLO HOOD RKLB,0.5,-7.653604205225606
0,2025-11-06,momentum,10,0.5,RGTI QBTS PL OKLO HOOD,0.5,-9.125840445118472
0,2025-12-08,momentum,10,0.5,RGTI QBTS OKLO LEU QS,0.5,-1.776399073991075
0,2026-01-08,momentum,10,0.5,OKLO LEU HOOD ASTS MP,0.5,0.08959633942999812
0,2026-02-09,momentum,10,0.5,UUUU PL LEU MU ASTS,0.5,-2.7586970750426487
0,2026-03-11,momentum,10,0.5,PL UUUU RKLB MU UEC,0.5,2.0040700673672918
0,2026-04-10,momentum,10,0.5,PL MU UUUU TER ASTS,0.5,2.8220630981587114
0,2026-05-11,momentum,10,0.5,PL MU TER UUUU ASTS,0.5,9.096576280026403
0,2026-06-10,momentum,10,0.5,MU PL TER RKLB AMD,0.5,3.8354910983281476
0,2026-07-13,momentum,10,0.5,MU PL TER LRCX AMD,0.5,-6.930675842276246
0,2016-06-30,qqq,10,0.5,QQQ,0.5,1.745474857140028
0,2016-08-01,qqq,10,0.5,QQQ,0.5,0.623739524835254
0,2016-08-30,qqq,10,0.5,QQQ,0.5,-0.4802198999014573
0,2016-09-29,qqq,10,0.5,QQQ,0.5,-0.7336189756781741
0,2016-10-28,qqq,10,0.5,QQQ,0.5,-0.9816876444019962
0,2016-11-29,qqq,10,0.5,QQQ,0.5,0.32297210876690574
0,2016-12-29,qqq,10,0.5,QQQ,0.5,1.086270260574862
0,2017-01-31,qqq,10,0.5,QQQ,0.5,0.9720826187692433
0,2017-03-02,qqq,10,0.5,QQQ,0.5,0.25311306998792027
0,2017-03-31,qqq,10,0.5,QQQ,0.5,-0.6286342900620245
0,2017-05-02,qqq,10,0.5,QQQ,0.5,0.6576951390568464
0,2017-06-01,qqq,10,0.5,QQQ,0.5,-1.3712960253688844
0,2017-06-30,qqq,10,0.5,QQQ,0.5,1.161093735723595
0,2017-08-01,qqq,10,0.5,QQQ,0.5,-0.4077647199136947
0,2017-08-30,qqq,10,0.5,QQQ,0.5,-0.0778885764446624
0,2017-09-29,qqq,10,0.5,QQQ,0.5,0.6625146252440262
0,2017-10-30,qqq,10,0.5,QQQ,0.5,0.3395179597853515
0,2017-11-29,qqq,10,0.5,QQQ,0.5,0.22716576895023266
0,2017-12-29,qqq,10,0.5,QQQ,0.5,2.121220957967429
0,2018-01-31,qqq,10,0.5,QQQ,0.5,-1.853471730944578
0,2018-03-02,qqq,10,0.5,QQQ,0.5,1.5001983541200081
0,2018-04-03,qqq,10,0.5,QQQ,0.5,3.5830491309621015
0,2018-05-02,qqq,10,0.5,QQQ,0.5,2.2165512817445165
0,2018-06-01,qqq,10,0.5,QQQ,0.5,0.8422735122568303
0,2018-07-02,qqq,10,0.5,QQQ,0.5,1.706783353966923
0,2018-08-01,qqq,10,0.5,QQQ,0.5,0.7011058221648492
0,2018-08-30,qqq,10,0.5,QQQ,0.5,-0.8345833244380652
0,2018-10-01,qqq,10,0.5,QQQ,0.5,-3.9403406542534825
0,2018-10-30,qqq,10,0.5,,0.0,0.0
0,2018-11-29,qqq,10,0.5,,0.0,0.0
0,2019-01-02,qqq,10,0.5,,0.0,0.0
0,2019-02-01,qqq,10,0.5,,0.0,0.0
0,2019-03-05,qqq,10,0.5,QQQ,0.5,1.0763746880997571
0,2019-04-03,qqq,10,0.5,QQQ,0.5,0.6491337171716127
0,2019-05-03,qqq,10,0.5,QQQ,0.5,-1.315938100746017
0,2019-06-04,qqq,10,0.5,QQQ,0.5,2.520190217159257
0,2019-07-03,qqq,10,0.5,QQQ,0.5,0.3498291296273992
0,2019-08-02,qqq,10,0.5,QQQ,0.5,0.3066400994100382
0,2019-09-03,qqq,10,0.5,QQQ,0.5,1.1201983674246518
0,2019-10-02,qqq,10,0.5,QQQ,0.5,2.1863875440014002
0,2019-10-31,qqq,10,0.5,QQQ,0.5,0.6303678369354637
0,2019-12-02,qqq,10,0.5,QQQ,0.5,2.00196367215828
0,2020-01-02,qqq,10,0.5,QQQ,0.5,1.8451475254990024
0,2020-02-03,qqq,10,0.5,QQQ,0.5,1.8053626475255546
0,2020-03-04,qqq,10,0.5,QQQ,0.5,-8.691233953737122
0,2020-04-02,qqq,10,0.5,,0.0,0.0
0,2020-05-04,qqq,10,0.5,QQQ,0.5,2.0363452511498403
0,2020-06-03,qqq,10,0.5,QQQ,0.5,1.2852580027951088
0,2020-07-02,qqq,10,0.5,QQQ,0.5,0.5238102279808254
0,2020-08-03,qqq,10,0.5,QQQ,0.5,0.9460016759128109
0,2020-09-01,qqq,10,0.5,QQQ,0.5,-4.952469716020891
0,2020-10-01,qqq,10,0.5,QQQ,0.5,2.2884326332763605
0,2020-10-30,qqq,10,0.5,QQQ,0.5,3.2423974664893995
0,2020-12-01,qqq,10,0.5,QQQ,0.5,0.58019531793152
0,2020-12-31,qqq,10,0.5,QQQ,0.5,-0.7625075950197902
0,2021-02-02,qqq,10,0.5,QQQ,0.5,0.37058370447844435
0,2021-03-04,qqq,10,0.5,QQQ,0.5,0.6003266280763864
0,2021-04-05,qqq,10,0.5,QQQ,0.5,0.9766147228663868
0,2021-05-04,qqq,10,0.5,QQQ,0.5,-1.7512454474834738
0,2021-06-03,qqq,10,0.5,QQQ,0.5,1.773022244265876
0,2021-07-02,qqq,10,0.5,QQQ,0.5,-0.8850024580464355
0,2021-08-03,qqq,10,0.5,QQQ,0.5,-0.3904568707309597
0,2021-09-01,qqq,10,0.5,QQQ,0.5,-0.7260829066394581
0,2021-10-01,qqq,10,0.5,QQQ,0.5,1.196574348852586
0,2021-11-01,qqq,10,0.5,QQQ,0.5,0.7551637792460486
0,2021-12-01,qqq,10,0.5,QQQ,0.5,1.2013636589035315
0,2021-12-31,qqq,10,0.5,QQQ,0.5,-2.623155477947925
0,2022-02-01,qqq,10,0.5,QQQ,0.5,-2.0832671992075946
0,2022-03-03,qqq,10,0.5,,0.0,0.0
0,2022-04-01,qqq,10,0.5,,0.0,0.0
0,2022-05-03,qqq,10,0.5,,0.0,0.0
0,2022-06-02,qqq,10,0.5,,0.0,0.0
0,2022-07-05,qqq,10,0.5,,0.0,0.0
0,2022-08-03,qqq,10,0.5,,0.0,0.0
0,2022-09-01,qqq,10,0.5,,0.0,0.0
0,2022-10-03,qqq,10,0.5,,0.0,0.0
0,2022-11-01,qqq,10,0.5,,0.0,0.0
0,2022-12-01,qqq,10,0.5,,0.0,0.0
0,2023-01-03,qqq,10,0.5,,0.0,0.0
0,2023-02-02,qqq,10,0.5,QQQ,0.5,-0.5169368421598985
0,2023-03-06,qqq,10,0.5,QQQ,0.5,0.8073477241676619
0,2023-04-04,qqq,10,0.5,QQQ,0.5,-0.1539704343073378
0,2023-05-04,qqq,10,0.5,QQQ,0.5,2.687511451991975
0,2023-06-05,qqq,10,0.5,QQQ,0.5,1.5934842817674433
0,2023-07-06,qqq,10,0.5,QQQ,0.5,1.0417154469640977
0,2023-08-04,qqq,10,0.5,QQQ,0.5,-2.3451640203759005
0,2023-09-05,qqq,10,0.5,QQQ,0.5,-1.1559090381892623
0,2023-10-04,qqq,10,0.5,QQQ,0.5,0.25263257652023974
0,2023-11-02,qqq,10,0.5,QQQ,0.5,2.6422293227125637
0,2023-12-04,qqq,10,0.5,QQQ,0.5,2.79256090263873
0,2024-01-04,qqq,10,0.5,QQQ,0.5,2.8539994243190314
0,2024-02-05,qqq,10,0.5,QQQ,0.5,-0.5145664549368933
0,2024-03-06,qqq,10,0.5,QQQ,0.5,-0.03158762709372098
0,2024-04-05,qqq,10,0.5,QQQ,0.5,-3.265456664988553
0,2024-05-06,qqq,10,0.5,QQQ,0.5,1.3547951696015081
0,2024-06-05,qqq,10,0.5,QQQ,0.5,1.5993085309818245
0,2024-07-08,qqq,10,0.5,QQQ,0.5,-1.8998518115133423
0,2024-08-06,qqq,10,0.5,QQQ,0.5,3.5134852482572976
0,2024-09-05,qqq,10,0.5,QQQ,0.5,2.239615602205336
0,2024-10-04,qqq,10,0.5,QQQ,0.5,0.6812878159443425
0,2024-11-04,qqq,10,0.5,QQQ,0.5,1.0168077344455684
0,2024-12-04,qqq,10,0.5,QQQ,0.5,-0.8996452181809222
0,2025-01-06,qqq,10,0.5,QQQ,0.5,0.3109935773480066
0,2025-02-06,qqq,10,0.5,QQQ,0.5,-0.6303865102089246
0,2025-03-10,qqq,10,0.5,,0.0,0.0
0,2025-04-08,qqq,10,0.5,,0.0,0.0
0,2025-05-08,qqq,10,0.5,,0.0,0.0
0,2025-06-09,qqq,10,0.5,QQQ,0.5,0.6138386922284633
0,2025-07-10,qqq,10,0.5,QQQ,0.5,0.8035435014645431
0,2025-08-08,qqq,10,0.5,QQQ,0.5,-0.4848435998819345
0,2025-09-09,qqq,10,0.5,QQQ,0.5,1.0421152153204716
0,2025-10-08,qqq,10,0.5,QQQ,0.5,-0.7367264903867299
0,2025-11-06,qqq,10,0.5,QQQ,0.5,-2.1009959257731414
0,2025-12-08,qqq,10,0.5,QQQ,0.5,-0.4891161199752525
0,2026-01-08,qqq,10,0.5,QQQ,0.5,-0.14449546187319529
0,2026-02-09,qqq,10,0.5,QQQ,0.5,-0.8509344523519036
0,2026-03-11,qqq,10,0.5,QQQ,0.5,-1.421320497114953
0,2026-04-10,qqq,10,0.5,QQQ,0.5,4.191188585346639
0,2026-05-11,qqq,10,0.5,QQQ,0.5,1.3002872216560046
0,2026-06-10,qqq,10,0.5,QQQ,0.5,1.0224954211625947
0,2026-07-13,qqq,10,0.5,QQQ,0.5,-2.88120796512763
0,2016-06-30,high,10,1.0,ADP BSX CB CVX DHR,0.5,6.331983233636707
0,2016-08-01,high,10,1.0,AMZN BLK BSX DHR GOOGL,0.5,-0.3583618306441383
0,2016-08-30,high,10,1.0,APD BLK BRK-B JPM LHX,0.5,-2.1073484408583143
0,2016-09-29,high,10,1.0,ACN AMZN BKNG CAT NVDA,0.5,-1.5419044627824063
0,2016-10-28,high,10,1.0,MA NOC TER JPM DE,0.5,1.6730748518693161
0,2016-11-29,high,10,1.0,ACN ADP AMAT GD HPE,0.5,0.03205460451782827
0,2016-12-29,high,10,1.0,ADP T DE CB ZTS,0.5,-0.6246503704287365
0,2017-01-31,high,10,1.0,DHR GEN HUBB NOW ZTS,0.5,-0.031488365376564076
0,2017-03-02,high,10,1.0,ABT ALB AVGO BKNG CGNX,0.5,0.14079118068404117
0,2017-03-31,high,10,1.0,ADBE AMZN CGNX DIS FTNT,0.5,-0.8570321203837494
0,2017-05-02,high,10,1.0,AAPL ABBNY ABBV AMAT ANET,0.5,1.7539733102452493
0,2017-06-01,high,10,1.0,ABBNY ABT ACN AMAT ANET,0.5,-0.7667731107860343
0,2017-06-30,high,10,1.0,AXP DHI PHM CAT C,0.5,0.1706085244242983
0,2017-08-01,high,10,1.0,ACN APD C CB CGNX,0.5,-0.9959137550321184
0,2017-08-30,high,10,1.0,AAPL ADBE ANET BMY CAT,0.5,-0.2713120458331719
0,2017-09-29,high,10,1.0,ALB AMAT ASML AVAV AXP,0.5,0.5089032685554162
0,2017-10-30,high,10,1.0,AAPL ACN AMZN ANET AVGO,0.5,1.6189884479653083
0,2017-11-29,high,10,1.0,AXP BAC BLK BRK-B CI,0.5,0.3211733188267063
0,2017-12-29,high,10,1.0,ABBNY APD LOW PEP RIO,0.5,1.0373200695132478
0,2018-01-31,high,10,1.0,ADP AMZN CB CRM FTNT,0.5,-1.602017600640182
0,2018-03-02,high,10,1.0,CRM CRSP NFLX NOW PANW,0.5,1.709723663946594
0,2018-04-03,high,10,1.0,RUN COP NEE LHX MPC,0.5,2.0418958998426273
0,2018-05-02,high,10,1.0,CCJ MA OKTA PANW VLO,0.5,1.5390307920498447
0,2018-06-01,high,10,1.0,AAPL ADBE ADP AMZN FTNT,0.5,0.6894427614840826
0,2018-07-02,high,10,1.0,CRM DELL NEE RUN AVAV,0.5,1.2308315711959228
0,2018-08-01,high,10,1.0,AAPL MDT PFE LLY PLD,0.5,0.907903883191552
0,2018-08-30,high,10,1.0,AAPL AMGN AMZN COP COST,0.5,-0.4794044795196517
0,2018-10-01,high,10,1.0,ABT ADBE ADP BSX COP,0.5,-4.657842385131206
0,2018-10-30,high,10,1.0,,0.0,0.0
0,2018-11-29,high,10,1.0,,0.0,0.0
0,2019-01-02,high,10,1.0,,0.0,0.0
0,2019-02-01,high,10,1.0,,0.0,0.0
0,2019-03-05,high,10,1.0,MRK NEE SBUX ZTS LLY,0.5,-0.30354784474675434
0,2019-04-03,high,10,1.0,ACN ANET APD DELL INTU,0.5,-0.11004576212507722
0,2019-05-03,high,10,1.0,APD AXP DELL DHR ENPH,0.5,0.8673510426392861
0,2019-06-04,high,10,1.0,AON APD KO KTOS LHX,0.5,0.1481867620689803
0,2019-07-03,high,10,1.0,ABT ACN ADBE AON APD,0.5,0.07051421660411172
0,2019-08-02,high,10,1.0,SO ZTS DHI NEE T,0.5,1.465869803465658
0,2019-09-03,high,10,1.0,DUK KLAC KO LMT MLM,0.5,-0.23195122062186213
0,2019-10-02,high,10,1.0,LEN PHM SO DUK NEE,0.5,0.6396001441097088
0,2019-10-31,high,10,1.0,AMGN BMY MRK NEE SO,0.5,-0.8736959219756146
0,2019-12-02,high,10,1.0,BAC JPM AMGN DHR MRK,0.5,2.0309391980202873
0,2020-01-02,high,10,1.0,AAPL ABBNY ADBE AMAT AMD,0.5,1.3337054414385818
0,2020-02-03,high,10,1.0,ADBE AON DUK MSFT NOW,0.5,1.7305298523815127
0,2020-03-04,high,10,1.0,GILD NEE NVR DUK ZTS,0.5,-10.950767438256136
0,2020-04-02,high,10,1.0,,0.0,0.0
0,2020-05-04,high,10,1.0,OKTA MRNA VRTX GILD TMO,0.5,7.341841411319772
0,2020-06-03,high,10,1.0,ASML DHR KLAC LOW NKE,0.5,0.7318355069061422
0,2020-07-02,high,10,1.0,ADBE AMGN AMZN ASML CRSP,0.5,0.4869615673255723
0,2020-08-03,high,10,1.0,AAPL ACN CGNX COST CRM,0.5,0.5206447028837546
0,2020-09-01,high,10,1.0,AAPL ALB AMD AMZN APD,0.5,-5.384850535801711
0,2020-10-01,high,10,1.0,DDOG DHI ENPH LEN PACB,0.5,6.994563768769768
0,2020-10-30,high,10,1.0,SQM PWR TMO NEE DHR,0.5,2.6543632777633386
0,2020-12-01,high,10,1.0,ACN AMAT ASML AVGO BLK,0.5,0.555647612747201
0,2020-12-31,high,10,1.0,ABBNY AVGO BLK DIS GS,0.5,0.5332748287504518
0,2021-02-02,high,10,1.0,AVGO FTNT GOOGL MSTR NOW,0.5,4.004199989483359
0,2021-03-04,high,10,1.0,AXP BAC MPC SCHW EMR,0.5,-1.0755462132448046
0,2021-04-05,high,10,1.0,ABBNY ACN ADP AMAT AON,0.5,-0.47893814456110295
0,2021-05-04,high,10,1.0,AON BLK BRK-B CAT CI,0.5,0.0651454133317797
0,2021-06-03,high,10,1.0,ANET AXP BAC COP EMR,0.5,-1.2749307470033222
0,2021-07-02,high,10,1.0,ACN ADBE ADP BLK BMY,0.5,-0.8563526438802316
0,2021-08-03,high,10,1.0,ABBNY ADP ALB AMD AON,0.5,0.1325263283379563
0,2021-09-01,high,10,1.0,ABT ACN ALB AON ASML,0.5,-0.253418318410803
0,2021-10-01,high,10,1.0,COP DELL JPM MPC MRK,0.5,-0.0854604656669311
0,2021-11-01,high,10,1.0,ABT ALB AMD COST CRM,0.5,2.433182772570963
0,2021-12-01,high,10,1.0,LRCX NVR PFE AAPL NEE,0.5,3.2599160549662054
0,2021-12-31,high,10,1.0,ITW LIN MDLZ NEE PEP,0.5,-1.6759220089634153
0,2022-02-01,high,10,1.0,COP EOG OXY UPS VLO,0.5,-0.6840700109891684
0,2022-03-03,high,10,1.0,,0.0,0.0
0,2022-04-01,high,10,1.0,,0.0,0.0
0,2022-05-03,high,10,1.0,,0.0,0.0
0,2022-06-02,high,10,1.0,,0.0,0.0
0,2022-07-05,high,10,1.0,,0.0,0.0
0,2022-08-03,high,10,1.0,,0.0,0.0
0,2022-09-01,high,10,1.0,,0.0,0.0
0,2022-10-03,high,10,1.0,,0.0,0.0
0,2022-11-01,high,10,1.0,,0.0,0.0
0,2022-12-01,high,10,1.0,,0.0,0.0
0,2023-01-03,high,10,1.0,,0.0,0.0
0,2023-02-02,high,10,1.0,BSX DHI NUE SYK URI,0.5,-1.7366820980570297
0,2023-03-06,high,10,1.0,AVGO FSLR PGR PWR ROK,0.5,-2.460954006320659
0,2023-04-04,high,10,1.0,BSX MCD MDLZ ORCL SYK,0.5,0.9176219207042147
0,2023-05-04,high,10,1.0,BIIB PEP VRTX MDLZ MSFT,0.5,-0.5739684853324767
0,2023-06-05,high,10,1.0,CCJ FTNT ISRG LLY MLM,0.5,0.686641933148846
0,2023-07-06,high,10,1.0,VST BRK-B V MA MSTR,0.5,2.0069285643002033
0,2023-08-04,high,10,1.0,BKNG CEG MPC VRT VST,0.5,0.024897663884426713
0,2023-09-05,high,10,1.0,ADBE ANET IBM INTU LLY,0.5,-1.6132900445571252
0,2023-10-04,high,10,1.0,COST GOOGL WMT VRTX LIN,0.5,0.041760696561099486
0,2023-11-02,high,10,1.0,ANET CCJ CEG KTOS VRTX,0.5,-0.5361988456631495
0,2023-12-04,high,10,1.0,AVAV CCJ COIN COST CRWD,0.5,1.9920856195204673
0,2024-01-04,high,10,1.0,AMGN BSX C JPM VRTX,0.5,0.1403749672192811
0,2024-02-05,high,10,1.0,ABBV ASML BKNG BRK-B CAT,0.5,0.17518180155966512
0,2024-03-06,high,10,1.0,ABBV ABNB AMAT AMD ASML,0.5,-3.17972990932861
0,2024-04-05,high,10,1.0,AMZN CAT CEG COP DELL,0.5,-4.131606334524984
0,2024-05-06,high,10,1.0,CCJ CEG DUK GS MS,0.5,2.1147286532219534
0,2024-06-05,high,10,1.0,AMAT AVAV COST DHR GEN,0.5,-0.7780629022327235
0,2024-07-08,high,10,1.0,AAPL ANET ASML C KLAC,0.5,-3.491386913649952
0,2024-08-06,high,10,1.0,DUK PG LMT T KO,0.5,0.2860963559969676
0,2024-09-05,high,10,1.0,SO SPGI T DUK PG,0.5,-0.49504414078461734
0,2024-10-04,high,10,1.0,ADP ANET AXP BSX CAT,0.5,0.4646518169836966
0,2024-11-04,high,10,1.0,BKNG GILD ILMN V NOW,0.5,-0.10979199511608195
0,2024-12-04,high,10,1.0,AAPL AMZN BKNG C COIN,0.5,-3.1317549744316886
0,2025-01-06,high,10,1.0,ANET C GOOGL IONQ KTOS,0.5,1.3433098182707326
0,2025-02-06,high,10,1.0,ADP BAC BSX C COST,0.5,-1.58219611906264
0,2025-03-10,high,10,1.0,,0.0,0.0
0,2025-04-08,high,10,1.0,,0.0,0.0
0,2025-05-08,high,10,1.0,,0.0,0.0
0,2025-06-09,high,10,1.0,IBM KTOS LEU MP MSFT,0.5,5.894887692650075
0,2025-07-10,high,10,1.0,BLK COIN EMR GEV HOOD,0.5,2.3825317703827897
0,2025-08-08,high,10,1.0,AVGO BLK GILD HOOD JNJ,0.5,-1.2740791624566428
0,2025-09-09,high,10,1.0,C GOOGL GS HOOD MDT,0.5,1.682128177459341
0,2025-10-08,high,10,1.0,ANET ASTS AVAV CAT CEG,0.5,-4.003456274655948
0,2025-11-06,high,10,1.0,CWEN DDOG GOOGL LLY MU,0.5,-1.4633208731285707
0,2025-12-08,high,10,1.0,C GS MDB MS TER,0.5,1.2991654854378254
0,2026-01-08,high,10,1.0,F GM GOOGL HII LHX,0.5,0.3290884282797446
0,2026-02-09,high,10,1.0,ABBNY C CAT COP CVX,0.5,-0.6035450904876227
0,2026-03-11,high,10,1.0,CVX MPC OXY VLO VRT,0.5,2.1953201464999683
0,2026-04-10,high,10,1.0,AMAT APD BEP CAT CWEN,0.5,0.1431624773921003
0,2026-05-11,high,10,1.0,ABBNY AMAT AMD APD CGNX,0.5,1.112570626305076
0,2026-06-10,high,10,1.0,KO TJX CVS KLAC AMAT,0.5,3.4895031515442376
0,2026-07-13,high,10,1.0,AAPL CVS ELV KO MPC,0.5,-0.5786578169381884
0,2016-06-30,momentum,10,1.0,NVDA AMD AMZN ALB HII,0.5,2.102440298135666
0,2016-08-01,momentum,10,1.0,AMD NVDA ALB HII KLAC,0.5,0.08161596452453956
0,2016-08-30,momentum,10,1.0,AMD NVDA DHR ALB AMAT,0.5,-4.031340109887016
0,2016-09-29,momentum,10,1.0,AMD NVDA AMAT DHR ALB,0.5,-2.338669083346634
0,2016-10-28,momentum,10,1.0,AMD NVDA AMAT DHR ALB,0.5,1.2225595126299948
0,2016-11-29,momentum,10,1.0,AMD NVDA DHR GEN ALB,0.5,1.6890573368048667
0,2016-12-29,momentum,10,1.0,AMD NVDA FCX CGNX DHR,0.5,-0.2974709478795745
0,2017-01-31,momentum,10,1.0,AMD NVDA FCX URI CGNX,0.5,1.39128657457257
0,2017-03-02,momentum,10,1.0,AMD NVDA URI MU DHR,0.5,0.11478870396852692
0,2017-03-31,momentum,10,1.0,AMD NVDA MU URI CGNX,0.5,-4.035060747078035
0,2017-05-02,momentum,10,1.0,AMD NVDA MU CGNX ANET,0.5,6.414061617535061
0,2017-06-01,momentum,10,1.0,AMD NVDA MU CGNX XYZ,0.5,0.4358966629660399
0,2017-06-30,momentum,10,1.0,NVDA XYZ ANET MU CGNX,0.5,3.1482937898412278
0,2017-08-01,momentum,10,1.0,NVDA XYZ MU ANET CGNX,0.5,0.20822054426190562
0,2017-08-30,momentum,10,1.0,NVDA XYZ CGNX NFLX ANET,0.5,1.1752498800223554
0,2017-09-29,momentum,10,1.0,NVDA STLA XYZ ANET CGNX,0.5,2.3419410340363545
0,2017-10-30,momentum,10,1.0,XYZ NVDA STLA MU ANET,0.5,3.246824836750495
0,2017-11-29,momentum,10,1.0,XYZ SEDG STLA SQM NVDA,0.5,-1.0963492858476753
0,2017-12-29,momentum,10,1.0,SEDG XYZ ANET CGNX NVR,0.5,2.3841543716208724
0,2018-01-31,momentum,10,1.0,SEDG ANET XYZ FSLR SQM,0.5,-0.29017322347862917
0,2018-03-02,momentum,10,1.0,XYZ NVDA SEDG ANET STLA,0.5,4.4751476484735875
0,2018-04-03,momentum,10,1.0,SEDG XYZ FSLR CRSP NVDA,0.5,5.079995974169438
0,2018-05-02,momentum,10,1.0,SEDG CRSP XYZ FSLR NVDA,0.5,7.8204291967522765
0,2018-06-01,momentum,10,1.0,CRSP SEDG XYZ STLA NFLX,0.5,-1.4309373406152681
0,2018-07-02,momentum,10,1.0,ENPH CRSP SEDG XYZ OKTA,0.5,1.47792493079566
0,2018-08-01,momentum,10,1.0,ENPH CRSP XYZ OKTA NFLX,0.5,-0.4928804398404485
0,2018-08-30,momentum,10,1.0,XYZ CRSP RUN OKTA NFLX,0.5,1.8172145541941687
0,2018-10-01,momentum,10,1.0,XYZ FTNT OKTA AMZN NFLX,0.5,-8.577438418462602
0,2018-10-30,momentum,10,1.0,,0.0,0.0
0,2018-11-29,momentum,10,1.0,,0.0,0.0
0,2019-01-02,momentum,10,1.0,,0.0,0.0
0,2019-02-01,momentum,10,1.0,,0.0,0.0
0,2019-03-05,momentum,10,1.0,MDB OKTA AMD RUN LLY,0.5,3.591707415711376
0,2019-04-03,momentum,10,1.0,AMD MDB ZS OKTA IRDM,0.5,-2.822795935121547
0,2019-05-03,momentum,10,1.0,MDB AMD ZS IRDM ENPH,0.5,2.977349312685962
0,2019-06-04,momentum,10,1.0,MDB ENPH ZS AMD OKTA,0.5,5.050930200861581
0,2019-07-03,momentum,10,1.0,MDB ENPH OKTA KTOS AMD,0.5,2.6800092219103178
0,2019-08-02,momentum,10,1.0,ENPH MDB OKTA ZS KTOS,0.5,1.0356751579981394
0,2019-09-03,momentum,10,1.0,ENPH OKTA MDB ZS SBUX,0.5,-6.999338000343746
0,2019-10-02,momentum,10,1.0,ENPH SEDG OKTA SBUX KLAC,0.5,1.500639366817369
0,2019-10-31,momentum,10,1.0,ENPH SEDG OKTA KLAC TER,0.5,0.059749414708742954
0,2019-12-02,momentum,10,1.0,ENPH SEDG LRCX KLAC OKTA,0.5,4.173731215205545
0,2020-01-02,momentum,10,1.0,ENPH CRSP SEDG AMD TER,0.5,1.3661898281944085
0,2020-02-03,momentum,10,1.0,ENPH SEDG AMD TER CRSP,0.5,3.5949282429597496
0,2020-03-04,momentum,10,1.0,ENPH TSLA SEDG AMD LRCX,0.5,-20.33828282292397
0,2020-04-02,momentum,10,1.0,,0.0,0.0
0,2020-05-04,momentum,10,1.0,ENPH TSLA SEDG AMD REGN,0.5,5.2192862934763
0,2020-06-03,momentum,10,1.0,TSLA ENPH MRNA NVDA SEDG,0.5,-1.4167402866595347
0,2020-07-02,momentum,10,1.0,MRNA TSLA ENPH SEDG NVDA,0.5,11.495092639437377
0,2020-08-03,momentum,10,1.0,TSLA MRNA NVDA SEDG REGN,0.5,2.995689341891028
0,2020-09-01,momentum,10,1.0,TSLA MRNA RUN NVDA AMD,0.5,-3.050015154458141
0,2020-10-01,momentum,10,1.0,TSLA MRNA RUN ENPH ZS,0.5,3.42067985093204
0,2020-10-30,momentum,10,1.0,TSLA RUN ENPH MRNA ZS,0.5,4.8436313957906485
0,2020-12-01,momentum,10,1.0,TSLA ENPH RUN MRNA TWST,0.5,6.542657278529185
0,2020-12-31,momentum,10,1.0,MRNA TSLA TWST RUN ENPH,0.5,8.653162464155372
0,2021-02-02,momentum,10,1.0,TWST PACB ENPH MRNA TSLA,0.5,-0.3553818569772549
0,2021-03-04,momentum,10,1.0,PACB TWST TSLA MRNA MSTR,0.5,3.0047061856484314
0,2021-04-05,momentum,10,1.0,PACB TSLA MSTR FCX ENPH,0.5,-3.0948389475489058
0,2021-05-04,momentum,10,1.0,PACB MSTR NTLA BEAM TSLA,0.5,-5.72618029847014
0,2021-06-03,momentum,10,1.0,PACB MSTR FCX UUUU NTLA,0.5,2.097017473798135
0,2021-07-02,momentum,10,1.0,PACB UUUU MSTR FCX MRNA,0.5,-4.716360607728998
0,2021-08-03,momentum,10,1.0,PACB NTLA BEAM MSTR MP,0.5,0.29391305733719175
0,2021-09-01,momentum,10,1.0,NTLA MRNA PACB MSTR BEAM,0.5,-3.571419883109328
0,2021-10-01,momentum,10,1.0,NTLA MRNA UUUU NET ALB,0.5,6.293739514058805
0,2021-11-01,momentum,10,1.0,NTLA MRNA UUUU MSTR UEC,0.5,2.0576265529376414
0,2021-12-01,momentum,10,1.0,UUUU UEC NET FTNT CCJ,0.5,-1.5844814432925847
0,2021-12-31,momentum,10,1.0,NVDA F NET FTNT UEC,0.5,-3.974886102410702
0,2022-02-01,momentum,10,1.0,FTNT NUE NVDA F EOG,0.5,0.15236955405995012
0,2022-03-03,momentum,10,1.0,,0.0,0.0
0,2022-04-01,momentum,10,1.0,,0.0,0.0
0,2022-05-03,momentum,10,1.0,,0.0,0.0
0,2022-06-02,momentum,10,1.0,,0.0,0.0
0,2022-07-05,momentum,10,1.0,,0.0,0.0
0,2022-08-03,momentum,10,1.0,,0.0,0.0
0,2022-09-01,momentum,10,1.0,,0.0,0.0
0,2022-10-03,momentum,10,1.0,,0.0,0.0
0,2022-11-01,momentum,10,1.0,,0.0,0.0
0,2022-12-01,momentum,10,1.0,,0.0,0.0
0,2023-01-03,momentum,10,1.0,,0.0,0.0
0,2023-02-02,momentum,10,1.0,FSLR CEG MPC IRDM LLY,0.5,-0.11572593797704034
0,2023-03-06,momentum,10,1.0,FSLR CEG VLO MPC ALB,0.5,-3.8311368819116787
0,2023-04-04,momentum,10,1.0,FSLR MPC IRDM VLO XOM,0.5,-0.5250321420026127
0,2023-05-04,momentum,10,1.0,FSLR NFLX IRDM PACB ANET,0.5,2.958644372358088
0,2023-06-05,momentum,10,1.0,FSLR PACB IRDM BIIB NFLX,0.5,-0.9215129862233495
0,2023-07-06,momentum,10,1.0,FSLR NVDA PACB SYM VRT,0.5,3.2450300445554747
0,2023-08-04,momentum,10,1.0,SYM PACB IONQ NVDA VRT,0.5,-7.9117654011022225
0,2023-09-05,momentum,10,1.0,SYM NVDA VRT IONQ PLTR,0.5,-5.272630351682905
0,2023-10-04,momentum,10,1.0,NVDA IONQ VRT SYM META,0.5,2.5469848458688604
0,2023-11-02,momentum,10,1.0,NVDA META SYM IONQ VRT,0.5,2.0579885990183566
0,2023-12-04,momentum,10,1.0,SYM VRT META NVDA PLTR,0.5,2.0358676552406196
0,2024-01-04,momentum,10,1.0,SYM COIN IONQ MSTR VRT,0.5,-4.294355015567131
0,2024-02-05,momentum,10,1.0,VRT SYM MSTR NVDA CRWD,0.5,4.437761177094934
0,2024-03-06,momentum,10,1.0,VRT NVDA META CRWD DELL,0.5,-0.446527358792026
0,2024-04-05,momentum,10,1.0,VRT MSTR COIN NVDA PLTR,0.5,-8.502333930083205
0,2024-05-06,momentum,10,1.0,VRT COIN MSTR VST NVDA,0.5,4.688387683743045
0,2024-06-05,momentum,10,1.0,VRT MSTR COIN VST DELL,0.5,-2.4362730890123308
0,2024-07-08,momentum,10,1.0,MSTR VRT VST COIN NVDA,0.5,2.571067911186886
0,2024-08-06,momentum,10,1.0,MSTR VST NVDA ASTS COIN,0.5,8.534857235031401
0,2024-09-05,momentum,10,1.0,ASTS MSTR VST NVDA TWST,0.5,6.334711658198633
0,2024-10-04,momentum,10,1.0,ASTS MSTR VST NVDA TWST,0.5,3.8816146681339037
0,2024-11-04,momentum,10,1.0,ASTS VST MSTR SMR NVDA,0.5,14.029045098545945
0,2024-12-04,momentum,10,1.0,SMR ASTS MSTR VST NVDA,0.5,-7.172240583008415
0,2025-01-06,momentum,10,1.0,SMR MSTR LUNR ASTS PLTR,0.5,0.4199506387543739
0,2025-02-06,momentum,10,1.0,RGTI QBTS ASTS SMR MSTR,0.5,-3.2492832588687293
0,2025-03-10,momentum,10,1.0,,0.0,0.0
0,2025-04-08,momentum,10,1.0,,0.0,0.0
0,2025-05-08,momentum,10,1.0,,0.0,0.0
0,2025-06-09,momentum,10,1.0,RGTI QBTS RKLB PLTR IONQ,0.5,0.0865311506625499
0,2025-07-10,momentum,10,1.0,QBTS RGTI OKLO RKLB IONQ,0.5,10.00767081269618
0,2025-08-08,momentum,10,1.0,QBTS RGTI RKLB OKLO IONQ,0.5,-2.8261079670779843
0,2025-09-09,momentum,10,1.0,RGTI QBTS OKLO RKLB PLTR,0.5,26.457692666931365
0,2025-10-08,momentum,10,1.0,RGTI QBTS OKLO HOOD RKLB,0.5,-7.864810807775635
0,2025-11-06,momentum,10,1.0,RGTI QBTS PL OKLO HOOD,0.5,-9.329704131971827
0,2025-12-08,momentum,10,1.0,RGTI QBTS OKLO LEU QS,0.5,-2.0169187858378956
0,2026-01-08,momentum,10,1.0,OKLO LEU HOOD ASTS MP,0.5,-0.16023019875341937
0,2026-02-09,momentum,10,1.0,UUUU PL LEU MU ASTS,0.5,-2.9943174839003994
0,2026-03-11,momentum,10,1.0,PL UUUU RKLB MU UEC,0.5,1.7446949127276623
0,2026-04-10,momentum,10,1.0,PL MU UUUU TER ASTS,0.5,2.5586081269089123
0,2026-05-11,momentum,10,1.0,PL MU TER UUUU ASTS,0.5,8.801826588483985
0,2026-06-10,momentum,10,1.0,MU PL TER RKLB AMD,0.5,3.566981560312299
0,2026-07-13,momentum,10,1.0,MU PL TER LRCX AMD,0.5,-7.145488117530164
0,2016-06-30,qqq,10,1.0,QQQ,0.5,1.487389470254219
0,2016-08-01,qqq,10,1.0,QQQ,0.5,0.3712488976462369
0,2016-08-30,qqq,10,1.0,QQQ,0.5,-0.7272044263923028
0,2016-09-29,qqq,10,1.0,QQQ,0.5,-0.9793396506208585
0,2016-10-28,qqq,10,1.0,QQQ,0.5,-1.2261710536993542
0,2016-11-29,qqq,10,1.0,QQQ,0.5,0.07198158714560865
0,2016-12-29,qqq,10,1.0,QQQ,0.5,0.8314727181587767
0,2017-01-31,qqq,10,1.0,QQQ,0.5,0.7178545978773876
0,2017-03-02,qqq,10,1.0,QQQ,0.5,0.0024709768446706804
0,2017-03-31,qqq,10,1.0,QQQ,0.5,-0.8748785859257535
0,2017-05-02,qqq,10,1.0,QQQ,0.5,0.40503515507173127
0,2017-06-01,qqq,10,1.0,QQQ,0.5,-1.6138362264917494
0,2017-06-30,qqq,10,1.0,QQQ,0.5,0.9059230042395505
0,2017-08-01,qqq,10,1.0,QQQ,0.5,-0.6551106233792514
0,2017-08-30,qqq,10,1.0,QQQ,0.5,-0.32687976797352025
0,2017-09-29,qqq,10,1.0,QQQ,0.5,0.40983060362160817
0,2017-10-30,qqq,10,1.0,QQQ,0.5,0.08844491418737999
0,2017-11-29,qqq,10,1.0,QQQ,0.5,-0.023346909606591915
0,2017-12-29,qqq,10,1.0,QQQ,0.5,1.8612615023235302
0,2018-01-31,qqq,10,1.0,QQQ,0.5,-2.093607035719225
0,2018-03-02,qqq,10,1.0,QQQ,0.5,1.2433363066923775
0,2018-04-03,qqq,10,1.0,QQQ,0.5,3.315798670826875
0,2018-05-02,qqq,10,1.0,QQQ,0.5,1.9561163572106022
0,2018-06-01,qqq,10,1.0,QQQ,0.5,0.5886929264028673
0,2018-07-02,qqq,10,1.0,QQQ,0.5,1.448890944565484
0,2018-08-01,qqq,10,1.0,QQQ,0.5,0.4482293233448287
0,2018-08-30,qqq,10,1.0,QQQ,0.5,-1.079800430265121
0,2018-10-01,qqq,10,1.0,QQQ,0.5,-4.1700675054398895
0,2018-10-30,qqq,10,1.0,,0.0,0.0
0,2018-11-29,qqq,10,1.0,,0.0,0.0
0,2019-01-02,qqq,10,1.0,,0.0,0.0
0,2019-02-01,qqq,10,1.0,,0.0,0.0
0,2019-03-05,qqq,10,1.0,QQQ,0.5,0.821626500775241
0,2019-04-03,qqq,10,1.0,QQQ,0.5,0.39651643407743187
0,2019-05-03,qqq,10,1.0,QQQ,0.5,-1.5587544046862356
0,2019-06-04,qqq,10,1.0,QQQ,0.5,2.2582408650867247
0,2019-07-03,qqq,10,1.0,QQQ,0.5,0.0987046561071514
0,2019-08-02,qqq,10,1.0,QQQ,0.5,0.055731035210193625
0,2019-09-03,qqq,10,1.0,QQQ,0.5,0.8652316054080567
0,2019-10-02,qqq,10,1.0,QQQ,0.5,1.9261030639255994
0,2019-10-31,qqq,10,1.0,QQQ,0.5,0.37784415042099173
0,2019-12-02,qqq,10,1.0,QQQ,0.5,1.7425990233613797
0,2020-01-02,qqq,10,1.0,QQQ,0.5,1.5865650118741526
0,2020-02-03,qqq,10,1.0,QQQ,0.5,1.5469785646939904
0,2020-03-04,qqq,10,1.0,QQQ,0.5,-8.897265281041777
0,2020-04-02,qqq,10,1.0,,0.0,0.0
0,2020-05-04,qqq,10,1.0,QQQ,0.5,1.776809121017786
0,2020-06-03,qqq,10,1.0,QQQ,0.5,1.029467990436883
0,2020-07-02,qqq,10,1.0,QQQ,0.5,0.27181800748943274
0,2020-08-03,qqq,10,1.0,QQQ,0.5,0.6919037361583946
0,2020-09-01,qqq,10,1.0,QQQ,0.5,-5.177148479017834
0,2020-10-01,qqq,10,1.0,QQQ,0.5,2.02763919379072
0,2020-10-30,qqq,10,1.0,QQQ,0.5,2.976846038334502
0,2020-12-01,qqq,10,1.0,QQQ,0.5,0.32792187153976027
0,2020-12-31,qqq,10,1.0,QQQ,0.5,-1.0080841852764144
0,2021-02-02,qqq,10,1.0,QQQ,0.5,0.11935571557841751
0,2021-03-04,qqq,10,1.0,QQQ,0.5,0.3479527748957878
0,2021-04-05,qqq,10,1.0,QQQ,0.5,0.7223640976821821
0,2021-05-04,qqq,10,1.0,QQQ,0.5,-1.9918906153908789
0,2021-06-03,qqq,10,1.0,QQQ,0.5,1.5147994622149108
0,2021-07-02,qqq,10,1.0,QQQ,0.5,-1.1299680937374101
0,2021-08-03,qqq,10,1.0,QQQ,0.5,-0.6378890987101982
0,2021-09-01,qqq,10,1.0,QQQ,0.5,-0.9718411684300543
0,2021-10-01,qqq,10,1.0,QQQ,0.5,0.9412266544980286
0,2021-11-01,qqq,10,1.0,QQQ,0.5,0.5020176613181881
0,2021-12-01,qqq,10,1.0,QQQ,0.5,0.9459920774179897
0,2021-12-31,qqq,10,1.0,QQQ,0.5,-2.859451913175559
0,2022-02-01,qqq,10,1.0,QQQ,0.5,-2.3222563776302274
0,2022-03-03,qqq,10,1.0,,0.0,0.0
0,2022-04-01,qqq,10,1.0,,0.0,0.0
0,2022-05-03,qqq,10,1.0,,0.0,0.0
0,2022-06-02,qqq,10,1.0,,0.0,0.0
0,2022-07-05,qqq,10,1.0,,0.0,0.0
0,2022-08-03,qqq,10,1.0,,0.0,0.0
0,2022-09-01,qqq,10,1.0,,0.0,0.0
0,2022-10-03,qqq,10,1.0,,0.0,0.0
0,2022-11-01,qqq,10,1.0,,0.0,0.0
0,2022-12-01,qqq,10,1.0,,0.0,0.0
0,2023-01-03,qqq,10,1.0,,0.0,0.0
0,2023-02-02,qqq,10,1.0,QQQ,0.5,-0.7637382394732883
0,2023-03-06,qqq,10,1.0,QQQ,0.5,0.5539413339425092
0,2023-04-04,qqq,10,1.0,QQQ,0.5,-0.4025821604669688
0,2023-05-04,qqq,10,1.0,QQQ,0.5,2.424727569639362
0,2023-06-05,qqq,10,1.0,QQQ,0.5,1.3361569620663705
0,2023-07-06,qqq,10,1.0,QQQ,0.5,0.7871401258405797
0,2023-08-04,qqq,10,1.0,QQQ,0.5,-2.582846963951879
0,2023-09-05,qqq,10,1.0,QQQ,0.5,-1.3995235020195396
0,2023-10-04,qqq,10,1.0,QQQ,0.5,0.001992879883028209
0,2023-11-02,qqq,10,1.0,QQQ,0.5,2.3796712892073524
0,2023-12-04,qqq,10,1.0,QQQ,0.5,2.529253076343463
0,2024-01-04,qqq,10,1.0,QQQ,0.5,2.5903851676608802
0,2024-02-05,qqq,10,1.0,QQQ,0.5,-0.7613796747778623
0,2024-03-06,qqq,10,1.0,QQQ,0.5,-0.2808097489301886
0,2024-04-05,qqq,10,1.0,QQQ,0.5,-3.4985495630796004
0,2024-05-06,qqq,10,1.0,QQQ,0.5,1.098658334131719
0,2024-06-05,qqq,10,1.0,QQQ,0.5,1.3419521622940023
0,2024-07-08,qqq,10,1.0,QQQ,0.5,-2.1397557913060417
0,2024-08-06,qqq,10,1.0,QQQ,0.5,3.246581744481647
0,2024-09-05,qqq,10,1.0,QQQ,0.5,1.9790656422197683
0,2024-10-04,qqq,10,1.0,QQQ,0.5,0.42851016128060415
0,2024-11-04,qqq,10,1.0,QQQ,0.5,0.7623566428636597
0,2024-12-04,qqq,10,1.0,QQQ,0.5,-1.144537821738656
0,2025-01-06,qqq,10,1.0,QQQ,0.5,0.06006279977048834
0,2025-02-06,qqq,10,1.0,QQQ,0.5,-0.8766220667110747
0,2025-03-10,qqq,10,1.0,,0.0,0.0
0,2025-04-08,qqq,10,1.0,,0.0,0.0
0,2025-05-08,qqq,10,1.0,,0.0,0.0
0,2025-06-09,qqq,10,1.0,QQQ,0.5,0.36139744636642934
0,2025-07-10,qqq,10,1.0,QQQ,0.5,0.5501560851552734
0,2025-08-08,qqq,10,1.0,QQQ,0.5,-0.7318050652374564
0,2025-09-09,qqq,10,1.0,QQQ,0.5,0.7875379003149385
0,2025-10-08,qqq,10,1.0,QQQ,0.5,-0.9824316663096799
0,2025-11-06,qqq,10,1.0,QQQ,0.5,-2.339896680516851
0,2025-12-08,qqq,10,1.0,QQQ,0.5,-0.7360562757379174
0,2026-01-08,qqq,10,1.0,QQQ,0.5,-0.39315444534244737
0,2026-02-09,qqq,10,1.0,QQQ,0.5,-1.096070005401928
0,2026-03-11,qqq,10,1.0,QQQ,0.5,-1.663611196514625
0,2026-04-10,qqq,10,1.0,QQQ,0.5,3.9209049729058254
0,2026-05-11,qqq,10,1.0,QQQ,0.5,1.0444222496655442
0,2026-06-10,qqq,10,1.0,QQQ,0.5,0.7680159617121651
0,2026-07-13,qqq,10,1.0,QQQ,0.5,-3.1162173394832737
0,2016-06-30,high,20,0.2,ADP BSX CB CVX DHR,0.5,5.763545913333701
0,2016-08-01,high,20,0.2,AMZN BLK BSX DHR GOOGL,0.5,0.24367278232058087
0,2016-08-30,high,20,0.2,APD BLK BRK-B JPM LHX,0.5,-1.2344902687214887
0,2016-09-29,high,20,0.2,ACN AMZN BKNG CAT NVDA,0.5,-0.8450258224603768
0,2016-10-28,high,20,0.2,MA NOC TER JPM DE,0.5,3.9825970651858222
0,2016-11-29,high,20,0.2,ACN ADP AMAT GD HPE,0.5,0.12288168712548675
0,2016-12-29,high,20,0.2,ADP T DE CB ZTS,0.5,0.15344673058708125
0,2017-01-31,high,20,0.2,DHR GEN HUBB NOW ZTS,0.5,0.27285859060126594
0,2017-03-02,high,20,0.2,ABT ALB AVGO BKNG CGNX,0.5,0.987240774695497
0,2017-03-31,high,20,0.2,ADBE AMZN CGNX DIS FTNT,0.5,1.3444946135265923
0,2017-05-02,high,20,0.2,AAPL ABBNY ABBV AMAT ANET,0.5,2.051658173736004
0,2017-06-01,high,20,0.2,ABBNY ABT ACN AMAT ANET,0.5,-1.0849083065215037
0,2017-06-30,high,20,0.2,AXP DHI PHM CAT C,0.5,1.112350206943158
0,2017-08-01,high,20,0.2,ACN APD C CB CGNX,0.5,-0.9644904604512505
0,2017-08-30,high,20,0.2,AAPL ADBE ANET BMY CAT,0.5,0.45793885848737226
0,2017-09-29,high,20,0.2,ALB AMAT ASML AVAV AXP,0.5,1.591612728798153
0,2017-10-30,high,20,0.2,AAPL ACN AMZN ANET AVGO,0.5,4.248543354571632
0,2017-11-29,high,20,0.2,AXP BAC BLK BRK-B CI,0.5,1.349289821151145
0,2017-12-29,high,20,0.2,ABBNY APD LOW PEP RIO,0.5,2.2364676991927013
0,2018-01-31,high,20,0.2,ADP AMZN CB CRM FTNT,0.5,-0.1480728015423871
0,2018-03-02,high,20,0.2,CRM CRSP NFLX NOW PANW,0.5,-2.620755691742238
0,2018-04-03,high,20,0.2,RUN COP NEE LHX MPC,0.5,0.9374398808684292
0,2018-05-02,high,20,0.2,CCJ MA OKTA PANW VLO,0.5,3.4299214363330277
0,2018-06-01,high,20,0.2,AAPL ADBE ADP AMZN FTNT,0.5,-0.3758027781088469
0,2018-07-02,high,20,0.2,CRM DELL NEE RUN AVAV,0.5,-0.3381281255712798
0,2018-08-01,high,20,0.2,AAPL MDT PFE LLY PLD,0.5,3.27404643718463
0,2018-08-30,high,20,0.2,AAPL AMGN AMZN COP COST,0.5,1.011257587260328
0,2018-10-01,high,20,0.2,ABT ADBE ADP BSX COP,0.5,-5.7599617108335055
0,2018-10-30,high,20,0.2,,0.0,0.0
0,2018-11-29,high,20,0.2,,0.0,0.0
0,2019-01-02,high,20,0.2,,0.0,0.0
0,2019-02-01,high,20,0.2,,0.0,0.0
0,2019-03-05,high,20,0.2,MRK NEE SBUX ZTS LLY,0.5,1.266470898834715
0,2019-04-03,high,20,0.2,ACN ANET APD DELL INTU,0.5,0.7882833256038557
0,2019-05-03,high,20,0.2,APD AXP DELL DHR ENPH,0.5,-0.317607055532676
0,2019-06-04,high,20,0.2,AON APD KO KTOS LHX,0.5,2.0784513273371052
0,2019-07-03,high,20,0.2,ABT ACN ADBE AON APD,0.5,-0.4400626838466093
0,2019-08-02,high,20,0.2,SO ZTS DHI NEE T,0.5,2.6953310855356127
0,2019-09-03,high,20,0.2,DUK KLAC KO LMT MLM,0.5,0.6404205771535665
0,2019-10-02,high,20,0.2,LEN PHM SO DUK NEE,0.5,1.6291289608949544
0,2019-10-31,high,20,0.2,AMGN BMY MRK NEE SO,0.5,0.5654090424649372
0,2019-12-02,high,20,0.2,BAC JPM AMGN DHR MRK,0.5,3.019265301104679
0,2020-01-02,high,20,0.2,AAPL ABBNY ADBE AMAT AMD,0.5,-0.041872102271367506
0,2020-02-03,high,20,0.2,ADBE AON DUK MSFT NOW,0.5,-2.3122365824707836
0,2020-03-04,high,20,0.2,GILD NEE NVR DUK ZTS,0.5,-10.719578732141144
0,2020-04-02,high,20,0.2,,0.0,0.0
0,2020-05-04,high,20,0.2,OKTA MRNA VRTX GILD TMO,0.5,5.037200855097335
0,2020-06-03,high,20,0.2,ASML DHR KLAC LOW NKE,0.5,1.1322081764416403
0,2020-07-02,high,20,0.2,ADBE AMGN AMZN ASML CRSP,0.5,-0.30147487278864293
0,2020-08-03,high,20,0.2,AAPL ACN CGNX COST CRM,0.5,6.6736085287941505
0,2020-09-01,high,20,0.2,AAPL ALB AMD AMZN APD,0.5,-4.942051971842465
0,2020-10-01,high,20,0.2,DDOG DHI ENPH LEN PACB,0.5,0.9401996953907643
0,2020-10-30,high,20,0.2,SQM PWR TMO NEE DHR,0.5,2.5392711821711433
0,2020-12-01,high,20,0.2,ACN AMAT ASML AVGO BLK,0.5,2.31742191672788
0,2020-12-31,high,20,0.2,ABBNY AVGO BLK DIS GS,0.5,0.48175603703664027
0,2021-02-02,high,20,0.2,AVGO FTNT GOOGL MSTR NOW,0.5,-0.3519676699222818
0,2021-03-04,high,20,0.2,AXP BAC MPC SCHW EMR,0.5,0.30049932127524936
0,2021-04-05,high,20,0.2,ABBNY ACN ADP AMAT AON,0.5,0.8079862676418026
0,2021-05-04,high,20,0.2,AON BLK BRK-B CAT CI,0.5,0.9357189803806509
0,2021-06-03,high,20,0.2,ANET AXP BAC COP EMR,0.5,0.5839280190221618
0,2021-07-02,high,20,0.2,ACN ADBE ADP BLK BMY,0.5,0.9896637845203449
0,2021-08-03,high,20,0.2,ABBNY ADP ALB AMD AON,0.5,1.5679020442299185
0,2021-09-01,high,20,0.2,ABT ACN ALB AON ASML,0.5,-3.636215812572985
0,2021-10-01,high,20,0.2,COP DELL JPM MPC MRK,0.5,1.8562514809772779
0,2021-11-01,high,20,0.2,ABT ALB AMD COST CRM,0.5,3.0467375419111153
0,2021-12-01,high,20,0.2,LRCX NVR PFE AAPL NEE,0.5,3.937170460824091
0,2021-12-31,high,20,0.2,ITW LIN MDLZ NEE PEP,0.5,-2.802725088044178
0,2022-02-01,high,20,0.2,COP EOG OXY UPS VLO,0.5,2.573288177712696
0,2022-03-03,high,20,0.2,,0.0,0.0
0,2022-04-01,high,20,0.2,,0.0,0.0
0,2022-05-03,high,20,0.2,,0.0,0.0
0,2022-06-02,high,20,0.2,,0.0,0.0
0,2022-07-05,high,20,0.2,,0.0,0.0
0,2022-08-03,high,20,0.2,,0.0,0.0
0,2022-09-01,high,20,0.2,,0.0,0.0
0,2022-10-03,high,20,0.2,,0.0,0.0
0,2022-11-01,high,20,0.2,,0.0,0.0
0,2022-12-01,high,20,0.2,,0.0,0.0
0,2023-01-03,high,20,0.2,,0.0,0.0
0,2023-02-02,high,20,0.2,BSX DHI NUE SYK URI,0.5,-0.3358697799712762
0,2023-03-06,high,20,0.2,AVGO FSLR PGR PWR ROK,0.5,-0.4931664303568617
0,2023-04-04,high,20,0.2,BSX MCD MDLZ ORCL SYK,0.5,1.829742084024688
0,2023-05-04,high,20,0.2,BIIB PEP VRTX MDLZ MSFT,0.5,-0.6652776840051944
0,2023-06-05,high,20,0.2,CCJ FTNT ISRG LLY MLM,0.5,1.948094762354513
0,2023-07-06,high,20,0.2,VST BRK-B V MA MSTR,0.5,1.3229628453754305
0,2023-08-04,high,20,0.2,BKNG CEG MPC VRT VST,0.5,3.301286602363085
0,2023-09-05,high,20,0.2,ADBE ANET IBM INTU LLY,0.5,-3.532823546675201
0,2023-10-04,high,20,0.2,COST GOOGL WMT VRTX LIN,0.5,-0.04628712612645414
0,2023-11-02,high,20,0.2,ANET CCJ CEG KTOS VRTX,0.5,0.9998237159688061
0,2023-12-04,high,20,0.2,AVAV CCJ COIN COST CRWD,0.5,-0.09954022491056591
0,2024-01-04,high,20,0.2,AMGN BSX C JPM VRTX,0.5,2.4903881586676446
0,2024-02-05,high,20,0.2,ABBV ASML BKNG BRK-B CAT,0.5,1.1388123725525112
0,2024-03-06,high,20,0.2,ABBV ABNB AMAT AMD ASML,0.5,-4.520168609272057
0,2024-04-05,high,20,0.2,AMZN CAT CEG COP DELL,0.5,-2.632138388477223
0,2024-05-06,high,20,0.2,CCJ CEG DUK GS MS,0.5,1.4661436202451528
0,2024-06-05,high,20,0.2,AMAT AVAV COST DHR GEN,0.5,-1.66674102068044
0,2024-07-08,high,20,0.2,AAPL ANET ASML C KLAC,0.5,-8.003545475933615
0,2024-08-06,high,20,0.2,DUK PG LMT T KO,0.5,2.8468947591488325
0,2024-09-05,high,20,0.2,SO SPGI T DUK PG,0.5,0.2277072345870046
0,2024-10-04,high,20,0.2,ADP ANET AXP BSX CAT,0.5,-0.4723484131294642
0,2024-11-04,high,20,0.2,BKNG GILD ILMN V NOW,0.5,2.383945556526279
0,2024-12-04,high,20,0.2,AAPL AMZN BKNG C COIN,0.5,-2.7218554993969635
0,2025-01-06,high,20,0.2,ANET C GOOGL IONQ KTOS,0.5,-0.1917470318839487
0,2025-02-06,high,20,0.2,ADP BAC BSX C COST,0.5,-4.286210257505896
0,2025-03-10,high,20,0.2,,0.0,0.0
0,2025-04-08,high,20,0.2,,0.0,0.0
0,2025-05-08,high,20,0.2,,0.0,0.0
0,2025-06-09,high,20,0.2,IBM KTOS LEU MP MSFT,0.5,5.206036138837566
0,2025-07-10,high,20,0.2,BLK COIN EMR GEV HOOD,0.5,0.9139693535488602
0,2025-08-08,high,20,0.2,AVGO BLK GILD HOOD JNJ,0.5,1.2546164359606538
0,2025-09-09,high,20,0.2,C GOOGL GS HOOD MDT,0.5,3.0887699045030637
0,2025-10-08,high,20,0.2,ANET ASTS AVAV CAT CEG,0.5,-2.8071002546920187
0,2025-11-06,high,20,0.2,CWEN DDOG GOOGL LLY MU,0.5,0.40493795177498626
0,2025-12-08,high,20,0.2,C GS MDB MS TER,0.5,4.0615634102800335
0,2026-01-08,high,20,0.2,F GM GOOGL HII LHX,0.5,0.5908774432472397
0,2026-02-09,high,20,0.2,ABBNY C CAT COP CVX,0.5,-1.0755848043531469
0,2026-03-11,high,20,0.2,CVX MPC OXY VLO VRT,0.5,0.945383055683946
0,2026-04-10,high,20,0.2,AMAT APD BEP CAT CWEN,0.5,1.2498048755618996
0,2026-05-11,high,20,0.2,ABBNY AMAT AMD APD CGNX,0.5,-0.042269591163179854
0,2026-06-10,high,20,0.2,KO TJX CVS KLAC AMAT,0.5,1.5245760366840333
0,2026-07-13,high,20,0.2,AAPL CVS ELV KO MPC,0.5,-1.1189440926267724
0,2016-06-30,momentum,20,0.2,NVDA AMD AMZN ALB HII,0.5,6.94112899364836
0,2016-08-01,momentum,20,0.2,AMD NVDA ALB HII KLAC,0.5,0.9497708535126881
0,2016-08-30,momentum,20,0.2,AMD NVDA DHR ALB AMAT,0.5,-0.51001219786031
0,2016-09-29,momentum,20,0.2,AMD NVDA AMAT DHR ALB,0.5,0.5534698244730185
0,2016-10-28,momentum,20,0.2,AMD NVDA AMAT DHR ALB,0.5,6.734880193943216
0,2016-11-29,momentum,20,0.2,AMD NVDA DHR GEN ALB,0.5,4.189052288239092
0,2016-12-29,momentum,20,0.2,AMD NVDA FCX CGNX DHR,0.5,1.4834052442804557
0,2017-01-31,momentum,20,0.2,AMD NVDA FCX URI CGNX,0.5,3.4604650148086558
0,2017-03-02,momentum,20,0.2,AMD NVDA URI MU DHR,0.5,2.390237486769764
0,2017-03-31,momentum,20,0.2,AMD NVDA MU URI CGNX,0.5,-2.45321609721455
0,2017-05-02,momentum,20,0.2,AMD NVDA MU CGNX ANET,0.5,6.617089006289856
0,2017-06-01,momentum,20,0.2,AMD NVDA MU CGNX XYZ,0.5,1.0851286727928011
0,2017-06-30,momentum,20,0.2,NVDA XYZ ANET MU CGNX,0.5,2.6231887054066316
0,2017-08-01,momentum,20,0.2,NVDA XYZ MU ANET CGNX,0.5,1.5535400118296128
0,2017-08-30,momentum,20,0.2,NVDA XYZ CGNX NFLX ANET,0.5,2.3825822276173136
0,2017-09-29,momentum,20,0.2,NVDA STLA XYZ ANET CGNX,0.5,4.533595005791313
0,2017-10-30,momentum,20,0.2,XYZ NVDA STLA MU ANET,0.5,5.785226891967166
0,2017-11-29,momentum,20,0.2,XYZ SEDG STLA SQM NVDA,0.5,1.353359421861633
0,2017-12-29,momentum,20,0.2,SEDG XYZ ANET CGNX NVR,0.5,3.9216628957350785
0,2018-01-31,momentum,20,0.2,SEDG ANET XYZ FSLR SQM,0.5,1.1399489768599835
0,2018-03-02,momentum,20,0.2,XYZ NVDA SEDG ANET STLA,0.5,-0.051439260415597765
0,2018-04-03,momentum,20,0.2,SEDG XYZ FSLR CRSP NVDA,0.5,2.449210519553313
0,2018-05-02,momentum,20,0.2,SEDG CRSP XYZ FSLR NVDA,0.5,8.271159318800404
0,2018-06-01,momentum,20,0.2,CRSP SEDG XYZ STLA NFLX,0.5,-2.467117274011832
0,2018-07-02,momentum,20,0.2,ENPH CRSP SEDG XYZ OKTA,0.5,-3.5291692334874836
0,2018-08-01,momentum,20,0.2,ENPH CRSP XYZ OKTA NFLX,0.5,6.291642543723874
0,2018-08-30,momentum,20,0.2,XYZ CRSP RUN OKTA NFLX,0.5,0.5567285746043371
0,2018-10-01,momentum,20,0.2,XYZ FTNT OKTA AMZN NFLX,0.5,-12.352349696169762
0,2018-10-30,momentum,20,0.2,,0.0,0.0
0,2018-11-29,momentum,20,0.2,,0.0,0.0
0,2019-01-02,momentum,20,0.2,,0.0,0.0
0,2019-02-01,momentum,20,0.2,,0.0,0.0
0,2019-03-05,momentum,20,0.2,MDB OKTA AMD RUN LLY,0.5,5.418124395446267
0,2019-04-03,momentum,20,0.2,AMD MDB ZS OKTA IRDM,0.5,-0.3307167117294618
0,2019-05-03,momentum,20,0.2,MDB AMD ZS IRDM ENPH,0.5,0.21513184312074163
0,2019-06-04,momentum,20,0.2,MDB ENPH ZS AMD OKTA,0.5,4.627759658851427
0,2019-07-03,momentum,20,0.2,MDB ENPH OKTA KTOS AMD,0.5,4.308875165700088
0,2019-08-02,momentum,20,0.2,ENPH MDB OKTA ZS KTOS,0.5,-0.0014509509098759032
0,2019-09-03,momentum,20,0.2,ENPH OKTA MDB ZS SBUX,0.5,-10.024491234490263
0,2019-10-02,momentum,20,0.2,ENPH SEDG OKTA SBUX KLAC,0.5,0.6877467317797814
0,2019-10-31,momentum,20,0.2,ENPH SEDG OKTA KLAC TER,0.5,2.4240056725376657
0,2019-12-02,momentum,20,0.2,ENPH SEDG LRCX KLAC OKTA,0.5,5.688144317112109
0,2020-01-02,momentum,20,0.2,ENPH CRSP SEDG AMD TER,0.5,-1.018532373330605
0,2020-02-03,momentum,20,0.2,ENPH SEDG AMD TER CRSP,0.5,5.417986520987439
0,2020-03-04,momentum,20,0.2,ENPH TSLA SEDG AMD LRCX,0.5,-15.23005098268715
0,2020-04-02,momentum,20,0.2,,0.0,0.0
0,2020-05-04,momentum,20,0.2,ENPH TSLA SEDG AMD REGN,0.5,7.596907000451036
0,2020-06-03,momentum,20,0.2,TSLA ENPH MRNA NVDA SEDG,0.5,2.0812158888218635
0,2020-07-02,momentum,20,0.2,MRNA TSLA ENPH SEDG NVDA,0.5,8.779129882246629
0,2020-08-03,momentum,20,0.2,TSLA MRNA NVDA SEDG REGN,0.5,8.20023533937233
0,2020-09-01,momentum,20,0.2,TSLA MRNA RUN NVDA AMD,0.5,1.1169060168822131
0,2020-10-01,momentum,20,0.2,TSLA MRNA RUN ENPH ZS,0.5,-0.7962489114072047
0,2020-10-30,momentum,20,0.2,TSLA RUN ENPH MRNA ZS,0.5,23.99804615451233
0,2020-12-01,momentum,20,0.2,TSLA ENPH RUN MRNA TWST,0.5,7.864402465090259
0,2020-12-31,momentum,20,0.2,MRNA TSLA TWST RUN ENPH,0.5,9.559632536281404
0,2021-02-02,momentum,20,0.2,TWST PACB ENPH MRNA TSLA,0.5,-10.85667321840159
0,2021-03-04,momentum,20,0.2,PACB TWST TSLA MRNA MSTR,0.5,2.949119967158298
0,2021-04-05,momentum,20,0.2,PACB TSLA MSTR FCX ENPH,0.5,-3.7613476816839686
0,2021-05-04,momentum,20,0.2,PACB MSTR NTLA BEAM TSLA,0.5,-2.1417356549479183
0,2021-06-03,momentum,20,0.2,PACB MSTR FCX UUUU NTLA,0.5,17.978798766316608
0,2021-07-02,momentum,20,0.2,PACB UUUU MSTR FCX MRNA,0.5,2.4638837344039155
0,2021-08-03,momentum,20,0.2,PACB NTLA BEAM MSTR MP,0.5,4.119011969102715
0,2021-09-01,momentum,20,0.2,NTLA MRNA PACB MSTR BEAM,0.5,-8.523770466480606
0,2021-10-01,momentum,20,0.2,NTLA MRNA UUUU NET ALB,0.5,11.025148216611292
0,2021-11-01,momentum,20,0.2,NTLA MRNA UUUU MSTR UEC,0.5,-1.401967760380074
0,2021-12-01,momentum,20,0.2,UUUU UEC NET FTNT CCJ,0.5,-1.7810059695776204
0,2021-12-31,momentum,20,0.2,NVDA F NET FTNT UEC,0.5,-9.381012852220916
0,2022-02-01,momentum,20,0.2,FTNT NUE NVDA F EOG,0.5,2.459317208128886
0,2022-03-03,momentum,20,0.2,,0.0,0.0
0,2022-04-01,momentum,20,0.2,,0.0,0.0
0,2022-05-03,momentum,20,0.2,,0.0,0.0
0,2022-06-02,momentum,20,0.2,,0.0,0.0
0,2022-07-05,momentum,20,0.2,,0.0,0.0
0,2022-08-03,momentum,20,0.2,,0.0,0.0
0,2022-09-01,momentum,20,0.2,,0.0,0.0
0,2022-10-03,momentum,20,0.2,,0.0,0.0
0,2022-11-01,momentum,20,0.2,,0.0,0.0
0,2022-12-01,momentum,20,0.2,,0.0,0.0
0,2023-01-03,momentum,20,0.2,,0.0,0.0
0,2023-02-02,momentum,20,0.2,FSLR CEG MPC IRDM LLY,0.5,3.140568204151628
0,2023-03-06,momentum,20,0.2,FSLR CEG VLO MPC ALB,0.5,-1.7209452240375733
0,2023-04-04,momentum,20,0.2,FSLR MPC IRDM VLO XOM,0.5,-4.659918784271055
0,2023-05-04,momentum,20,0.2,FSLR NFLX IRDM PACB ANET,0.5,7.040929639072413
0,2023-06-05,momentum,20,0.2,FSLR PACB IRDM BIIB NFLX,0.5,-0.6699160360750245
0,2023-07-06,momentum,20,0.2,FSLR NVDA PACB SYM VRT,0.5,8.396966212010959
0,2023-08-04,momentum,20,0.2,SYM PACB IONQ NVDA VRT,0.5,-0.7399126294503011
0,2023-09-05,momentum,20,0.2,SYM NVDA VRT IONQ PLTR,0.5,-6.762764284922906
0,2023-10-04,momentum,20,0.2,NVDA IONQ VRT SYM META,0.5,-2.0417842470226932
0,2023-11-02,momentum,20,0.2,NVDA META SYM IONQ VRT,0.5,8.692989970494992
0,2023-12-04,momentum,20,0.2,SYM VRT META NVDA PLTR,0.5,-1.4559864761088948
0,2024-01-04,momentum,20,0.2,SYM COIN IONQ MSTR VRT,0.5,-0.6995430194797647
0,2024-02-05,momentum,20,0.2,VRT SYM MSTR NVDA CRWD,0.5,14.305527903911951
0,2024-03-06,momentum,20,0.2,VRT NVDA META CRWD DELL,0.5,0.7623428621221784
0,2024-04-05,momentum,20,0.2,VRT MSTR COIN NVDA PLTR,0.5,-2.625149077789779
0,2024-05-06,momentum,20,0.2,VRT COIN MSTR VST NVDA,0.5,6.65704416022721
0,2024-06-05,momentum,20,0.2,VRT MSTR COIN VST DELL,0.5,-4.024430648336164
0,2024-07-08,momentum,20,0.2,MSTR VRT VST COIN NVDA,0.5,-9.01699339853197
0,2024-08-06,momentum,20,0.2,MSTR VST NVDA ASTS COIN,0.5,3.6919555326621945
0,2024-09-05,momentum,20,0.2,ASTS MSTR VST NVDA TWST,0.5,10.872479688999226
0,2024-10-04,momentum,20,0.2,ASTS MSTR VST NVDA TWST,0.5,1.1238098264096719
0,2024-11-04,momentum,20,0.2,ASTS VST MSTR SMR NVDA,0.5,12.224382088791286
0,2024-12-04,momentum,20,0.2,SMR ASTS MSTR VST NVDA,0.5,-3.157737322872567
0,2025-01-06,momentum,20,0.2,SMR MSTR LUNR ASTS PLTR,0.5,2.1543416938278437
0,2025-02-06,momentum,20,0.2,RGTI QBTS ASTS SMR MSTR,0.5,-7.421820999870299
0,2025-03-10,momentum,20,0.2,,0.0,0.0
0,2025-04-08,momentum,20,0.2,,0.0,0.0
0,2025-05-08,momentum,20,0.2,,0.0,0.0
0,2025-06-09,momentum,20,0.2,RGTI QBTS RKLB PLTR IONQ,0.5,6.079320876979466
0,2025-07-10,momentum,20,0.2,QBTS RGTI OKLO RKLB IONQ,0.5,7.745105692973242
0,2025-08-08,momentum,20,0.2,QBTS RGTI RKLB OKLO IONQ,0.5,-1.2169898247783917
0,2025-09-09,momentum,20,0.2,RGTI QBTS OKLO RKLB PLTR,0.5,40.361142387362214
0,2025-10-08,momentum,20,0.2,RGTI QBTS OKLO HOOD RKLB,0.5,-5.7166850240992435
0,2025-11-06,momentum,20,0.2,RGTI QBTS PL OKLO HOOD,0.5,-0.01867346209528664
0,2025-12-08,momentum,20,0.2,RGTI QBTS OKLO LEU QS,0.5,0.2725154759432913
0,2026-01-08,momentum,20,0.2,OKLO LEU HOOD ASTS MP,0.5,-6.978954860292774
0,2026-02-09,momentum,20,0.2,UUUU PL LEU MU ASTS,0.5,-3.8500512831744937
0,2026-03-11,momentum,20,0.2,PL UUUU RKLB MU UEC,0.5,1.8147367626739852
0,2026-04-10,momentum,20,0.2,PL MU UUUU TER ASTS,0.5,8.869904068295021
0,2026-05-11,momentum,20,0.2,PL MU TER UUUU ASTS,0.5,-1.1203236551015405
0,2026-06-10,momentum,20,0.2,MU PL TER RKLB AMD,0.5,-1.279244085012654
0,2026-07-13,momentum,20,0.2,MU PL TER LRCX AMD,0.5,-5.594534188970268
0,2016-06-30,qqq,20,0.2,QQQ,0.5,3.4932439942091165
0,2016-08-01,qqq,20,0.2,QQQ,0.5,0.4479718596460014
0,2016-08-30,qqq,20,0.2,QQQ,0.5,1.0223589279637624
0,2016-09-29,qqq,20,0.2,QQQ,0.5,-0.23082804233522936
0,2016-10-28,qqq,20,0.2,QQQ,0.5,0.3246751396147829
0,2016-11-29,qqq,20,0.2,QQQ,0.5,0.3796659246035672
0,2016-12-29,qqq,20,0.2,QQQ,0.5,1.9303862380101844
0,2017-01-31,qqq,20,0.2,QQQ,0.5,2.282738115067806
0,2017-03-02,qqq,20,0.2,QQQ,0.5,0.6849353613679776
0,2017-03-31,qqq,20,0.2,QQQ,0.5,1.674036534467227
0,2017-05-02,qqq,20,0.2,QQQ,0.5,1.4176330965048223
0,2017-06-01,qqq,20,0.2,QQQ,0.5,-1.6336886892013625
0,2017-06-30,qqq,20,0.2,QQQ,0.5,1.690110904537434
0,2017-08-01,qqq,20,0.2,QQQ,0.5,-0.6248309961023768
0,2017-08-30,qqq,20,0.2,QQQ,0.5,-0.21475579675581669
0,2017-09-29,qqq,20,0.2,QQQ,0.5,1.8081222176815626
0,2017-10-30,qqq,20,0.2,QQQ,0.5,1.3833118013515389
0,2017-11-29,qqq,20,0.2,QQQ,0.5,0.7229031007890852
0,2017-12-29,qqq,20,0.2,QQQ,0.5,3.7694659469514447
0,2018-01-31,qqq,20,0.2,QQQ,0.5,-1.1744950184946146
0,2018-03-02,qqq,20,0.2,QQQ,0.5,-2.953516212415297
0,2018-04-03,qqq,20,0.2,QQQ,0.5,2.6697805689094967
0,2018-05-02,qqq,20,0.2,QQQ,0.5,2.711253929304336
0,2018-06-01,qqq,20,0.2,QQQ,0.5,-0.434875433095927
0,2018-07-02,qqq,20,0.2,QQQ,0.5,0.7631648985520822
0,2018-08-01,qqq,20,0.2,QQQ,0.5,2.984289053575373
0,2018-08-30,qqq,20,0.2,QQQ,0.5,-0.11481121929923788
0,2018-10-01,qqq,20,0.2,QQQ,0.5,-6.210995368119709
0,2018-10-30,qqq,20,0.2,,0.0,0.0
0,2018-11-29,qqq,20,0.2,,0.0,0.0
0,2019-01-02,qqq,20,0.2,,0.0,0.0
0,2019-02-01,qqq,20,0.2,,0.0,0.0
0,2019-03-05,qqq,20,0.2,QQQ,0.5,2.2827344606301647
0,2019-04-03,qqq,20,0.2,QQQ,0.5,1.0619001374192472
0,2019-05-03,qqq,20,0.2,QQQ,0.5,-4.6163729013375505
0,2019-06-04,qqq,20,0.2,QQQ,0.5,3.8140143670776228
0,2019-07-03,qqq,20,0.2,QQQ,0.5,-0.09465479392707365
0,2019-08-02,qqq,20,0.2,QQQ,0.5,0.9991389106386972
0,2019-09-03,qqq,20,0.2,QQQ,0.5,-0.044610680748646825
0,2019-10-02,qqq,20,0.2,QQQ,0.5,3.414235528099052
0,2019-10-31,qqq,20,0.2,QQQ,0.5,1.7077321102489051
0,2019-12-02,qqq,20,0.2,QQQ,0.5,3.1055474566024754
0,2020-01-02,qqq,20,0.2,QQQ,0.5,1.249961202628258
0,2020-02-03,qqq,20,0.2,QQQ,0.5,-3.628459196885647
0,2020-03-04,qqq,20,0.2,QQQ,0.5,-7.136334085996832
0,2020-04-02,qqq,20,0.2,,0.0,0.0
0,2020-05-04,qqq,20,0.2,QQQ,0.5,4.074510121585373
0,2020-06-03,qqq,20,0.2,QQQ,0.5,2.9818957550987513
0,2020-07-02,qqq,20,0.2,QQQ,0.5,1.9199268961697546
0,2020-08-03,qqq,20,0.2,QQQ,0.5,4.7293813774974325
0,2020-09-01,qqq,20,0.2,QQQ,0.5,-4.285683812098428
0,2020-10-01,qqq,20,0.2,QQQ,0.5,-0.033006683766401146
0,2020-10-30,qqq,20,0.2,QQQ,0.5,4.997476393406997
0,2020-12-01,qqq,20,0.2,QQQ,0.5,1.7635635177230435
0,2020-12-31,qqq,20,0.2,QQQ,0.5,1.0576979442037615
0,2021-02-02,qqq,20,0.2,QQQ,0.5,-3.2256560164880765
0,2021-03-04,qqq,20,0.2,QQQ,0.5,2.8569998683005693
0,2021-04-05,qqq,20,0.2,QQQ,0.5,0.7238994389431985
0,2021-05-04,qqq,20,0.2,QQQ,0.5,0.08332102453576518
0,2021-06-03,qqq,20,0.2,QQQ,0.5,3.3783333342294553
0,2021-07-02,qqq,20,0.2,QQQ,0.5,0.6418066332833483
0,2021-08-03,qqq,20,0.2,QQQ,0.5,1.6932705181839536
0,2021-09-01,qqq,20,0.2,QQQ,0.5,-3.1847023358288262
0,2021-10-01,qqq,20,0.2,QQQ,0.5,3.740162186868856
0,2021-11-01,qqq,20,0.2,QQQ,0.5,0.8057288448649391
0,2021-12-01,qqq,20,0.2,QQQ,0.5,1.8481575803103834
0,2021-12-31,qqq,20,0.2,QQQ,0.5,-4.601617744619102
0,2022-02-01,qqq,20,0.2,QQQ,0.5,-3.1417277531935794
0,2022-03-03,qqq,20,0.2,,0.0,0.0
0,2022-04-01,qqq,20,0.2,,0.0,0.0
0,2022-05-03,qqq,20,0.2,,0.0,0.0
0,2022-06-02,qqq,20,0.2,,0.0,0.0
0,2022-07-05,qqq,20,0.2,,0.0,0.0
0,2022-08-03,qqq,20,0.2,,0.0,0.0
0,2022-09-01,qqq,20,0.2,,0.0,0.0
0,2022-10-03,qqq,20,0.2,,0.0,0.0
0,2022-11-01,qqq,20,0.2,,0.0,0.0
0,2022-12-01,qqq,20,0.2,,0.0,0.0
0,2023-01-03,qqq,20,0.2,,0.0,0.0
0,2023-02-02,qqq,20,0.2,QQQ,0.5,-0.9606385492892722
0,2023-03-06,qqq,20,0.2,QQQ,0.5,3.321696081922565
0,2023-04-04,qqq,20,0.2,QQQ,0.5,-0.2269596919910133
0,2023-05-04,qqq,20,0.2,QQQ,0.5,5.569023011379515
0,2023-06-05,qqq,20,0.2,QQQ,0.5,2.225225044602208
0,2023-07-06,qqq,20,0.2,QQQ,0.5,0.7914910187181379
0,2023-08-04,qqq,20,0.2,QQQ,0.5,0.3952543030731226
0,2023-09-05,qqq,20,0.2,QQQ,0.5,-2.9893362611894236
0,2023-10-04,qqq,20,0.2,QQQ,0.5,-0.48551893564177107
0,2023-11-02,qqq,20,0.2,QQQ,0.5,3.346243925943204
0,2023-12-04,qqq,20,0.2,QQQ,0.5,1.840269398654737
0,2024-01-04,qqq,20,0.2,QQQ,0.5,3.998337769141025
0,2024-02-05,qqq,20,0.2,QQQ,0.5,0.6481202076857873
0,2024-03-06,qqq,20,0.2,QQQ,0.5,-0.833516303331483
0,2024-04-05,qqq,20,0.2,QQQ,0.5,-0.7702706974277995
0,2024-05-06,qqq,20,0.2,QQQ,0.5,1.4479486246300244
0,2024-06-05,qqq,20,0.2,QQQ,0.5,3.418169728672149
0,2024-07-08,qqq,20,0.2,QQQ,0.5,-6.451567734516262
0,2024-08-06,qqq,20,0.2,QQQ,0.5,1.4781616671760922
0,2024-09-05,qqq,20,0.2,QQQ,0.5,2.2780605972309464
0,2024-10-04,qqq,20,0.2,QQQ,0.5,0.10982045893890291
0,2024-11-04,qqq,20,0.2,QQQ,0.5,2.8944507649785844
0,2024-12-04,qqq,20,0.2,QQQ,0.5,-0.47118943792793244
0,2025-01-06,qqq,20,0.2,QQQ,0.5,0.01972939780787719
0,2025-02-06,qqq,20,0.2,QQQ,0.5,-3.7096405881229644
0,2025-03-10,qqq,20,0.2,,0.0,0.0
0,2025-04-08,qqq,20,0.2,,0.0,0.0
0,2025-05-08,qqq,20,0.2,,0.0,0.0
0,2025-06-09,qqq,20,0.2,QQQ,0.5,2.3148936158963407
0,2025-07-10,qqq,20,0.2,QQQ,0.5,1.3376709492615158
0,2025-08-08,qqq,20,0.2,QQQ,0.5,0.2630510356595117
0,2025-09-09,qqq,20,0.2,QQQ,0.5,1.7354936058774362
0,2025-10-08,qqq,20,0.2,QQQ,0.5,0.8630538363184392
0,2025-11-06,qqq,20,0.2,QQQ,0.5,1.308563392403328
0,2025-12-08,qqq,20,0.2,QQQ,0.5,0.04539721681002806
0,2026-01-08,qqq,20,0.2,QQQ,0.5,-1.0442412426892367
0,2026-02-09,qqq,20,0.2,QQQ,0.5,-0.71137245107884
0,2026-03-11,qqq,20,0.2,QQQ,0.5,0.5788943099129362
0,2026-04-10,qqq,20,0.2,QQQ,0.5,8.230700674972024
0,2026-05-11,qqq,20,0.2,QQQ,0.5,-0.12737730820183701
0,2026-06-10,qqq,20,0.2,QQQ,0.5,1.8280102715870994
0,2026-07-13,qqq,20,0.2,QQQ,0.5,-0.05486346592901148
0,2016-06-30,high,20,0.5,ADP BSX CB CVX DHR,0.5,5.596505418734377
0,2016-08-01,high,20,0.5,AMZN BLK BSX DHR GOOGL,0.5,0.09316714616374178
0,2016-08-30,high,20,0.5,APD BLK BRK-B JPM LHX,0.5,-1.3805680464431758
0,2016-09-29,high,20,0.5,ACN AMZN BKNG CAT NVDA,0.5,-0.9922702464680522
0,2016-10-28,high,20,0.5,MA NOC TER JPM DE,0.5,3.820891428181694
0,2016-11-29,high,20,0.5,ACN ADP AMAT GD HPE,0.5,-0.027262117588322532
0,2016-12-29,high,20,0.5,ADP T DE CB ZTS,0.5,0.0032113678510192756
0,2017-01-31,high,20,0.5,DHR GEN HUBB NOW ZTS,0.5,0.12226552794081247
0,2017-03-02,high,20,0.5,ABT ALB AVGO BKNG CGNX,0.5,0.8345077700458781
0,2017-03-31,high,20,0.5,ADBE AMZN CGNX DIS FTNT,0.5,1.1906914499234755
0,2017-05-02,high,20,0.5,AAPL ABBNY ABBV AMAT ANET,0.5,1.8957366916342533
0,2017-06-01,high,20,0.5,ABBNY ABT ACN AMAT ANET,0.5,-1.2314341591376565
0,2017-06-30,high,20,0.5,AXP DHI PHM CAT C,0.5,0.9592424352105056
0,2017-08-01,high,20,0.5,ACN APD C CB CGNX,0.5,-1.1113770264373324
0,2017-08-30,high,20,0.5,AAPL ADBE ANET BMY CAT,0.5,0.30679138525306904
0,2017-09-29,high,20,0.5,ALB AMAT ASML AVAV AXP,0.5,1.437069319367379
0,2017-10-30,high,20,0.5,AAPL ACN AMZN ANET AVGO,0.5,4.0860410716765605
0,2017-11-29,high,20,0.5,AXP BAC BLK BRK-B CI,0.5,1.19547229343544
0,2017-12-29,high,20,0.5,ABBNY APD LOW PEP RIO,0.5,2.079992617529891
0,2018-01-31,high,20,0.5,ADP AMZN CB CRM FTNT,0.5,-0.2974049582331162
0,2018-03-02,high,20,0.5,CRM CRSP NFLX NOW PANW,0.5,-2.7626808916801138
0,2018-04-03,high,20,0.5,RUN COP NEE LHX MPC,0.5,0.7848560555043127
0,2018-05-02,high,20,0.5,CCJ MA OKTA PANW VLO,0.5,3.26987134703276
0,2018-06-01,high,20,0.5,AAPL ADBE ADP AMZN FTNT,0.5,-0.5244527664170273
0,2018-07-02,high,20,0.5,CRM DELL NEE RUN AVAV,0.5,-0.48689096883676175
0,2018-08-01,high,20,0.5,AAPL MDT PFE LLY PLD,0.5,3.1144632736604283
0,2018-08-30,high,20,0.5,AAPL AMGN AMZN COP COST,0.5,0.8584526399072256
0,2018-10-01,high,20,0.5,ABT ADBE ADP BSX COP,0.5,-5.892483374509661
0,2018-10-30,high,20,0.5,,0.0,0.0
0,2018-11-29,high,20,0.5,,0.0,0.0
0,2019-01-02,high,20,0.5,,0.0,0.0
0,2019-02-01,high,20,0.5,,0.0,0.0
0,2019-03-05,high,20,0.5,MRK NEE SBUX ZTS LLY,0.5,1.112901456378279
0,2019-04-03,high,20,0.5,ACN ANET APD DELL INTU,0.5,0.6361463008216495
0,2019-05-03,high,20,0.5,APD AXP DELL DHR ENPH,0.5,-0.4664313699552447
0,2019-06-04,high,20,0.5,AON APD KO KTOS LHX,0.5,1.9224495859628155
0,2019-07-03,high,20,0.5,ABT ACN ADBE AON APD,0.5,-0.5885201806935414
0,2019-08-02,high,20,0.5,SO ZTS DHI NEE T,0.5,2.537481472075176
0,2019-09-03,high,20,0.5,DUK KLAC KO LMT MLM,0.5,0.48872647733659846
0,2019-10-02,high,20,0.5,LEN PHM SO DUK NEE,0.5,1.4744731710575554
0,2019-10-31,high,20,0.5,AMGN BMY MRK NEE SO,0.5,0.41393964076656964
0,2019-12-02,high,20,0.5,BAC JPM AMGN DHR MRK,0.5,2.860445338095974
0,2020-01-02,high,20,0.5,AAPL ABBNY ADBE AMAT AMD,0.5,-0.1915223846666647
0,2020-02-03,high,20,0.5,ADBE AON DUK MSFT NOW,0.5,-2.4550859557868288
0,2020-03-04,high,20,0.5,GILD NEE NVR DUK ZTS,0.5,-10.837243792516805
0,2020-04-02,high,20,0.5,,0.0,0.0
0,2020-05-04,high,20,0.5,OKTA MRNA VRTX GILD TMO,0.5,4.872336137446731
0,2020-06-03,high,20,0.5,ASML DHR KLAC LOW NKE,0.5,0.9790409198790151
0,2020-07-02,high,20,0.5,ADBE AMGN AMZN ASML CRSP,0.5,-0.4503475113939781
0,2020-08-03,high,20,0.5,AAPL ACN CGNX COST CRM,0.5,6.503841928691423
0,2020-09-01,high,20,0.5,AAPL ALB AMD AMZN APD,0.5,-5.077023695770366
0,2020-10-01,high,20,0.5,DDOG DHI ENPH LEN PACB,0.5,0.7876076029629919
0,2020-10-30,high,20,0.5,SQM PWR TMO NEE DHR,0.5,2.3818890483700006
0,2020-12-01,high,20,0.5,ACN AMAT ASML AVGO BLK,0.5,2.160704335555508
0,2020-12-31,high,20,0.5,ABBNY AVGO BLK DIS GS,0.5,0.3305372191053868
0,2021-02-02,high,20,0.5,AVGO FTNT GOOGL MSTR NOW,0.5,-0.5006890566359057
0,2021-03-04,high,20,0.5,AXP BAC MPC SCHW EMR,0.5,0.1498234604130566
0,2021-04-05,high,20,0.5,ABBNY ACN ADP AMAT AON,0.5,0.6557902224165968
0,2021-05-04,high,20,0.5,AON BLK BRK-B CAT CI,0.5,0.7831403099984202
0,2021-06-03,high,20,0.5,ANET AXP BAC COP EMR,0.5,0.4324031434662645
0,2021-07-02,high,20,0.5,ACN ADBE ADP BLK BMY,0.5,0.8369235217103199
0,2021-08-03,high,20,0.5,ABBNY ADP ALB AMD AON,0.5,1.4134296604918717
0,2021-09-01,high,20,0.5,ABT ACN ALB AON ASML,0.5,-3.7750991872816386
0,2021-10-01,high,20,0.5,COP DELL JPM MPC MRK,0.5,1.7009153424018653
0,2021-11-01,high,20,0.5,ABT ALB AMD COST CRM,0.5,2.8878352854144973
0,2021-12-01,high,20,0.5,LRCX NVR PFE AAPL NEE,0.5,3.7756008998591772
0,2021-12-31,high,20,0.5,ITW LIN MDLZ NEE PEP,0.5,-2.9441051960682585
0,2022-02-01,high,20,0.5,COP EOG OXY UPS VLO,0.5,2.415804145517786
0,2022-03-03,high,20,0.5,,0.0,0.0
0,2022-04-01,high,20,0.5,,0.0,0.0
0,2022-05-03,high,20,0.5,,0.0,0.0
0,2022-06-02,high,20,0.5,,0.0,0.0
0,2022-07-05,high,20,0.5,,0.0,0.0
0,2022-08-03,high,20,0.5,,0.0,0.0
0,2022-09-01,high,20,0.5,,0.0,0.0
0,2022-10-03,high,20,0.5,,0.0,0.0
0,2022-11-01,high,20,0.5,,0.0,0.0
0,2022-12-01,high,20,0.5,,0.0,0.0
0,2023-01-03,high,20,0.5,,0.0,0.0
0,2023-02-02,high,20,0.5,BSX DHI NUE SYK URI,0.5,-0.48463938814312657
0,2023-03-06,high,20,0.5,AVGO FSLR PGR PWR ROK,0.5,-0.6414648541761103
0,2023-04-04,high,20,0.5,BSX MCD MDLZ ORCL SYK,0.5,1.6744853547247418
0,2023-05-04,high,20,0.5,BIIB PEP VRTX MDLZ MSFT,0.5,-0.8130605461171725
0,2023-06-05,high,20,0.5,CCJ FTNT ISRG LLY MLM,0.5,1.7924835059239586
0,2023-07-06,high,20,0.5,VST BRK-B V MA MSTR,0.5,1.1692241804899695
0,2023-08-04,high,20,0.5,BKNG CEG MPC VRT VST,0.5,3.1416218405368346
0,2023-09-05,high,20,0.5,ADBE ANET IBM INTU LLY,0.5,-3.6720166343863325
0,2023-10-04,high,20,0.5,COST GOOGL WMT VRTX LIN,0.5,-0.19592418325504735
0,2023-11-02,high,20,0.5,ANET CCJ CEG KTOS VRTX,0.5,0.847053018939703
0,2023-12-04,high,20,0.5,AVAV CCJ COIN COST CRWD,0.5,-0.24901776162461475
0,2024-01-04,high,20,0.5,AMGN BSX C JPM VRTX,0.5,2.3331524546583937
0,2024-02-05,high,20,0.5,ABBV ASML BKNG BRK-B CAT,0.5,0.9856253330265297
0,2024-03-06,high,20,0.5,ABBV ABNB AMAT AMD ASML,0.5,-4.656404090810639
0,2024-04-05,high,20,0.5,AMZN CAT CEG COP DELL,0.5,-2.774029491385188
0,2024-05-06,high,20,0.5,CCJ CEG DUK GS MS,0.5,1.3119760553129245
0,2024-06-05,high,20,0.5,AMAT AVAV COST DHR GEN,0.5,-1.8115239851291376
0,2024-07-08,high,20,0.5,AAPL ANET ASML C KLAC,0.5,-8.12934645254334
0,2024-08-06,high,20,0.5,DUK PG LMT T KO,0.5,2.688591134549223
0,2024-09-05,high,20,0.5,SO SPGI T DUK PG,0.5,0.07724942345541663
0,2024-10-04,high,20,0.5,ADP ANET AXP BSX CAT,0.5,-0.620709197615299
0,2024-11-04,high,20,0.5,BKNG GILD ILMN V NOW,0.5,2.2270287028450797
0,2024-12-04,high,20,0.5,AAPL AMZN BKNG C COIN,0.5,-2.863477853423635
0,2025-01-06,high,20,0.5,ANET C GOOGL IONQ KTOS,0.5,-0.3409483617967557
0,2025-02-06,high,20,0.5,ADP BAC BSX C COST,0.5,-4.423146564613479
0,2025-03-10,high,20,0.5,,0.0,0.0
0,2025-04-08,high,20,0.5,,0.0,0.0
0,2025-05-08,high,20,0.5,,0.0,0.0
0,2025-06-09,high,20,0.5,IBM KTOS LEU MP MSFT,0.5,5.0406656726941
0,2025-07-10,high,20,0.5,BLK COIN EMR GEV HOOD,0.5,0.7614558344830158
0,2025-08-08,high,20,0.5,AVGO BLK GILD HOOD JNJ,0.5,1.1010825037162997
0,2025-09-09,high,20,0.5,C GOOGL GS HOOD MDT,0.5,2.9297417394666736
0,2025-10-08,high,20,0.5,ANET ASTS AVAV CAT CEG,0.5,-2.9484672568422243
0,2025-11-06,high,20,0.5,CWEN DDOG GOOGL LLY MU,0.5,0.2539492435102986
0,2025-12-08,high,20,0.5,C GS MDB MS TER,0.5,3.8996212284664766
0,2026-01-08,high,20,0.5,F GM GOOGL HII LHX,0.5,0.4393317505922312
0,2026-02-09,high,20,0.5,ABBNY C CAT COP CVX,0.5,-1.222138585652588
0,2026-03-11,high,20,0.5,CVX MPC OXY VLO VRT,0.5,0.792775436426707
0,2026-04-10,high,20,0.5,AMAT APD BEP CAT CWEN,0.5,1.0962853564151498
0,2026-05-11,high,20,0.5,ABBNY AMAT AMD APD CGNX,0.5,-0.1919186828748476
0,2026-06-10,high,20,0.5,KO TJX CVS KLAC AMAT,0.5,1.370233436617574
0,2026-07-13,high,20,0.5,AAPL CVS ELV KO MPC,0.5,-1.2653679905617499
0,2016-06-30,momentum,20,0.5,NVDA AMD AMZN ALB HII,0.5,6.7705610321896925
0,2016-08-01,momentum,20,0.5,AMD NVDA ALB HII KLAC,0.5,0.7971500905447071
0,2016-08-30,momentum,20,0.5,AMD NVDA DHR ALB AMAT,0.5,-0.6582601599434912
0,2016-09-29,momentum,20,0.5,AMD NVDA AMAT DHR ALB,0.5,0.40203618687189024
0,2016-10-28,momentum,20,0.5,AMD NVDA AMAT DHR ALB,0.5,6.564930053696383
0,2016-11-29,momentum,20,0.5,AMD NVDA DHR GEN ALB,0.5,4.02672821167902
0,2016-12-29,momentum,20,0.5,AMD NVDA FCX CGNX DHR,0.5,1.3291859719079868
0,2017-01-31,momentum,20,0.5,AMD NVDA FCX URI CGNX,0.5,3.300323431784813
0,2017-03-02,momentum,20,0.5,AMD NVDA URI MU DHR,0.5,2.2333017855220794
0,2017-03-31,momentum,20,0.5,AMD NVDA MU URI CGNX,0.5,-2.595643164389816
0,2017-05-02,momentum,20,0.5,AMD NVDA MU CGNX ANET,0.5,6.447491711220343
0,2017-06-01,momentum,20,0.5,AMD NVDA MU CGNX XYZ,0.5,0.932102443552707
0,2017-06-30,momentum,20,0.5,NVDA XYZ ANET MU CGNX,0.5,2.465555195471536
0,2017-08-01,momentum,20,0.5,NVDA XYZ MU ANET CGNX,0.5,1.399110649763835
0,2017-08-30,momentum,20,0.5,NVDA XYZ CGNX NFLX ANET,0.5,2.2256694578072223
0,2017-09-29,momentum,20,0.5,NVDA STLA XYZ ANET CGNX,0.5,4.370238846622265
0,2017-10-30,momentum,20,0.5,XYZ NVDA STLA MU ANET,0.5,5.618121451688074
0,2017-11-29,momentum,20,0.5,XYZ SEDG STLA SQM NVDA,0.5,1.199529703599178
0,2017-12-29,momentum,20,0.5,SEDG XYZ ANET CGNX NVR,0.5,3.7601397879018617
0,2018-01-31,momentum,20,0.5,SEDG ANET XYZ FSLR SQM,0.5,0.9867585326196693
0,2018-03-02,momentum,20,0.5,XYZ NVDA SEDG ANET STLA,0.5,-0.20106088425266844
0,2018-04-03,momentum,20,0.5,SEDG XYZ FSLR CRSP NVDA,0.5,2.292098163747469
0,2018-05-02,momentum,20,0.5,SEDG CRSP XYZ FSLR NVDA,0.5,8.096607232593112
0,2018-06-01,momentum,20,0.5,CRSP SEDG XYZ STLA NFLX,0.5,-2.6095027000143767
0,2018-07-02,momentum,20,0.5,ENPH CRSP SEDG XYZ OKTA,0.5,-3.668373267745728
0,2018-08-01,momentum,20,0.5,ENPH CRSP XYZ OKTA NFLX,0.5,6.123020128160017
0,2018-08-30,momentum,20,0.5,XYZ CRSP RUN OKTA NFLX,0.5,0.40528517537086195
0,2018-10-01,momentum,20,0.5,XYZ FTNT OKTA AMZN NFLX,0.5,-12.465123767908825
0,2018-10-30,momentum,20,0.5,,0.0,0.0
0,2018-11-29,momentum,20,0.5,,0.0,0.0
0,2019-01-02,momentum,20,0.5,,0.0,0.0
0,2019-02-01,momentum,20,0.5,,0.0,0.0
0,2019-03-05,momentum,20,0.5,MDB OKTA AMD RUN LLY,0.5,5.2521186159147915
0,2019-04-03,momentum,20,0.5,AMD MDB ZS OKTA IRDM,0.5,-0.4795017559905079
0,2019-05-03,momentum,20,0.5,MDB AMD ZS IRDM ENPH,0.5,0.06471170175306185
0,2019-06-04,momentum,20,0.5,MDB ENPH ZS AMD OKTA,0.5,4.4641214281254005
0,2019-07-03,momentum,20,0.5,MDB ENPH OKTA KTOS AMD,0.5,4.1461921580070005
0,2019-08-02,momentum,20,0.5,ENPH MDB OKTA ZS KTOS,0.5,-0.1512223154387593
0,2019-09-03,momentum,20,0.5,ENPH OKTA MDB ZS SBUX,0.5,-10.144238439347507
0,2019-10-02,momentum,20,0.5,ENPH SEDG OKTA SBUX KLAC,0.5,0.5359108657937428
0,2019-10-31,momentum,20,0.5,ENPH SEDG OKTA KLAC TER,0.5,2.2669688182094028
0,2019-12-02,momentum,20,0.5,ENPH SEDG LRCX KLAC OKTA,0.5,5.521329689066268
0,2020-01-02,momentum,20,0.5,ENPH CRSP SEDG AMD TER,0.5,-1.1652570559983255
0,2020-02-03,momentum,20,0.5,ENPH SEDG AMD TER CRSP,0.5,5.251981154460816
0,2020-03-04,momentum,20,0.5,ENPH TSLA SEDG AMD LRCX,0.5,-15.334204859308842
0,2020-04-02,momentum,20,0.5,,0.0,0.0
0,2020-05-04,momentum,20,0.5,ENPH TSLA SEDG AMD REGN,0.5,7.42437464664949
0,2020-06-03,momentum,20,0.5,TSLA ENPH MRNA NVDA SEDG,0.5,1.9252058661643368
0,2020-07-02,momentum,20,0.5,MRNA TSLA ENPH SEDG NVDA,0.5,8.60305616299446
0,2020-08-03,momentum,20,0.5,TSLA MRNA NVDA SEDG REGN,0.5,8.025895706953733
0,2020-09-01,momentum,20,0.5,TSLA MRNA RUN NVDA AMD,0.5,0.9637845981561366
0,2020-10-01,momentum,20,0.5,TSLA MRNA RUN ENPH ZS,0.5,-0.9436394473454235
0,2020-10-30,momentum,20,0.5,TSLA RUN ENPH MRNA ZS,0.5,23.776383955192305
0,2020-12-01,momentum,20,0.5,TSLA ENPH RUN MRNA TWST,0.5,7.6910688248212455
0,2020-12-31,momentum,20,0.5,MRNA TSLA TWST RUN ENPH,0.5,9.381220810232316
0,2021-02-02,momentum,20,0.5,TWST PACB ENPH MRNA TSLA,0.5,-10.973927610294542
0,2021-03-04,momentum,20,0.5,PACB TWST TSLA MRNA MSTR,0.5,2.790510125494694
0,2021-04-05,momentum,20,0.5,PACB TSLA MSTR FCX ENPH,0.5,-3.8998562220996513
0,2021-05-04,momentum,20,0.5,PACB MSTR NTLA BEAM TSLA,0.5,-2.2850957662164606
0,2021-06-03,momentum,20,0.5,PACB MSTR FCX UUUU NTLA,0.5,17.775167308126292
0,2021-07-02,momentum,20,0.5,PACB UUUU MSTR FCX MRNA,0.5,2.3067274247743574
0,2021-08-03,momentum,20,0.5,PACB NTLA BEAM MSTR MP,0.5,3.956897699314421
0,2021-09-01,momentum,20,0.5,NTLA MRNA PACB MSTR BEAM,0.5,-8.648013101734875
0,2021-10-01,momentum,20,0.5,NTLA MRNA UUUU NET ALB,0.5,10.842346517505863
0,2021-11-01,momentum,20,0.5,NTLA MRNA UUUU MSTR UEC,0.5,-1.5475438568944067
0,2021-12-01,momentum,20,0.5,UUUU UEC NET FTNT CCJ,0.5,-1.9254466517473423
0,2021-12-31,momentum,20,0.5,NVDA F NET FTNT UEC,0.5,-9.502687605720904
0,2022-02-01,momentum,20,0.5,FTNT NUE NVDA F EOG,0.5,2.302174577593741
0,2022-03-03,momentum,20,0.5,,0.0,0.0
0,2022-04-01,momentum,20,0.5,,0.0,0.0
0,2022-05-03,momentum,20,0.5,,0.0,0.0
0,2022-06-02,momentum,20,0.5,,0.0,0.0
0,2022-07-05,momentum,20,0.5,,0.0,0.0
0,2022-08-03,momentum,20,0.5,,0.0,0.0
0,2022-09-01,momentum,20,0.5,,0.0,0.0
0,2022-10-03,momentum,20,0.5,,0.0,0.0
0,2022-11-01,momentum,20,0.5,,0.0,0.0
0,2022-12-01,momentum,20,0.5,,0.0,0.0
0,2023-01-03,momentum,20,0.5,,0.0,0.0
0,2023-02-02,momentum,20,0.5,FSLR CEG MPC IRDM LLY,0.5,2.981384876572224
0,2023-03-06,momentum,20,0.5,FSLR CEG VLO MPC ALB,0.5,-1.8655658190244728
0,2023-04-04,momentum,20,0.5,FSLR MPC IRDM VLO XOM,0.5,-4.795735642173538
0,2023-05-04,momentum,20,0.5,FSLR NFLX IRDM PACB ANET,0.5,6.870062723361459
0,2023-06-05,momentum,20,0.5,FSLR PACB IRDM BIIB NFLX,0.5,-0.8176850039374184
0,2023-07-06,momentum,20,0.5,FSLR NVDA PACB SYM VRT,0.5,8.222037269466377
0,2023-08-04,momentum,20,0.5,SYM PACB IONQ NVDA VRT,0.5,-0.8874719215220761
0,2023-09-05,momentum,20,0.5,SYM NVDA VRT IONQ PLTR,0.5,-6.892282039231068
0,2023-10-04,momentum,20,0.5,NVDA IONQ VRT SYM META,0.5,-2.1854437641547153
0,2023-11-02,momentum,20,0.5,NVDA META SYM IONQ VRT,0.5,8.517174284573192
0,2023-12-04,momentum,20,0.5,SYM VRT META NVDA PLTR,0.5,-1.6014007587922596
0,2024-01-04,momentum,20,0.5,SYM COIN IONQ MSTR VRT,0.5,-0.8472232392921608
0,2024-02-05,momentum,20,0.5,VRT SYM MSTR NVDA CRWD,0.5,14.11289978081458
0,2024-03-06,momentum,20,0.5,VRT NVDA META CRWD DELL,0.5,0.6102835423671182
0,2024-04-05,momentum,20,0.5,VRT MSTR COIN NVDA PLTR,0.5,-2.7670611172772808
0,2024-05-06,momentum,20,0.5,VRT COIN MSTR VST NVDA,0.5,6.4873271789259945
0,2024-06-05,momentum,20,0.5,VRT MSTR COIN VST DELL,0.5,-4.16215111998487
0,2024-07-08,momentum,20,0.5,MSTR VRT VST COIN NVDA,0.5,-9.139758577480904
0,2024-08-06,momentum,20,0.5,MSTR VST NVDA ASTS COIN,0.5,3.5311205165009074
0,2024-09-05,momentum,20,0.5,ASTS MSTR VST NVDA TWST,0.5,10.690135310638826
0,2024-10-04,momentum,20,0.5,ASTS MSTR VST NVDA TWST,0.5,0.9706677272239617
0,2024-11-04,momentum,20,0.5,ASTS VST MSTR SMR NVDA,0.5,12.037988067571659
0,2024-12-04,momentum,20,0.5,SMR ASTS MSTR VST NVDA,0.5,-3.298053986699878
0,2025-01-06,momentum,20,0.5,SMR MSTR LUNR ASTS PLTR,0.5,1.9981126217817557
0,2025-02-06,momentum,20,0.5,RGTI QBTS ASTS SMR MSTR,0.5,-7.549364540418724
0,2025-03-10,momentum,20,0.5,,0.0,0.0
0,2025-04-08,momentum,20,0.5,,0.0,0.0
0,2025-05-08,momentum,20,0.5,,0.0,0.0
0,2025-06-09,momentum,20,0.5,RGTI QBTS RKLB PLTR IONQ,0.5,5.9113344739869955
0,2025-07-10,momentum,20,0.5,QBTS RGTI OKLO RKLB IONQ,0.5,7.572129407881256
0,2025-08-08,momentum,20,0.5,QBTS RGTI RKLB OKLO IONQ,0.5,-1.3631200253287457
0,2025-09-09,momentum,20,0.5,RGTI QBTS OKLO RKLB PLTR,0.5,40.09046430063496
0,2025-10-08,momentum,20,0.5,RGTI QBTS OKLO HOOD RKLB,0.5,-5.849336323705778
0,2025-11-06,momentum,20,0.5,RGTI QBTS PL OKLO HOOD,0.5,-0.16839323634706416
0,2025-12-08,momentum,20,0.5,RGTI QBTS OKLO LEU QS,0.5,0.12192344108765685
0,2026-01-08,momentum,20,0.5,OKLO LEU HOOD ASTS MP,0.5,-7.107825012658731
0,2026-02-09,momentum,20,0.5,UUUU PL LEU MU ASTS,0.5,-3.988294110690771
0,2026-03-11,momentum,20,0.5,PL UUUU RKLB MU UEC,0.5,1.6595249820274827
0,2026-04-10,momentum,20,0.5,PL MU UUUU TER ASTS,0.5,8.69355843367796
0,2026-05-11,momentum,20,0.5,PL MU TER UUUU ASTS,0.5,-1.2667434205374972
0,2026-06-10,momentum,20,0.5,MU PL TER RKLB AMD,0.5,-1.4251878020413722
0,2026-07-13,momentum,20,0.5,MU PL TER LRCX AMD,0.5,-5.727551393140118
0,2016-06-30,qqq,20,0.5,QQQ,0.5,3.333004221286462
0,2016-08-01,qqq,20,0.5,QQQ,0.5,0.2968542426984522
0,2016-08-30,qqq,20,0.5,QQQ,0.5,0.8695207263867522
0,2016-09-29,qqq,20,0.5,QQQ,0.5,-0.379912304525587
0,2016-10-28,qqq,20,0.5,QQQ,0.5,0.17392685974504385
0,2016-11-29,qqq,20,0.5,QQQ,0.5,0.2287529190555304
0,2016-12-29,qqq,20,0.5,QQQ,0.5,1.7748280277160466
0,2017-01-31,qqq,20,0.5,QQQ,0.5,2.1261244297163806
0,2017-03-02,qqq,20,0.5,QQQ,0.5,0.5331079168819697
0,2017-03-31,qqq,20,0.5,QQQ,0.5,1.519246223354731
0,2017-05-02,qqq,20,0.5,QQQ,0.5,1.263610845536145
0,2017-06-01,qqq,20,0.5,QQQ,0.5,-1.7785706623789088
0,2017-06-30,qqq,20,0.5,QQQ,0.5,1.535272442420843
0,2017-08-01,qqq,20,0.5,QQQ,0.5,-0.7727350168430291
0,2017-08-30,qqq,20,0.5,QQQ,0.5,-0.3638882035863267
0,2017-09-29,qqq,20,0.5,QQQ,0.5,1.6529302509986188
0,2017-10-30,qqq,20,0.5,QQQ,0.5,1.2293923603104107
0,2017-11-29,qqq,20,0.5,QQQ,0.5,0.5709619233998486
0,2017-12-29,qqq,20,0.5,QQQ,0.5,3.6083987472421475
0,2018-01-31,qqq,20,0.5,QQQ,0.5,-1.320752512841361
0,2018-03-02,qqq,20,0.5,QQQ,0.5,-3.094444623482484
0,2018-04-03,qqq,20,0.5,QQQ,0.5,2.5120074923848934
0,2018-05-02,qqq,20,0.5,QQQ,0.5,2.553356618738989
0,2018-06-01,qqq,20,0.5,QQQ,0.5,-0.5833484684262258
0,2018-07-02,qqq,20,0.5,QQQ,0.5,0.6111031163752445
0,2018-08-01,qqq,20,0.5,QQQ,0.5,2.825573862413422
0,2018-08-30,qqq,20,0.5,QQQ,0.5,-0.2642430115324834
0,2018-10-01,qqq,20,0.5,QQQ,0.5,-6.342165954062895
0,2018-10-30,qqq,20,0.5,,0.0,0.0
0,2018-11-29,qqq,20,0.5,,0.0,0.0
0,2019-01-02,qqq,20,0.5,,0.0,0.0
0,2019-02-01,qqq,20,0.5,,0.0,0.0
0,2019-03-05,qqq,20,0.5,QQQ,0.5,2.1261207862256715
0,2019-04-03,qqq,20,0.5,QQQ,0.5,0.9089434895871218
0,2019-05-03,qqq,20,0.5,QQQ,0.5,-4.752320201551474
0,2019-06-04,qqq,20,0.5,QQQ,0.5,3.6528137219424606
0,2019-07-03,qqq,20,0.5,QQQ,0.5,-0.2441469650190875
0,2019-08-02,qqq,20,0.5,QQQ,0.5,0.8463702649537108
0,2019-09-03,qqq,20,0.5,QQQ,0.5,-0.1942527596931698
0,2019-10-02,qqq,20,0.5,QQQ,0.5,3.25423242615992
0,2019-10-31,qqq,20,0.5,QQQ,0.5,1.5528408635600677
0,2019-12-02,qqq,20,0.5,QQQ,0.5,2.9464690341702626
0,2020-01-02,qqq,20,0.5,QQQ,0.5,1.096441215201538
0,2020-02-03,qqq,20,0.5,QQQ,0.5,-3.767365806646872
0,2020-03-04,qqq,20,0.5,QQQ,0.5,-7.26473280665465
0,2020-04-02,qqq,20,0.5,,0.0,0.0
0,2020-05-04,qqq,20,0.5,QQQ,0.5,3.9125291577140286
0,2020-06-03,qqq,20,0.5,QQQ,0.5,2.8231877330963773
0,2020-07-02,qqq,20,0.5,QQQ,0.5,1.7644000169828145
0,2020-08-03,qqq,20,0.5,QQQ,0.5,4.565438737468375
0,2020-09-01,qqq,20,0.5,QQQ,0.5,-4.422621696180706
0,2020-10-01,qqq,20,0.5,QQQ,0.5,-0.18268352264886323
0,2020-10-30,qqq,20,0.5,QQQ,0.5,4.8327306709461615
0,2020-12-01,qqq,20,0.5,QQQ,0.5,1.6085050272593104
0,2020-12-31,qqq,20,0.5,QQQ,0.5,0.9047538841011393
0,2021-02-02,qqq,20,0.5,QQQ,0.5,-3.365769228903026
0,2021-03-04,qqq,20,0.5,QQQ,0.5,2.6986659737028296
0,2021-04-05,qqq,20,0.5,QQQ,0.5,0.5719552770088621
0,2021-05-04,qqq,20,0.5,QQQ,0.5,-0.0667042756508307
0,2021-06-03,qqq,20,0.5,QQQ,0.5,3.2184377778224693
0,2021-07-02,qqq,20,0.5,QQQ,0.5,0.4901083815155083
0,2021-08-03,qqq,20,0.5,QQQ,0.5,1.5384225913997573
0,2021-09-01,qqq,20,0.5,QQQ,0.5,-3.324938225576446
0,2021-10-01,qqq,20,0.5,QQQ,0.5,3.5791827669895193
0,2021-11-01,qqq,20,0.5,QQQ,0.5,0.6535395617817574
0,2021-12-01,qqq,20,0.5,QQQ,0.5,1.6928456871295072
0,2021-12-31,qqq,20,0.5,QQQ,0.5,-4.7376092441147595
0,2022-02-01,qqq,20,0.5,QQQ,0.5,-3.282092373914469
0,2022-03-03,qqq,20,0.5,,0.0,0.0
0,2022-04-01,qqq,20,0.5,,0.0,0.0
0,2022-05-03,qqq,20,0.5,,0.0,0.0
0,2022-06-02,qqq,20,0.5,,0.0,0.0
0,2022-07-05,qqq,20,0.5,,0.0,0.0
0,2022-08-03,qqq,20,0.5,,0.0,0.0
0,2022-09-01,qqq,20,0.5,,0.0,0.0
0,2022-10-03,qqq,20,0.5,,0.0,0.0
0,2022-11-01,qqq,20,0.5,,0.0,0.0
0,2022-12-01,qqq,20,0.5,,0.0,0.0
0,2023-01-03,qqq,20,0.5,,0.0,0.0
0,2023-02-02,qqq,20,0.5,QQQ,0.5,-1.1075366537299902
0,2023-03-06,qqq,20,0.5,QQQ,0.5,3.1619701832101166
0,2023-04-04,qqq,20,0.5,QQQ,0.5,-0.37605554187983836
0,2023-05-04,qqq,20,0.5,QQQ,0.5,5.4025652128986135
0,2023-06-05,qqq,20,0.5,QQQ,0.5,2.0687836404710724
0,2023-07-06,qqq,20,0.5,QQQ,0.5,0.6393443852455993
0,2023-08-04,qqq,20,0.5,QQQ,0.5,0.2442946023157866
0,2023-09-05,qqq,20,0.5,QQQ,0.5,-3.1301573727912313
0,2023-10-04,qqq,20,0.5,QQQ,0.5,-0.6338402676401844
0,2023-11-02,qqq,20,0.5,QQQ,0.5,3.186444493814977
0,2023-12-04,qqq,20,0.5,QQQ,0.5,1.6849811346341559
0,2024-01-04,qqq,20,0.5,QQQ,0.5,3.836584980634372
0,2024-02-05,qqq,20,0.5,QQQ,0.5,0.49640304351605824
0,2024-03-06,qqq,20,0.5,QQQ,0.5,-0.9807952042673374
0,2024-04-05,qqq,20,0.5,QQQ,0.5,-0.9177390514753414
0,2024-05-06,qqq,20,0.5,QQQ,0.5,1.2938355630658371
0,2024-06-05,qqq,20,0.5,QQQ,0.5,3.2581548417792483
0,2024-07-08,qqq,20,0.5,QQQ,0.5,-6.582017682515584
0,2024-08-06,qqq,20,0.5,QQQ,0.5,1.3239581020133784
0,2024-09-05,qqq,20,0.5,QQQ,0.5,2.1214609234507353
0,2024-10-04,qqq,20,0.5,QQQ,0.5,-0.04028422068019788
0,2024-11-04,qqq,20,0.5,QQQ,0.5,2.736004685687421
0,2024-12-04,qqq,20,0.5,QQQ,0.5,-0.6195536941404733
0,2025-01-06,qqq,20,0.5,QQQ,0.5,-0.13010541275675358
0,2025-02-06,qqq,20,0.5,QQQ,0.5,-3.848304017872539
0,2025-03-10,qqq,20,0.5,,0.0,0.0
0,2025-04-08,qqq,20,0.5,,0.0,0.0
0,2025-05-08,qqq,20,0.5,,0.0,0.0
0,2025-06-09,qqq,20,0.5,QQQ,0.5,2.158183608285036
0,2025-07-10,qqq,20,0.5,QQQ,0.5,1.1838882260417627
0,2025-08-08,qqq,20,0.5,QQQ,0.5,0.11248735166931034
0,2025-09-09,qqq,20,0.5,QQQ,0.5,1.580519199233743
0,2025-10-08,qqq,20,0.5,QQQ,0.5,0.710692835408322
0,2025-11-06,qqq,20,0.5,QQQ,0.5,1.154867861283937
0,2025-12-08,qqq,20,0.5,QQQ,0.5,-0.1045144820713384
0,2026-01-08,qqq,20,0.5,QQQ,0.5,-1.1908889140732737
0,2026-02-09,qqq,20,0.5,QQQ,0.5,-0.8590172356606973
0,2026-03-11,qqq,20,0.5,QQQ,0.5,0.4273845129042497
0,2026-04-10,qqq,20,0.5,QQQ,0.5,8.056269783207547
0,2026-05-11,qqq,20,0.5,QQQ,0.5,-0.27677145853710616
0,2026-06-10,qqq,20,0.5,QQQ,0.5,1.6727587299559366
0,2026-07-13,qqq,20,0.5,QQQ,0.5,-0.20447483250976006
0,2016-06-30,high,20,1.0,ADP BSX CB CVX DHR,0.5,5.319212657384553
0,2016-08-01,high,20,1.0,AMZN BLK BSX DHR GOOGL,0.5,-0.15667720175162048
0,2016-08-30,high,20,1.0,APD BLK BRK-B JPM LHX,0.5,-1.623062002495279
0,2016-09-29,high,20,1.0,ACN AMZN BKNG CAT NVDA,0.5,-1.23670087404959
0,2016-10-28,high,20,1.0,MA NOC TER JPM DE,0.5,3.5524547073837676
0,2016-11-29,high,20,1.0,ACN ADP AMAT GD HPE,0.5,-0.27650581330728174
0,2016-12-29,high,20,1.0,ADP T DE CB ZTS,0.5,-0.24618431722162049
0,2017-01-31,high,20,1.0,DHR GEN HUBB NOW ZTS,0.5,-0.12772395087036204
0,2017-03-02,high,20,1.0,ABT ALB AVGO BKNG CGNX,0.5,0.5809659165561865
0,2017-03-31,high,20,1.0,ADBE AMZN CGNX DIS FTNT,0.5,0.9353730970765861
0,2017-05-02,high,20,1.0,AAPL ABBNY ABBV AMAT ANET,0.5,1.6369018598202167
0,2017-06-01,high,20,1.0,ABBNY ABT ACN AMAT ANET,0.5,-1.4746719343760595
0,2017-06-30,high,20,1.0,AXP DHI PHM CAT C,0.5,0.705078455932906
0,2017-08-01,high,20,1.0,ACN APD C CB CGNX,0.5,-1.3552135978337931
0,2017-08-30,high,20,1.0,AAPL ADBE ANET BMY CAT,0.5,0.05588156650095932
0,2017-09-29,high,20,1.0,ALB AMAT ASML AVAV AXP,0.5,1.1805221338944127
0,2017-10-30,high,20,1.0,AAPL ACN AMZN ANET AVGO,0.5,3.8162818922769404
0,2017-11-29,high,20,1.0,AXP BAC BLK BRK-B CI,0.5,0.9401300956851655
0,2017-12-29,high,20,1.0,ABBNY APD LOW PEP RIO,0.5,1.820238792083062
0,2018-01-31,high,20,1.0,ADP AMZN CB CRM FTNT,0.5,-0.5453012913134159
0,2018-03-02,high,20,1.0,CRM CRSP NFLX NOW PANW,0.5,-2.998281430880456
0,2018-04-03,high,20,1.0,RUN COP NEE LHX MPC,0.5,0.5315618445764558
0,2018-05-02,high,20,1.0,CCJ MA OKTA PANW VLO,0.5,3.0041828903336176
0,2018-06-01,high,20,1.0,AAPL ADBE ADP AMZN FTNT,0.5,-0.7712166773564677
0,2018-07-02,high,20,1.0,CRM DELL NEE RUN AVAV,0.5,-0.733842222748482
0,2018-08-01,high,20,1.0,AAPL MDT PFE LLY PLD,0.5,2.8495499292364057
0,2018-08-30,high,20,1.0,AAPL AMGN AMZN COP COST,0.5,0.6047913591435972
0,2018-10-01,high,20,1.0,ABT ADBE ADP BSX COP,0.5,-6.11247373162378
0,2018-10-30,high,20,1.0,,0.0,0.0
0,2018-11-29,high,20,1.0,,0.0,0.0
0,2019-01-02,high,20,1.0,,0.0,0.0
0,2019-02-01,high,20,1.0,,0.0,0.0
0,2019-03-05,high,20,1.0,MRK NEE SBUX ZTS LLY,0.5,0.8579710883867664
0,2019-04-03,high,20,1.0,ACN ANET APD DELL INTU,0.5,0.3835937936790712
0,2019-05-03,high,20,1.0,APD AXP DELL DHR ENPH,0.5,-0.7134846680265094
0,2019-06-04,high,20,1.0,AON APD KO KTOS LHX,0.5,1.6634815210943454
0,2019-07-03,high,20,1.0,ABT ACN ADBE AON APD,0.5,-0.8349645494228564
0,2019-08-02,high,20,1.0,SO ZTS DHI NEE T,0.5,2.275445878254434
0,2019-09-03,high,20,1.0,DUK KLAC KO LMT MLM,0.5,0.2369092403269768
0,2019-10-02,high,20,1.0,LEN PHM SO DUK NEE,0.5,1.2177394303821698
0,2019-10-31,high,20,1.0,AMGN BMY MRK NEE SO,0.5,0.16249541008654944
0,2019-12-02,high,20,1.0,BAC JPM AMGN DHR MRK,0.5,2.59679893184106
0,2020-01-02,high,20,1.0,AAPL ABBNY ADBE AMAT AMD,0.5,-0.4399468169679732
0,2020-02-03,high,20,1.0,ADBE AON DUK MSFT NOW,0.5,-2.6922206534474524
0,2020-03-04,high,20,1.0,GILD NEE NVR DUK ZTS,0.5,-11.03257169539581
0,2020-04-02,high,20,1.0,,0.0,0.0
0,2020-05-04,high,20,1.0,OKTA MRNA VRTX GILD TMO,0.5,4.598655237996874
0,2020-06-03,high,20,1.0,ASML DHR KLAC LOW NKE,0.5,0.7247781938107378
0,2020-07-02,high,20,1.0,ADBE AMGN AMZN ASML CRSP,0.5,-0.6974810292114331
0,2020-08-03,high,20,1.0,AAPL ACN CGNX COST CRM,0.5,6.222023741787885
0,2020-09-01,high,20,1.0,AAPL ALB AMD AMZN APD,0.5,-5.301081234164762
0,2020-10-01,high,20,1.0,DDOG DHI ENPH LEN PACB,0.5,0.534299668435323
0,2020-10-30,high,20,1.0,SQM PWR TMO NEE DHR,0.5,2.120629486288861
0,2020-12-01,high,20,1.0,ACN AMAT ASML AVGO BLK,0.5,1.9005479528796387
0,2020-12-31,high,20,1.0,ABBNY AVGO BLK DIS GS,0.5,0.07950896578998723
0,2021-02-02,high,20,1.0,AVGO FTNT GOOGL MSTR NOW,0.5,-0.7475714912965059
0,2021-03-04,high,20,1.0,AXP BAC MPC SCHW EMR,0.5,-0.1003034661591573
0,2021-04-05,high,20,1.0,ABBNY ACN ADP AMAT AON,0.5,0.4031397393810865
0,2021-05-04,high,20,1.0,AON BLK BRK-B CAT CI,0.5,0.529854656511497
0,2021-06-03,high,20,1.0,ANET AXP BAC COP EMR,0.5,0.18086682434275136
0,2021-07-02,high,20,1.0,ACN ADBE ADP BLK BMY,0.5,0.5833696194337046
0,2021-08-03,high,20,1.0,ABBNY ADP ALB AMD AON,0.5,1.1570003800245976
0,2021-09-01,high,20,1.0,ABT ACN ALB AON ASML,0.5,-4.0056501957117625
0,2021-10-01,high,20,1.0,COP DELL JPM MPC MRK,0.5,1.4430522002559343
0,2021-11-01,high,20,1.0,ABT ALB AMD COST CRM,0.5,2.6240522692401402
0,2021-12-01,high,20,1.0,LRCX NVR PFE AAPL NEE,0.5,3.507390069799654
0,2021-12-31,high,20,1.0,ITW LIN MDLZ NEE PEP,0.5,-3.17880086461243
0,2022-02-01,high,20,1.0,COP EOG OXY UPS VLO,0.5,2.1543754287232098
0,2022-03-03,high,20,1.0,,0.0,0.0
0,2022-04-01,high,20,1.0,,0.0,0.0
0,2022-05-03,high,20,1.0,,0.0,0.0
0,2022-06-02,high,20,1.0,,0.0,0.0
0,2022-07-05,high,20,1.0,,0.0,0.0
0,2022-08-03,high,20,1.0,,0.0,0.0
0,2022-09-01,high,20,1.0,,0.0,0.0
0,2022-10-03,high,20,1.0,,0.0,0.0
0,2022-11-01,high,20,1.0,,0.0,0.0
0,2022-12-01,high,20,1.0,,0.0,0.0
0,2023-01-03,high,20,1.0,,0.0,0.0
0,2023-02-02,high,20,1.0,BSX DHI NUE SYK URI,0.5,-0.7316018720237571
0,2023-03-06,high,20,1.0,AVGO FSLR PGR PWR ROK,0.5,-0.8876451564034493
0,2023-04-04,high,20,1.0,BSX MCD MDLZ ORCL SYK,0.5,1.4167540346098795
0,2023-05-04,high,20,1.0,BIIB PEP VRTX MDLZ MSFT,0.5,-1.0583849988105132
0,2023-06-05,high,20,1.0,CCJ FTNT ISRG LLY MLM,0.5,1.5341636590135321
0,2023-07-06,high,20,1.0,VST BRK-B V MA MSTR,0.5,0.9140128976535822
0,2023-08-04,high,20,1.0,BKNG CEG MPC VRT VST,0.5,2.87657304022495
0,2023-09-05,high,20,1.0,ADBE ANET IBM INTU LLY,0.5,-3.9030817766729675
0,2023-10-04,high,20,1.0,COST GOOGL WMT VRTX LIN,0.5,-0.4443266611749319
0,2023-11-02,high,20,1.0,ANET CCJ CEG KTOS VRTX,0.5,0.5934485948499324
0,2023-12-04,high,20,1.0,AVAV CCJ COIN COST CRWD,0.5,-0.49715543036550347
0,2024-01-04,high,20,1.0,AMGN BSX C JPM VRTX,0.5,2.072135970888489
0,2024-02-05,high,20,1.0,ABBV ASML BKNG BRK-B CAT,0.5,0.7313297665829444
0,2024-03-06,high,20,1.0,ABBV ABNB AMAT AMD ASML,0.5,-4.882559508754447
0,2024-04-05,high,20,1.0,AMZN CAT CEG COP DELL,0.5,-3.0095734283849596
0,2024-05-06,high,20,1.0,CCJ CEG DUK GS MS,0.5,1.0560527841733114
0,2024-06-05,high,20,1.0,AMAT AVAV COST DHR GEN,0.5,-2.051868508202348
0,2024-07-08,high,20,1.0,AAPL ANET ASML C KLAC,0.5,-8.338180246218851
0,2024-08-06,high,20,1.0,DUK PG LMT T KO,0.5,2.425801867179067
0,2024-09-05,high,20,1.0,SO SPGI T DUK PG,0.5,-0.17251553333185177
0,2024-10-04,high,20,1.0,ADP ANET AXP BSX CAT,0.5,-0.8669930206175014
0,2024-11-04,high,20,1.0,BKNG GILD ILMN V NOW,0.5,1.9665415211951975
0,2024-12-04,high,20,1.0,AAPL AMZN BKNG C COIN,0.5,-3.098575658366709
0,2025-01-06,high,20,1.0,ANET C GOOGL IONQ KTOS,0.5,-0.588627518086493
0,2025-02-06,high,20,1.0,ADP BAC BSX C COST,0.5,-4.65046537624646
0,2025-03-10,high,20,1.0,,0.0,0.0
0,2025-04-08,high,20,1.0,,0.0,0.0
0,2025-05-08,high,20,1.0,,0.0,0.0
0,2025-06-09,high,20,1.0,IBM KTOS LEU MP MSFT,0.5,4.766145213971695
0,2025-07-10,high,20,1.0,BLK COIN EMR GEV HOOD,0.5,0.5082783343421937
0,2025-08-08,high,20,1.0,AVGO BLK GILD HOOD JNJ,0.5,0.8462110838546311
0,2025-09-09,high,20,1.0,C GOOGL GS HOOD MDT,0.5,2.6657497109403128
0,2025-10-08,high,20,1.0,ANET ASTS AVAV CAT CEG,0.5,-3.1831411692010203
0,2025-11-06,high,20,1.0,CWEN DDOG GOOGL LLY MU,0.5,0.0033029798735428884
0,2025-12-08,high,20,1.0,C GS MDB MS TER,0.5,3.6307918354393065
0,2026-01-08,high,20,1.0,F GM GOOGL HII LHX,0.5,0.1877608743938275
0,2026-02-09,high,20,1.0,ABBNY C CAT COP CVX,0.5,-1.4654227234316197
0,2026-03-11,high,20,1.0,CVX MPC OXY VLO VRT,0.5,0.5394417268471674
0,2026-04-10,high,20,1.0,AMAT APD BEP CAT CWEN,0.5,0.8414378627735086
0,2026-05-11,high,20,1.0,ABBNY AMAT AMD APD CGNX,0.5,-0.44034113860185187
0,2026-06-10,high,20,1.0,KO TJX CVS KLAC AMAT,0.5,1.114019601349714
0,2026-07-13,high,20,1.0,AAPL CVS ELV KO MPC,0.5,-1.5084365176478043
0,2016-06-30,momentum,20,1.0,NVDA AMD AMZN ALB HII,0.5,6.487412558856165
0,2016-08-01,momentum,20,1.0,AMD NVDA ALB HII KLAC,0.5,0.543794561969313
0,2016-08-30,momentum,20,1.0,AMD NVDA DHR ALB AMAT,0.5,-0.9043566940152847
0,2016-09-29,momentum,20,1.0,AMD NVDA AMAT DHR ALB,0.5,0.15065132577951612
0,2016-10-28,momentum,20,1.0,AMD NVDA AMAT DHR ALB,0.5,6.282807184066108
0,2016-11-29,momentum,20,1.0,AMD NVDA DHR GEN ALB,0.5,3.7572648607061554
0,2016-12-29,momentum,20,1.0,AMD NVDA FCX CGNX DHR,0.5,1.0731768647026074
0,2017-01-31,momentum,20,1.0,AMD NVDA FCX URI CGNX,0.5,3.0344830924699417
0,2017-03-02,momentum,20,1.0,AMD NVDA URI MU DHR,0.5,1.9727833162866748
0,2017-03-31,momentum,20,1.0,AMD NVDA MU URI CGNX,0.5,-2.8320768198499158
0,2017-05-02,momentum,20,1.0,AMD NVDA MU CGNX ANET,0.5,6.165954576287369
0,2017-06-01,momentum,20,1.0,AMD NVDA MU CGNX XYZ,0.5,0.6780738275173226
0,2017-06-30,momentum,20,1.0,NVDA XYZ ANET MU CGNX,0.5,2.2038783406704843
0,2017-08-01,momentum,20,1.0,NVDA XYZ MU ANET CGNX,0.5,1.1427527866993747
0,2017-08-30,momentum,20,1.0,NVDA XYZ CGNX NFLX ANET,0.5,1.965189055518879
0,2017-09-29,momentum,20,1.0,NVDA STLA XYZ ANET CGNX,0.5,4.099062204286974
0,2017-10-30,momentum,20,1.0,XYZ NVDA STLA MU ANET,0.5,5.340720878355798
0,2017-11-29,momentum,20,1.0,XYZ SEDG STLA SQM NVDA,0.5,0.9441672691369085
0,2017-12-29,momentum,20,1.0,SEDG XYZ ANET CGNX NVR,0.5,3.492006071581688
0,2018-01-31,momentum,20,1.0,SEDG ANET XYZ FSLR SQM,0.5,0.7324573142372781
0,2018-03-02,momentum,20,1.0,XYZ NVDA SEDG ANET STLA,0.5,-0.44943774239676326
0,2018-04-03,momentum,20,1.0,SEDG XYZ FSLR CRSP NVDA,0.5,2.0312864420863663
0,2018-05-02,momentum,20,1.0,SEDG CRSP XYZ FSLR NVDA,0.5,7.8068449800333894
0,2018-06-01,momentum,20,1.0,CRSP SEDG XYZ STLA NFLX,0.5,-2.8458672297465903
0,2018-07-02,momentum,20,1.0,ENPH CRSP SEDG XYZ OKTA,0.5,-3.8994565816636295
0,2018-08-01,momentum,20,1.0,ENPH CRSP XYZ OKTA NFLX,0.5,5.843101325540734
0,2018-08-30,momentum,20,1.0,XYZ CRSP RUN OKTA NFLX,0.5,0.15388410964503052
0,2018-10-01,momentum,20,1.0,XYZ FTNT OKTA AMZN NFLX,0.5,-12.652332467429217
0,2018-10-30,momentum,20,1.0,,0.0,0.0
0,2018-11-29,momentum,20,1.0,,0.0,0.0
0,2019-01-02,momentum,20,1.0,,0.0,0.0
0,2019-02-01,momentum,20,1.0,,0.0,0.0
0,2019-03-05,momentum,20,1.0,MDB OKTA AMD RUN LLY,0.5,4.976543515896514
0,2019-04-03,momentum,20,1.0,AMD MDB ZS OKTA IRDM,0.5,-0.7264898642911355
0,2019-05-03,momentum,20,1.0,MDB AMD ZS IRDM ENPH,0.5,-0.18499072197668553
0,2019-06-04,momentum,20,1.0,MDB ENPH ZS AMD OKTA,0.5,4.192476537649825
0,2019-07-03,momentum,20,1.0,MDB ENPH OKTA KTOS AMD,0.5,3.876132969448509
0,2019-08-02,momentum,20,1.0,ENPH MDB OKTA ZS KTOS,0.5,-0.39984774809782575
0,2019-09-03,momentum,20,1.0,ENPH OKTA MDB ZS SBUX,0.5,-10.343022771125476
0,2019-10-02,momentum,20,1.0,ENPH SEDG OKTA SBUX KLAC,0.5,0.28385829224151227
0,2019-10-31,momentum,20,1.0,ENPH SEDG OKTA KLAC TER,0.5,2.0062824315052685
0,2019-12-02,momentum,20,1.0,ENPH SEDG LRCX KLAC OKTA,0.5,5.244411873686694
0,2020-01-02,momentum,20,1.0,ENPH CRSP SEDG AMD TER,0.5,-1.4088248957170313
0,2020-02-03,momentum,20,1.0,ENPH SEDG AMD TER CRSP,0.5,4.976406740044403
0,2020-03-04,momentum,20,1.0,ENPH TSLA SEDG AMD LRCX,0.5,-15.507103749024132
0,2020-04-02,momentum,20,1.0,,0.0,0.0
0,2020-05-04,momentum,20,1.0,ENPH TSLA SEDG AMD REGN,0.5,7.137965216872799
0,2020-06-03,momentum,20,1.0,TSLA ENPH MRNA NVDA SEDG,0.5,1.6662240540910256
0,2020-07-02,momentum,20,1.0,MRNA TSLA ENPH SEDG NVDA,0.5,8.310767949111542
0,2020-08-03,momentum,20,1.0,TSLA MRNA NVDA SEDG REGN,0.5,7.736486134729881
0,2020-09-01,momentum,20,1.0,TSLA MRNA RUN NVDA AMD,0.5,0.7095979644167638
0,2020-10-01,momentum,20,1.0,TSLA MRNA RUN ENPH ZS,0.5,-1.1883126255778254
0,2020-10-30,momentum,20,1.0,TSLA RUN ENPH MRNA ZS,0.5,23.408417352340937
0,2020-12-01,momentum,20,1.0,TSLA ENPH RUN MRNA TWST,0.5,7.40332923293201
0,2020-12-31,momentum,20,1.0,MRNA TSLA TWST RUN ENPH,0.5,9.085051427520652
0,2021-02-02,momentum,20,1.0,TWST PACB ENPH MRNA TSLA,0.5,-11.168573789871362
0,2021-03-04,momentum,20,1.0,PACB TWST TSLA MRNA MSTR,0.5,2.5272125276418977
0,2021-04-05,momentum,20,1.0,PACB TSLA MSTR FCX ENPH,0.5,-4.129784993171115
0,2021-05-04,momentum,20,1.0,PACB MSTR NTLA BEAM TSLA,0.5,-2.523078305818116
0,2021-06-03,momentum,20,1.0,PACB MSTR FCX UUUU NTLA,0.5,17.437132333584838
0,2021-07-02,momentum,20,1.0,PACB UUUU MSTR FCX MRNA,0.5,2.045842738308079
0,2021-08-03,momentum,20,1.0,PACB NTLA BEAM MSTR MP,0.5,3.687782634541481
0,2021-09-01,momentum,20,1.0,NTLA MRNA PACB MSTR BEAM,0.5,-8.854259997074044
0,2021-10-01,momentum,20,1.0,NTLA MRNA UUUU NET ALB,0.5,10.53888963391627
0,2021-11-01,momentum,20,1.0,NTLA MRNA UUUU MSTR UEC,0.5,-1.7892050055027586
0,2021-12-01,momentum,20,1.0,UUUU UEC NET FTNT CCJ,0.5,-2.165222974884795
0,2021-12-31,momentum,20,1.0,NVDA F NET FTNT UEC,0.5,-9.704671732177717
0,2022-02-01,momentum,20,1.0,FTNT NUE NVDA F EOG,0.5,2.041312598877809
0,2022-03-03,momentum,20,1.0,,0.0,0.0
0,2022-04-01,momentum,20,1.0,,0.0,0.0
0,2022-05-03,momentum,20,1.0,,0.0,0.0
0,2022-06-02,momentum,20,1.0,,0.0,0.0
0,2022-07-05,momentum,20,1.0,,0.0,0.0
0,2022-08-03,momentum,20,1.0,,0.0,0.0
0,2022-09-01,momentum,20,1.0,,0.0,0.0
0,2022-10-03,momentum,20,1.0,,0.0,0.0
0,2022-11-01,momentum,20,1.0,,0.0,0.0
0,2022-12-01,momentum,20,1.0,,0.0,0.0
0,2023-01-03,momentum,20,1.0,,0.0,0.0
0,2023-02-02,momentum,20,1.0,FSLR CEG MPC IRDM LLY,0.5,2.717135273078042
0,2023-03-06,momentum,20,1.0,FSLR CEG VLO MPC ALB,0.5,-2.105640803405695
0,2023-04-04,momentum,20,1.0,FSLR MPC IRDM VLO XOM,0.5,-5.021196130996719
0,2023-05-04,momentum,20,1.0,FSLR NFLX IRDM PACB ANET,0.5,6.5864179760535935
0,2023-06-05,momentum,20,1.0,FSLR PACB IRDM BIIB NFLX,0.5,-1.0629863917156368
0,2023-07-06,momentum,20,1.0,FSLR NVDA PACB SYM VRT,0.5,7.931649422887399
0,2023-08-04,momentum,20,1.0,SYM PACB IONQ NVDA VRT,0.5,-1.13242524053343
0,2023-09-05,momentum,20,1.0,SYM NVDA VRT IONQ PLTR,0.5,-7.107285807162178
0,2023-10-04,momentum,20,1.0,NVDA IONQ VRT SYM META,0.5,-2.4239233274203187
0,2023-11-02,momentum,20,1.0,NVDA META SYM IONQ VRT,0.5,8.225314414576946
0,2023-12-04,momentum,20,1.0,SYM VRT META NVDA PLTR,0.5,-1.8427932910742295
0,2024-01-04,momentum,20,1.0,SYM COIN IONQ MSTR VRT,0.5,-1.0923773023638228
0,2024-02-05,momentum,20,1.0,VRT SYM MSTR NVDA CRWD,0.5,13.793130707480405
0,2024-03-06,momentum,20,1.0,VRT NVDA META CRWD DELL,0.5,0.35786002814690576
0,2024-04-05,momentum,20,1.0,VRT MSTR COIN NVDA PLTR,0.5,-3.002639809693508
0,2024-05-06,momentum,20,1.0,VRT COIN MSTR VST NVDA,0.5,6.205591360878793
0,2024-06-05,momentum,20,1.0,VRT MSTR COIN VST DELL,0.5,-4.39077167076487
0,2024-07-08,momentum,20,1.0,MSTR VRT VST COIN NVDA,0.5,-9.343552846349679
0,2024-08-06,momentum,20,1.0,MSTR VST NVDA ASTS COIN,0.5,3.264129055178433
0,2024-09-05,momentum,20,1.0,ASTS MSTR VST NVDA TWST,0.5,10.387437594654125
0,2024-10-04,momentum,20,1.0,ASTS MSTR VST NVDA TWST,0.5,0.7164467632357896
0,2024-11-04,momentum,20,1.0,ASTS VST MSTR SMR NVDA,0.5,11.728567810124213
0,2024-12-04,momentum,20,1.0,SMR ASTS MSTR VST NVDA,0.5,-3.5309843026055776
0,2025-01-06,momentum,20,1.0,SMR MSTR LUNR ASTS PLTR,0.5,1.738767180458134
0,2025-02-06,momentum,20,1.0,RGTI QBTS ASTS SMR MSTR,0.5,-7.761091048028945
0,2025-03-10,momentum,20,1.0,,0.0,0.0
0,2025-04-08,momentum,20,1.0,,0.0,0.0
0,2025-05-08,momentum,20,1.0,,0.0,0.0
0,2025-06-09,momentum,20,1.0,RGTI QBTS RKLB PLTR IONQ,0.5,5.632471473331213
0,2025-07-10,momentum,20,1.0,QBTS RGTI OKLO RKLB IONQ,0.5,7.284983037438342
0,2025-08-08,momentum,20,1.0,QBTS RGTI RKLB OKLO IONQ,0.5,-1.6057010050151366
0,2025-09-09,momentum,20,1.0,RGTI QBTS OKLO RKLB PLTR,0.5,39.64112969895348
0,2025-10-08,momentum,20,1.0,RGTI QBTS OKLO HOOD RKLB,0.5,-6.069541880764062
0,2025-11-06,momentum,20,1.0,RGTI QBTS PL OKLO HOOD,0.5,-0.41693302743499583
0,2025-12-08,momentum,20,1.0,RGTI QBTS OKLO LEU QS,0.5,-0.12806433153337293
0,2026-01-08,momentum,20,1.0,OKLO LEU HOOD ASTS MP,0.5,-7.32175373988645
0,2026-02-09,momentum,20,1.0,UUUU PL LEU MU ASTS,0.5,-4.217781789536201
0,2026-03-11,momentum,20,1.0,PL UUUU RKLB MU UEC,0.5,1.4018682781682168
0,2026-04-10,momentum,20,1.0,PL MU UUUU TER ASTS,0.5,8.400818831270573
0,2026-05-11,momentum,20,1.0,PL MU TER UUUU ASTS,0.5,-1.5098050875381408
0,2026-06-10,momentum,20,1.0,MU PL TER RKLB AMD,0.5,-1.6674592128966603
0,2026-07-13,momentum,20,1.0,MU PL TER LRCX AMD,0.5,-5.948364363909631
0,2016-06-30,qqq,20,1.0,QQQ,0.5,3.0670008834828177
0,2016-08-01,qqq,20,1.0,QQQ,0.5,0.04599398637257224
0,2016-08-30,qqq,20,1.0,QQQ,0.5,0.6158042425084664
0,2016-09-29,qqq,20,1.0,QQQ,0.5,-0.6273971245132515
0,2016-10-28,qqq,20,1.0,QQQ,0.5,-0.07632028478167241
0,2016-11-29,qqq,20,1.0,QQQ,0.5,-0.021767675560635524
0,2016-12-29,qqq,20,1.0,QQQ,0.5,1.5165962391515242
0,2017-01-31,qqq,20,1.0,QQQ,0.5,1.8661405175493417
0,2017-03-02,qqq,20,1.0,QQQ,0.5,0.28106932329909906
0,2017-03-31,qqq,20,1.0,QQQ,0.5,1.2622891729009433
0,2017-05-02,qqq,20,1.0,QQQ,0.5,1.007928800395752
0,2017-06-01,qqq,20,1.0,QQQ,0.5,-2.019079543225921
0,2017-06-30,qqq,20,1.0,QQQ,0.5,1.2782354597032253
0,2017-08-01,qqq,20,1.0,QQQ,0.5,-1.0182605968784508
0,2017-08-30,qqq,20,1.0,QQQ,0.5,-0.6114529452734274
0,2017-09-29,qqq,20,1.0,QQQ,0.5,1.3953064389760295
0,2017-10-30,qqq,20,1.0,QQQ,0.5,0.9738809830597939
0,2017-11-29,qqq,20,1.0,QQQ,0.5,0.3187345294253907
0,2017-12-29,qqq,20,1.0,QQQ,0.5,3.341021853529069
0,2018-01-31,qqq,20,1.0,QQQ,0.5,-1.5635448044517664
0,2018-03-02,qqq,20,1.0,QQQ,0.5,-3.3283904600964864
0,2018-04-03,qqq,20,1.0,QQQ,0.5,2.2500989524161463
0,2018-05-02,qqq,20,1.0,QQQ,0.5,2.2912418461421336
0,2018-06-01,qqq,20,1.0,QQQ,0.5,-0.8298186315533251
0,2018-07-02,qqq,20,1.0,QQQ,0.5,0.35867551445314394
0,2018-08-01,qqq,20,1.0,QQQ,0.5,2.5621013808991178
0,2018-08-30,qqq,20,1.0,QQQ,0.5,-0.5123047429179794
0,2018-10-01,qqq,20,1.0,QQQ,0.5,-6.559913477328472
0,2018-10-30,qqq,20,1.0,,0.0,0.0
0,2018-11-29,qqq,20,1.0,,0.0,0.0
0,2019-01-02,qqq,20,1.0,,0.0,0.0
0,2019-02-01,qqq,20,1.0,,0.0,0.0
0,2019-03-05,qqq,20,1.0,QQQ,0.5,1.866136892230874
0,2019-04-03,qqq,20,1.0,QQQ,0.5,0.6550303809967906
0,2019-05-03,qqq,20,1.0,QQQ,0.5,-4.977997228938092
0,2019-06-04,qqq,20,1.0,QQQ,0.5,3.385215304396394
0,2019-07-03,qqq,20,1.0,QQQ,0.5,-0.492308927312779
0,2019-08-02,qqq,20,1.0,QQQ,0.5,0.5927692461631828
0,2019-09-03,qqq,20,1.0,QQQ,0.5,-0.4426635739941176
0,2019-10-02,qqq,20,1.0,QQQ,0.5,2.9886219700387073
0,2019-10-31,qqq,20,1.0,QQQ,0.5,1.295716256701862
0,2019-12-02,qqq,20,1.0,QQQ,0.5,2.682393576699882
0,2020-01-02,qqq,20,1.0,QQQ,0.5,0.8415929441996539
0,2020-02-03,qqq,20,1.0,QQQ,0.5,-3.9979553860349126
0,2020-03-04,qqq,20,1.0,QQQ,0.5,-7.477878941610672
0,2020-04-02,qqq,20,1.0,,0.0,0.0
0,2020-05-04,qqq,20,1.0,QQQ,0.5,3.643635385184618
0,2020-06-03,qqq,20,1.0,QQQ,0.5,2.5597271526248466
0,2020-07-02,qqq,20,1.0,QQQ,0.5,1.5062202390953905
0,2020-08-03,qqq,20,1.0,QQQ,0.5,4.29328851745332
0,2020-09-01,qqq,20,1.0,QQQ,0.5,-4.649943125644029
0,2020-10-01,qqq,20,1.0,QQQ,0.5,-0.4311520395997137
0,2020-10-30,qqq,20,1.0,QQQ,0.5,4.559247307458114
0,2020-12-01,qqq,20,1.0,QQQ,0.5,1.3511027901877526
0,2020-12-31,qqq,20,1.0,QQQ,0.5,0.6508616715593663
0,2021-02-02,qqq,20,1.0,QQQ,0.5,-3.5983618087162217
0,2021-03-04,qqq,20,1.0,QQQ,0.5,2.4358264571317845
0,2021-04-05,qqq,20,1.0,QQQ,0.5,0.31972292859050455
0,2021-05-04,qqq,20,1.0,QQQ,0.5,-0.3157512499240567
0,2021-06-03,qqq,20,1.0,QQQ,0.5,2.95300585085172
0,2021-07-02,qqq,20,1.0,QQQ,0.5,0.23828425212979454
0,2021-08-03,qqq,20,1.0,QQQ,0.5,1.281369897020035
0,2021-09-01,qqq,20,1.0,QQQ,0.5,-3.5577344538307853
0,2021-10-01,qqq,20,1.0,QQQ,0.5,3.3119515907055863
0,2021-11-01,qqq,20,1.0,QQQ,0.5,0.40090030412627264
0,2021-12-01,qqq,20,1.0,QQQ,0.5,1.4350227931426485
0,2021-12-31,qqq,20,1.0,QQQ,0.5,-4.963359643775023
0,2022-02-01,qqq,20,1.0,QQQ,0.5,-3.5151022998541337
0,2022-03-03,qqq,20,1.0,,0.0,0.0
0,2022-04-01,qqq,20,1.0,,0.0,0.0
0,2022-05-03,qqq,20,1.0,,0.0,0.0
0,2022-06-02,qqq,20,1.0,,0.0,0.0
0,2022-07-05,qqq,20,1.0,,0.0,0.0
0,2022-08-03,qqq,20,1.0,,0.0,0.0
0,2022-09-01,qqq,20,1.0,,0.0,0.0
0,2022-10-03,qqq,20,1.0,,0.0,0.0
0,2022-11-01,qqq,20,1.0,,0.0,0.0
0,2022-12-01,qqq,20,1.0,,0.0,0.0
0,2023-01-03,qqq,20,1.0,,0.0,0.0
0,2023-02-02,qqq,20,1.0,QQQ,0.5,-1.3513923793438742
0,2023-03-06,qqq,20,1.0,QQQ,0.5,2.896819893639413
0,2023-04-04,qqq,20,1.0,QQQ,0.5,-0.6235595978312691
0,2023-05-04,qqq,20,1.0,QQQ,0.5,5.12623974643196
0,2023-06-05,qqq,20,1.0,QQQ,0.5,1.809085720843795
0,2023-07-06,qqq,20,1.0,QQQ,0.5,0.38677592735836264
0,2023-08-04,qqq,20,1.0,QQQ,0.5,-0.006303507896643357
0,2023-09-05,qqq,20,1.0,QQQ,0.5,-3.3639250887338767
0,2023-10-04,qqq,20,1.0,QQQ,0.5,-0.8800585982047027
0,2023-11-02,qqq,20,1.0,QQQ,0.5,2.921172136335115
0,2023-12-04,qqq,20,1.0,QQQ,0.5,1.4271974658371045
0,2024-01-04,qqq,20,1.0,QQQ,0.5,3.5680699867784105
0,2024-02-05,qqq,20,1.0,QQQ,0.5,0.2445475189159385
0,2024-03-06,qqq,20,1.0,QQQ,0.5,-1.2252830646931945
0,2024-04-05,qqq,20,1.0,QQQ,0.5,-1.1625414103502485
0,2024-05-06,qqq,20,1.0,QQQ,0.5,1.0380027693249305
0,2024-06-05,qqq,20,1.0,QQQ,0.5,2.9925248222439693
0,2024-07-08,qqq,20,1.0,QQQ,0.5,-6.798568922892567
0,2024-08-06,qqq,20,1.0,QQQ,0.5,1.067975069297189
0,2024-09-05,qqq,20,1.0,QQQ,0.5,1.861500270956551
0,2024-10-04,qqq,20,1.0,QQQ,0.5,-0.2894629674442317
0,2024-11-04,qqq,20,1.0,QQQ,0.5,2.47297893880436
0,2024-12-04,qqq,20,1.0,QQQ,0.5,-0.86584328032413
0,2025-01-06,qqq,20,1.0,QQQ,0.5,-0.37883616793944475
0,2025-02-06,qqq,20,1.0,QQQ,0.5,-4.078489910375572
0,2025-03-10,qqq,20,1.0,,0.0,0.0
0,2025-04-08,qqq,20,1.0,,0.0,0.0
0,2025-05-08,qqq,20,1.0,,0.0,0.0
0,2025-06-09,qqq,20,1.0,QQQ,0.5,1.8980397979717623
0,2025-07-10,qqq,20,1.0,QQQ,0.5,0.9286038049091117
0,2025-08-08,qqq,20,1.0,QQQ,0.5,-0.1374533575747794
0,2025-09-09,qqq,20,1.0,QQQ,0.5,1.323256544092244
0,2025-10-08,qqq,20,1.0,QQQ,0.5,0.4577685204647075
0,2025-11-06,qqq,20,1.0,QQQ,0.5,0.8997281819299374
0,2025-12-08,qqq,20,1.0,QQQ,0.5,-0.3533728744100406
0,2026-01-08,qqq,20,1.0,QQQ,0.5,-1.4343289125067993
0,2026-02-09,qqq,20,1.0,QQQ,0.5,-1.104112475074348
0,2026-03-11,qqq,20,1.0,QQQ,0.5,0.17587322466920963
0,2026-04-10,qqq,20,1.0,QQQ,0.5,7.766708717442605
0,2026-05-11,qqq,20,1.0,QQQ,0.5,-0.5247707031235005
0,2026-06-10,qqq,20,1.0,QQQ,0.5,1.4150360215433588
0,2026-07-13,qqq,20,1.0,QQQ,0.5,-0.452834663268209
7,2016-07-12,high,20,0.5,ALB AMAT AON BMY CVX,0.5,-2.636270964048626
7,2016-08-10,high,20,0.5,ADBE AMZN AVGO CGNX COST,0.5,-1.1597274812773395
7,2016-09-09,high,20,0.5,JPM GEN ANET OXY ABBNY,0.5,1.3681412134284532
7,2016-10-10,high,20,0.5,ANET DE JPM LRCX MRK,0.5,-0.7657253593824631
7,2016-11-08,high,20,0.5,AVGO BKNG CGNX CVX HPE,0.5,2.2272841913071773
7,2016-12-08,high,20,0.5,ACN ADP ALB AMAT AMD,0.5,0.6446392048750527
7,2017-01-10,high,20,0.5,AAPL ASML AXP CGNX PGR,0.5,3.120043157492769
7,2017-02-09,high,20,0.5,AAPL ADBE ASML AXP BKNG,0.5,1.6124049095224358
7,2017-03-13,high,20,0.5,ADBE ADP ALB AMAT ANET,0.5,0.8685890187855927
7,2017-04-11,high,20,0.5,DE MCD PLD WMT AON,0.5,1.8959155452441312
7,2017-05-11,high,20,0.5,AAPL ADBE ALB AMAT ANET,0.5,0.5039471275616325
7,2017-06-12,high,20,0.5,AON CAT DE JNJ NVR,0.5,0.6227539407232419
7,2017-07-12,high,20,0.5,ADBE ALB BKNG CAT CI,0.5,0.31382965216131264
7,2017-08-10,high,20,0.5,NEE PG LHX LMT PGR,0.5,-0.05642829007028727
7,2017-09-11,high,20,0.5,ABBV ABT ACN ADBE ALB,0.5,1.286248768250231
7,2017-10-10,high,20,0.5,ABBV ABT AON AXP BIIB,0.5,-0.5304330777490263
7,2017-11-08,high,20,0.5,AAPL ACN ADBE ALB AMAT,0.5,-2.3522305493096196
7,2017-12-08,high,20,0.5,ACN AVAV BLK CAT DE,0.5,2.855283262169084
7,2018-01-10,high,20,0.5,ADBE AMZN ANET AXP BAC,0.5,-0.7950103929783792
7,2018-02-09,high,20,0.5,FTNT NOC BMY SPGI ANET,0.5,4.053948242167316
7,2018-03-13,high,20,0.5,ILMN INTU MU SEDG ZTS,0.5,-2.8311230464984516
7,2018-04-12,high,20,0.5,COP MPC VLO VST FTNT,0.5,3.5936089262936566
7,2018-05-11,high,20,0.5,ADBE CCJ COP CRM FTNT,0.5,1.1683937212312312
7,2018-06-12,high,20,0.5,ADP AMZN COST CRM FTNT,0.5,0.907169136163688
7,2018-07-12,high,20,0.5,ACN AMZN COST CRM DELL,0.5,-0.12299412238960805
7,2018-08-10,high,20,0.5,AVAV FTNT TJX LLY NEE,0.5,6.26600410054281
7,2018-09-11,high,20,0.5,ACN AMD AON AVAV AXP,0.5,-1.8202969979660644
7,2018-10-10,high,20,0.5,NEE VZ LLY PFE ELV,0.5,0.6823435137818468
7,2018-11-08,high,20,0.5,AON DELL JNJ MCD MRK,0.5,0.19093597085169112
7,2018-12-11,high,20,0.5,,0.0,0.0
7,2019-01-11,high,20,0.5,,0.0,0.0
7,2019-02-12,high,20,0.5,,0.0,0.0
7,2019-03-14,high,20,0.5,ABT ADP APD CHKP ENPH,0.5,1.299927939115153
7,2019-04-12,high,20,0.5,ACN ADP ANET AON APD,0.5,-2.8795469147304797
7,2019-05-14,high,20,0.5,LHX NEE MDLZ PEP PG,0.5,2.274229985952414
7,2019-06-13,high,20,0.5,ABT ACN COST DHR DIS,0.5,1.6835926930490297
7,2019-07-15,high,20,0.5,AMD AXP CB COST DIS,0.5,-1.8030530387232568
7,2019-08-13,high,20,0.5,DHI ENPH LMT MLM NVR,0.5,-0.9736369366223685
7,2019-09-12,high,20,0.5,ASML DUK ITW LRCX MDT,0.5,-0.8501937108786439
7,2019-10-11,high,20,0.5,AAPL ASML DE HD TER,0.5,1.9762744230822138
7,2019-11-11,high,20,0.5,AAPL AMD APD BMY DE,0.5,0.6650785060390518
7,2019-12-11,high,20,0.5,AAPL ABBNY ASML AVGO BMY,0.5,2.159642871106926
7,2020-01-13,high,20,0.5,AAPL ADBE ADP AXP BLK,0.5,2.114868015806426
7,2020-02-12,high,20,0.5,AAPL ABBV ADBE AMAT AMD,0.5,-12.683184879690257
7,2020-03-13,high,20,0.5,,0.0,0.0
7,2020-04-14,high,20,0.5,LLY REGN VRTX WMT OKTA,0.5,3.83551459034448
7,2020-05-13,high,20,0.5,MDB OKTA REGN NFLX PYPL,0.5,0.9845126540161342
7,2020-06-12,high,20,0.5,ADBE DHR PYPL AMZN ASML,0.5,6.8145626663951075
7,2020-07-14,high,20,0.5,AAPL ABBNY ABBV APD ASML,0.5,-0.11695451729356598
7,2020-08-12,high,20,0.5,ABBNY AVGO BLK DELL DHI,0.5,0.1339706678967767
7,2020-09-11,high,20,0.5,CAT FCX NKE RIO PGR,0.5,1.619080362176728
7,2020-10-12,high,20,0.5,ABBNY ASML AVGO BLK CAT,0.5,0.7294710457516507
7,2020-11-10,high,20,0.5,ABBNY ALB CAT DE ELV,0.5,1.955413479126089
7,2020-12-10,high,20,0.5,CCJ CRSP CRWD DELL GS,0.5,9.162759995216764
7,2021-01-12,high,20,0.5,ABBNY ABBV AMAT ANET ASML,0.5,0.7229443226814514
7,2021-02-11,high,20,0.5,ABT AMAT ASML AVGO CAT,0.5,-0.8005263516086769
7,2021-03-15,high,20,0.5,ABBNY ADP CAT CCJ CI,0.5,-0.5436852377168067
7,2021-04-14,high,20,0.5,CI DE DUK HON LOW,0.5,-0.5846971164451986
7,2021-05-13,high,20,0.5,ABBV C DUK GEN JPM,0.5,0.6935227433247926
7,2021-06-14,high,20,0.5,ADBE ASML FTNT GOOGL INTU,0.5,2.7528759809970937
7,2021-07-14,high,20,0.5,AAPL ABBV ACN ADBE ADP,0.5,0.3348361311549475
7,2021-08-12,high,20,0.5,ABBNY ADBE AON BLK CB,0.5,0.45742893378553084
7,2021-09-13,high,20,0.5,AON ASML AVGO CCJ KLAC,0.5,-4.3890982982005555
7,2021-10-12,high,20,0.5,GD LHX NET ORCL PANW,0.5,2.680347695609697
7,2021-11-10,high,20,0.5,ADP PG PLD KO LIN,0.5,0.5936574519749938
7,2021-12-10,high,20,0.5,AAPL ABBV ABT ACN AVGO,0.5,-0.10245145941224498
7,2022-01-11,high,20,0.5,ABBV BAC BRK-B COP CVS,0.5,1.471519044337466
7,2022-02-10,high,20,0.5,,0.0,0.0
7,2022-03-14,high,20,0.5,,0.0,0.0
7,2022-04-12,high,20,0.5,,0.0,0.0
7,2022-05-12,high,20,0.5,,0.0,0.0
7,2022-06-13,high,20,0.5,,0.0,0.0
7,2022-07-14,high,20,0.5,,0.0,0.0
7,2022-08-12,high,20,0.5,,0.0,0.0
7,2022-09-13,high,20,0.5,,0.0,0.0
7,2022-10-12,high,20,0.5,,0.0,0.0
7,2022-11-10,high,20,0.5,,0.0,0.0
7,2022-12-12,high,20,0.5,,0.0,0.0
7,2023-01-12,high,20,0.5,,0.0,0.0
7,2023-02-13,high,20,0.5,ETN PGR PWR ROK URI,0.5,-0.5424780584282085
7,2023-03-15,high,20,0.5,ANET AVGO BSX NVR MDLZ,0.5,2.5780140391864936
7,2023-04-14,high,20,0.5,ABBNY BSX NVR ORCL PHM,0.5,2.4452368953427728
7,2023-05-15,high,20,0.5,ABBNY BSX DHI FTNT ISRG,0.5,1.0447605503548063
7,2023-06-14,high,20,0.5,AAPL ABBNY ASML AVGO FTNT,0.5,1.7816331059194557
7,2023-07-17,high,20,0.5,AAPL ABNB ADBE ASML AVGO,0.5,-3.288215972331987
7,2023-08-15,high,20,0.5,LLY CEG HD PWR WMT,0.5,0.958885229697648
7,2023-09-14,high,20,0.5,BRK-B CCJ CEG GOOGL LIN,0.5,-1.792303965994968
7,2023-10-13,high,20,0.5,PGR VRTX LLY AMGN PANW,0.5,-0.9875854727977584
7,2023-11-13,high,20,0.5,AVAV CCJ CHKP COST CRWD,0.5,3.3362840334194344
7,2023-12-13,high,20,0.5,AAPL ACN AMD AMZN AVGO,0.5,0.5854998285410806
7,2024-01-16,high,20,0.5,AMD ANET BSX CRWD DDOG,0.5,4.214715915025158
7,2024-02-14,high,20,0.5,AMAT BRK-B BSX CHKP CI,0.5,1.05141413937202
7,2024-03-15,high,20,0.5,CAT CI ELV FCX HOOD,0.5,0.579324867593134
7,2024-04-16,high,20,0.5,SCHW BSX PGR AMAT ELV,0.5,1.9438195670312686
7,2024-05-15,high,20,0.5,AMAT ANET AVGO BAC BSX,0.5,3.0453235003163437
7,2024-06-14,high,20,0.5,AVGO COST MSFT NFLX NVDA,0.5,-1.3804683214216684
7,2024-07-17,high,20,0.5,AMGN AXP BRK-B C DUK,0.5,-1.5642356152884784
7,2024-08-15,high,20,0.5,ABBV ADP ASTS CHKP ISRG,0.5,0.9445372462511648
7,2024-09-16,high,20,0.5,ADP AMGN AXP CB CI,0.5,0.07654286798917109
7,2024-10-15,high,20,0.5,APD AXP BKNG BLK GEN,0.5,2.5380751150265946
7,2024-11-13,high,20,0.5,AMZN AON BSX EMR GD,0.5,-1.3801782084356895
7,2024-12-13,high,20,0.5,AAPL ANET AVGO PYPL TSLA,0.5,-0.969542444539373
7,2025-01-16,high,20,0.5,BSX C CEG EOG GS,0.5,1.4750135685811738
7,2025-02-18,high,20,0.5,C CRWD DE FTNT GS,0.5,-7.406633590333045
7,2025-03-19,high,20,0.5,,0.0,0.0
7,2025-04-17,high,20,0.5,,0.0,0.0
7,2025-05-19,high,20,0.5,ADP BKNG BSX GEV IBM,0.5,0.4911310051473494
7,2025-06-18,high,20,0.5,ASTS HOOD IBM LEU MP,0.5,15.859537332689143
7,2025-07-21,high,20,0.5,AVGO KLAC NET PL RTX,0.5,0.6415057192666218
7,2025-08-19,high,20,0.5,CVS JNJ SEDG T TJX,0.5,0.9362100116856009
7,2025-09-18,high,20,0.5,ABBV AXP BAC C CAT,0.5,0.0430791826467436
7,2025-10-17,high,20,0.5,AXP CVS GILD JNJ MU,0.5,1.6329075647002034
7,2025-11-17,high,20,0.5,AMGN CWEN JNJ SQM NEE,0.5,-0.6160610793172205
7,2025-12-17,high,20,0.5,ALB CB RIO SQM MCD,0.5,3.7743794471333247
7,2026-01-20,high,20,0.5,MU NXE UEC XOM NUE,0.5,1.3922580634295079
7,2026-02-19,high,20,0.5,AMAT COP CVX DE GEV,0.5,0.8651511932083356
7,2026-03-20,high,20,0.5,,0.0,0.0
7,2026-04-21,high,20,0.5,AMD ANET CAT DELL ETN,0.5,2.536815122394853
7,2026-05-20,high,20,0.5,AAPL CRWD GS IRDM MS,0.5,2.5115525924761517
7,2026-06-22,high,20,0.5,ABBNY AMAT AMD BAC BEAM,0.5,-2.029819169171887
7,2026-07-22,high,20,0.5,BAC JPM BMY GD UNH,0.5,0.923770226525944
7,2016-07-12,momentum,20,0.5,NVDA AMD AMZN ALB HII,0.5,3.332518353445657
7,2016-08-10,momentum,20,0.5,AMD NVDA DHR ALB AMAT,0.5,0.8258020172127178
7,2016-09-09,momentum,20,0.5,AMD NVDA ALB DHR AMAT,0.5,4.222897404132109
7,2016-10-10,momentum,20,0.5,AMD NVDA AMAT DHR ALB,0.5,1.0636645656012744
7,2016-11-08,momentum,20,0.5,AMD NVDA AMAT ALB DHR,0.5,9.435075038280383
7,2016-12-08,momentum,20,0.5,AMD NVDA FCX DHR ALB,0.5,1.7450626201495067
7,2017-01-10,momentum,20,0.5,AMD FCX NVDA CGNX AMAT,0.5,4.200664041438795
7,2017-02-09,momentum,20,0.5,AMD NVDA FCX URI MU,0.5,-4.4424091193915665
7,2017-03-13,momentum,20,0.5,AMD NVDA MU URI DHR,0.5,-0.3468754579262767
7,2017-04-11,momentum,20,0.5,AMD NVDA MU CGNX URI,0.5,1.1025497387098904
7,2017-05-11,momentum,20,0.5,AMD NVDA MU CGNX URI,0.5,3.127529123198469
7,2017-06-12,momentum,20,0.5,NVDA AMD MU XYZ CGNX,0.5,1.2779354045706182
7,2017-07-12,momentum,20,0.5,NVDA XYZ MU AMD ANET,0.5,-1.1558511365467816
7,2017-08-10,momentum,20,0.5,NVDA XYZ MU AMD ANET,0.5,3.5217847276100667
7,2017-09-11,momentum,20,0.5,NVDA XYZ CGNX ANET AMD,0.5,3.958409368265836
7,2017-10-10,momentum,20,0.5,NVDA STLA XYZ CGNX ANET,0.5,5.112754175756784
7,2017-11-08,momentum,20,0.5,NVDA XYZ STLA MU KTOS,0.5,-0.7074738501854916
7,2017-12-08,momentum,20,0.5,XYZ SEDG NVDA ANET MU,0.5,3.330044857101333
7,2018-01-10,momentum,20,0.5,SEDG XYZ ANET AVAV FSLR,0.5,-3.839046899795573
7,2018-02-09,momentum,20,0.5,SEDG XYZ ANET FSLR STLA,0.5,11.604680271193214
7,2018-03-13,momentum,20,0.5,XYZ SEDG NVDA ANET STLA,0.5,-2.10321168255162
7,2018-04-12,momentum,20,0.5,SEDG XYZ CRSP NVDA FSLR,0.5,3.2155030148419916
7,2018-05-11,momentum,20,0.5,CRSP SEDG XYZ STLA NFLX,0.5,0.6869770406356945
7,2018-06-12,momentum,20,0.5,CRSP SEDG XYZ NFLX OKTA,0.5,2.1287009471199214
7,2018-07-12,momentum,20,0.5,ENPH CRSP XYZ SEDG NFLX,0.5,-7.00622574159352
7,2018-08-10,momentum,20,0.5,ENPH CRSP XYZ NFLX RUN,0.5,-0.04422436619138104
7,2018-09-11,momentum,20,0.5,XYZ CRSP FTNT AMZN RUN,0.5,-5.329269522096225
7,2018-10-10,momentum,20,0.5,XYZ OKTA FTNT AMD AMZN,0.5,1.4761648562533036
7,2018-11-08,momentum,20,0.5,MDB AMD XYZ AVAV FTNT,0.5,-5.046740384931359
7,2018-12-11,momentum,20,0.5,,0.0,0.0
7,2019-01-11,momentum,20,0.5,,0.0,0.0
7,2019-02-12,momentum,20,0.5,,0.0,0.0
7,2019-03-14,momentum,20,0.5,MDB OKTA RUN AMD ENPH,0.5,5.562802005785539
7,2019-04-12,momentum,20,0.5,MDB ZS AMD OKTA IRDM,0.5,-2.04984766994476
7,2019-05-14,momentum,20,0.5,MDB AMD IRDM ZS ENPH,0.5,6.391492634828433
7,2019-06-13,momentum,20,0.5,ENPH MDB OKTA ZS AMD,0.5,1.7306230229046093
7,2019-07-15,momentum,20,0.5,MDB ENPH OKTA ZS AMD,0.5,3.605378147503413
7,2019-08-13,momentum,20,0.5,ENPH OKTA MDB ZS KTOS,0.5,-8.11884800597279
7,2019-09-12,momentum,20,0.5,ENPH SEDG OKTA SBUX MDB,0.5,3.85847423823642
7,2019-10-11,momentum,20,0.5,ENPH MDB OKTA SEDG TER,0.5,-4.970678764764536
7,2019-11-11,momentum,20,0.5,ENPH SEDG OKTA KLAC TER,0.5,2.5370586988986865
7,2019-12-11,momentum,20,0.5,ENPH SEDG LRCX TER KLAC,0.5,6.294696252953225
7,2020-01-13,momentum,20,0.5,ENPH SEDG TER LRCX AMD,0.5,5.174872464961844
7,2020-02-12,momentum,20,0.5,ENPH SEDG AMD AAPL CRSP,0.5,-12.451924350652577
7,2020-03-13,momentum,20,0.5,,0.0,0.0
7,2020-04-14,momentum,20,0.5,ENPH SEDG TSLA AMD AAPL,0.5,9.451364310734078
7,2020-05-13,momentum,20,0.5,TSLA ENPH AMD SEDG NVDA,0.5,4.471612053470109
7,2020-06-12,momentum,20,0.5,MRNA TSLA ENPH NVDA SEDG,0.5,10.74865542351966
7,2020-07-14,momentum,20,0.5,MRNA TSLA ENPH SEDG NVDA,0.5,0.7165698114117269
7,2020-08-12,momentum,20,0.5,TSLA MRNA NVDA REGN RUN,0.5,1.6992949189253759
7,2020-09-11,momentum,20,0.5,TSLA MRNA ENPH SEDG RUN,0.5,18.38812605732567
7,2020-10-12,momentum,20,0.5,TSLA MRNA RUN TWST ENPH,0.5,0.030744783252156793
7,2020-11-10,momentum,20,0.5,TSLA ENPH RUN MRNA TWST,0.5,20.500033792355964
7,2020-12-10,momentum,20,0.5,TSLA ENPH MRNA RUN TWST,0.5,13.211806367428757
7,2021-01-12,momentum,20,0.5,MRNA TWST TSLA NET PACB,0.5,8.782910500934605
7,2021-02-11,momentum,20,0.5,PACB MRNA TSLA TWST ENPH,0.5,-10.35581869807094
7,2021-03-15,momentum,20,0.5,PACB MSTR MRNA TSLA RUN,0.5,-0.009886691962290861
7,2021-04-14,momentum,20,0.5,PACB MSTR BEAM TWST NTLA,0.5,-13.103043161286354
7,2021-05-13,momentum,20,0.5,PACB MSTR NTLA FCX UUUU,0.5,9.765493988456653
7,2021-06-14,momentum,20,0.5,PACB MSTR FCX UUUU NTLA,0.5,3.181628255431601
7,2021-07-14,momentum,20,0.5,PACB MSTR NTLA BEAM MP,0.5,9.17143043173927
7,2021-08-12,momentum,20,0.5,NTLA PACB MSTR BEAM MRNA,0.5,-0.8632656909057568
7,2021-09-13,momentum,20,0.5,NTLA MRNA MSTR BEAM NET,0.5,-3.374010995772936
7,2021-10-12,momentum,20,0.5,NTLA MRNA UUUU MSTR UEC,0.5,9.960200174863854
7,2021-11-10,momentum,20,0.5,NTLA UUUU MSTR UEC FTNT,0.5,-10.247164253400376
7,2021-12-10,momentum,20,0.5,UEC UUUU FTNT NET NVDA,0.5,-2.345386193707677
7,2022-01-11,momentum,20,0.5,NVDA F FTNT UUUU UEC,0.5,-5.705401622763018
7,2022-02-10,momentum,20,0.5,,0.0,0.0
7,2022-03-14,momentum,20,0.5,,0.0,0.0
7,2022-04-12,momentum,20,0.5,,0.0,0.0
7,2022-05-12,momentum,20,0.5,,0.0,0.0
7,2022-06-13,momentum,20,0.5,,0.0,0.0
7,2022-07-14,momentum,20,0.5,,0.0,0.0
7,2022-08-12,momentum,20,0.5,,0.0,0.0
7,2022-09-13,momentum,20,0.5,,0.0,0.0
7,2022-10-12,momentum,20,0.5,,0.0,0.0
7,2022-11-10,momentum,20,0.5,,0.0,0.0
7,2022-12-12,momentum,20,0.5,,0.0,0.0
7,2023-01-12,momentum,20,0.5,,0.0,0.0
7,2023-02-13,momentum,20,0.5,FSLR CEG IRDM MPC VLO,0.5,2.127389424703874
7,2023-03-15,momentum,20,0.5,FSLR MPC VLO GILD IRDM,0.5,2.3178795397849505
7,2023-04-14,momentum,20,0.5,FSLR IRDM MPC DHI GILD,0.5,0.18376776501942693
7,2023-05-15,momentum,20,0.5,FSLR PACB MSTR NFLX IRDM,0.5,3.1639095017420793
7,2023-06-14,momentum,20,0.5,FSLR PACB SYM NFLX MSTR,0.5,6.176008672070177
7,2023-07-17,momentum,20,0.5,PACB NVDA FSLR SYM VRT,0.5,-0.3001167865941179
7,2023-08-15,momentum,20,0.5,SYM NVDA IONQ VRT NU,0.5,0.27083468836610614
7,2023-09-14,momentum,20,0.5,NVDA SYM IONQ VRT PHM,0.5,1.571386951855458
7,2023-10-13,momentum,20,0.5,NVDA IONQ VRT SYM META,0.5,-3.095306617172855
7,2023-11-13,momentum,20,0.5,SYM NVDA META IONQ VRT,0.5,5.285280391609315
7,2023-12-13,momentum,20,0.5,VRT META SYM NVDA PLTR,0.5,-0.14229686476461278
7,2024-01-16,momentum,20,0.5,SYM VRT COIN NVDA MSTR,0.5,11.162385016531552
7,2024-02-14,momentum,20,0.5,VRT NVDA CRWD SYM COIN,0.5,6.229400638585281
7,2024-03-15,momentum,20,0.5,VRT MSTR PLTR NVDA SYM,0.5,-4.421451994426306
7,2024-04-16,momentum,20,0.5,VRT MSTR COIN NVDA PLTR,0.5,1.1580722651622022
7,2024-05-15,momentum,20,0.5,VRT MSTR COIN NVDA VST,0.5,3.254674517026479
7,2024-06-14,momentum,20,0.5,MSTR VRT COIN VST DELL,0.5,0.7107365627832651
7,2024-07-17,momentum,20,0.5,VRT VST MSTR NVDA ASTS,0.5,2.499043424031777
7,2024-08-15,momentum,20,0.5,MSTR ASTS COIN NVDA TWST,0.5,-1.365730713047264
7,2024-09-16,momentum,20,0.5,ASTS MSTR NVDA VST VRT,0.5,11.673061304942145
7,2024-10-15,momentum,20,0.5,ASTS MSTR VST TWST NVDA,0.5,8.972015744312678
7,2024-11-13,momentum,20,0.5,ASTS SMR MSTR VST HOOD,0.5,-0.41262811552095213
7,2024-12-13,momentum,20,0.5,SMR MSTR ASTS LUNR RKLB,0.5,4.065227011327854
7,2025-01-16,momentum,20,0.5,SMR MSTR RGTI QBTS ASTS,0.5,6.866158936580424
7,2025-02-18,momentum,20,0.5,RGTI SMR ASTS RKLB RDW,0.5,-13.598556713427568
7,2025-03-19,momentum,20,0.5,,0.0,0.0
7,2025-04-17,momentum,20,0.5,,0.0,0.0
7,2025-05-19,momentum,20,0.5,RGTI QBTS RKLB PLTR IONQ,0.5,0.6919797129646632
7,2025-06-18,momentum,20,0.5,RGTI QBTS RKLB PLTR IONQ,0.5,17.181355188968794
7,2025-07-21,momentum,20,0.5,QBTS RGTI OKLO RKLB PLTR,0.5,1.347236637372351
7,2025-08-19,momentum,20,0.5,QBTS RGTI OKLO RKLB LEU,0.5,19.60622366643465
7,2025-09-18,momentum,20,0.5,RGTI QBTS OKLO RKLB MP,0.5,26.776650223094723
7,2025-10-17,momentum,20,0.5,RGTI QBTS OKLO IONQ RKLB,0.5,-19.166895246968572
7,2025-11-17,momentum,20,0.5,RGTI QBTS OKLO LEU PL,0.5,5.976051339780519
7,2025-12-17,momentum,20,0.5,OKLO QBTS RGTI LEU MP,0.5,11.37258438854416
7,2026-01-20,momentum,20,0.5,PL QBTS OKLO LEU ASTS,0.5,-14.42143546947402
7,2026-02-19,momentum,20,0.5,UUUU KTOS PL ASTS MU,0.5,-0.6654216179579842
7,2026-03-20,momentum,20,0.5,,0.0,0.0
7,2026-04-21,momentum,20,0.5,PL MU TER SEDG ASTS,0.5,7.134283660308949
7,2026-05-20,momentum,20,0.5,PL TER MU ALB RKLB,0.5,2.4016398584133736
7,2026-06-22,momentum,20,0.5,PL MU RKLB TER AMD,0.5,-5.766975612881353
7,2026-07-22,momentum,20,0.5,MU TER LRCX AMD AMAT,0.5,-2.8303687910355424
7,2016-07-12,qqq,20,0.5,QQQ,0.5,2.0523008169482493
7,2016-08-10,qqq,20,0.5,QQQ,0.5,-0.1600928531129031
7,2016-09-09,qqq,20,0.5,QQQ,0.5,1.995103438502932
7,2016-10-10,qqq,20,0.5,QQQ,0.5,-1.4063004163608395
7,2016-11-08,qqq,20,0.5,QQQ,0.5,0.8768296094705974
7,2016-12-08,qqq,20,0.5,QQQ,0.5,1.289738859436751
7,2017-01-10,qqq,20,0.5,QQQ,0.5,1.3122939849215642
7,2017-02-09,qqq,20,0.5,QQQ,0.5,1.3732621094161068
7,2017-03-13,qqq,20,0.5,QQQ,0.5,0.12366685799631849
7,2017-04-11,qqq,20,0.5,QQQ,0.5,2.38899284486378
7,2017-05-11,qqq,20,0.5,QQQ,0.5,0.33675518351341527
7,2017-06-12,qqq,20,0.5,QQQ,0.5,-0.45590592607439584
7,2017-07-12,qqq,20,0.5,QQQ,0.5,0.8984029181572595
7,2017-08-10,qqq,20,0.5,QQQ,0.5,0.8039663846099554
7,2017-09-11,qqq,20,0.5,QQQ,0.5,0.2719596334956442
7,2017-10-10,qqq,20,0.5,QQQ,0.5,1.8919968186705605
7,2017-11-08,qqq,20,0.5,QQQ,0.5,0.007109503433655462
7,2017-12-08,qqq,20,0.5,QQQ,0.5,2.363973323239388
7,2018-01-10,qqq,20,0.5,QQQ,0.5,-3.0085526261634854
7,2018-02-09,qqq,20,0.5,QQQ,0.5,4.918100833320271
7,2018-03-13,qqq,20,0.5,QQQ,0.5,-3.728260508726544
7,2018-04-12,qqq,20,0.5,QQQ,0.5,1.7648110396433214
7,2018-05-11,qqq,20,0.5,QQQ,0.5,1.2327446929559116
7,2018-06-12,qqq,20,0.5,QQQ,0.5,-0.05229276533091909
7,2018-07-12,qqq,20,0.5,QQQ,0.5,0.43264135659502045
7,2018-08-10,qqq,20,0.5,QQQ,0.5,-0.010039810569917318
7,2018-09-11,qqq,20,0.5,QQQ,0.5,-1.0375460672650605
7,2018-10-10,qqq,20,0.5,QQQ,0.5,1.0771667579304145
7,2018-11-08,qqq,20,0.5,QQQ,0.5,-3.0588811738556543
7,2018-12-11,qqq,20,0.5,,0.0,0.0
7,2019-01-11,qqq,20,0.5,,0.0,0.0
7,2019-02-12,qqq,20,0.5,,0.0,0.0
7,2019-03-14,qqq,20,0.5,QQQ,0.5,1.984837293791042
7,2019-04-12,qqq,20,0.5,QQQ,0.5,-2.1929359971827433
7,2019-05-14,qqq,20,0.5,QQQ,0.5,0.5800218211440944
7,2019-06-13,qqq,20,0.5,QQQ,0.5,2.8799032575536954
7,2019-07-15,qqq,20,0.5,QQQ,0.5,-2.7021334958692966
7,2019-08-13,qqq,20,0.5,QQQ,0.5,1.6481901278081024
7,2019-09-12,qqq,20,0.5,QQQ,0.5,-1.2522651157699793
7,2019-10-11,qqq,20,0.5,QQQ,0.5,2.4592255517410733
7,2019-11-11,qqq,20,0.5,QQQ,0.5,0.43580779110323764
7,2019-12-11,qqq,20,0.5,QQQ,0.5,3.184492713407727
7,2020-01-13,qqq,20,0.5,QQQ,0.5,2.2669896802744782
7,2020-02-12,qqq,20,0.5,QQQ,0.5,-12.079693606108622
7,2020-03-13,qqq,20,0.5,,0.0,0.0
7,2020-04-14,qqq,20,0.5,QQQ,0.5,3.0056029680378016
7,2020-05-13,qqq,20,0.5,QQQ,0.5,3.4139585925258897
7,2020-06-12,qqq,20,0.5,QQQ,0.5,5.433211508160096
7,2020-07-14,qqq,20,0.5,QQQ,0.5,0.3890620007876322
7,2020-08-12,qqq,20,0.5,QQQ,0.5,-0.3077617582420755
7,2020-09-11,qqq,20,0.5,QQQ,0.5,1.8087461893792955
7,2020-10-12,qqq,20,0.5,QQQ,0.5,-1.5586602368049318
7,2020-11-10,qqq,20,0.5,QQQ,0.5,2.4083395401872654
7,2020-12-10,qqq,20,0.5,QQQ,0.5,2.095811571947803
7,2021-01-12,qqq,20,0.5,QQQ,0.5,2.689512601529076
7,2021-02-11,qqq,20,0.5,QQQ,0.5,-2.9701574666314956
7,2021-03-15,qqq,20,0.5,QQQ,0.5,2.840210773684526
7,2021-04-14,qqq,20,0.5,QQQ,0.5,-3.5585431891761443
7,2021-05-13,qqq,20,0.5,QQQ,0.5,2.6252492219524193
7,2021-06-14,qqq,20,0.5,QQQ,0.5,2.452508268390563
7,2021-07-14,qqq,20,0.5,QQQ,0.5,0.1933308345801521
7,2021-08-12,qqq,20,0.5,QQQ,0.5,0.9271492159401928
7,2021-09-13,qqq,20,0.5,QQQ,0.5,-2.7605677132241935
7,2021-10-12,qqq,20,0.5,QQQ,0.5,4.706179678987099
7,2021-11-10,qqq,20,0.5,QQQ,0.5,-0.1023698565930875
7,2021-12-10,qqq,20,0.5,QQQ,0.5,-2.4249651962667707
7,2022-01-11,qqq,20,0.5,QQQ,0.5,-3.0323665637376096
7,2022-02-10,qqq,20,0.5,,0.0,0.0
7,2022-03-14,qqq,20,0.5,,0.0,0.0
7,2022-04-12,qqq,20,0.5,,0.0,0.0
7,2022-05-12,qqq,20,0.5,,0.0,0.0
7,2022-06-13,qqq,20,0.5,,0.0,0.0
7,2022-07-14,qqq,20,0.5,,0.0,0.0
7,2022-08-12,qqq,20,0.5,,0.0,0.0
7,2022-09-13,qqq,20,0.5,,0.0,0.0
7,2022-10-12,qqq,20,0.5,,0.0,0.0
7,2022-11-10,qqq,20,0.5,,0.0,0.0
7,2022-12-12,qqq,20,0.5,,0.0,0.0
7,2023-01-12,qqq,20,0.5,,0.0,0.0
7,2023-02-13,qqq,20,0.5,QQQ,0.5,-1.156061025054611
7,2023-03-15,qqq,20,0.5,QQQ,0.5,3.3674270631360415
7,2023-04-14,qqq,20,0.5,QQQ,0.5,0.8264820311278953
7,2023-05-15,qqq,20,0.5,QQQ,0.5,5.426661198718041
7,2023-06-14,qqq,20,0.5,QQQ,0.5,1.7946171096220098
7,2023-07-17,qqq,20,0.5,QQQ,0.5,-1.7615965527080113
7,2023-08-15,qqq,20,0.5,QQQ,0.5,0.8846892455699917
7,2023-09-14,qqq,20,0.5,QQQ,0.5,-0.9699380187761397
7,2023-10-13,qqq,20,0.5,QQQ,0.5,1.3478163911296859
7,2023-11-13,qqq,20,0.5,QQQ,0.5,1.6902910947844463
7,2023-12-13,qqq,20,0.5,QQQ,0.5,0.4402744252581803
7,2024-01-16,qqq,20,0.5,QQQ,0.5,2.491879408403408
7,2024-02-14,qqq,20,0.5,QQQ,0.5,0.3491126789252563
7,2024-03-15,qqq,20,0.5,QQQ,0.5,-1.1191278345136113
7,2024-04-16,qqq,20,0.5,QQQ,0.5,1.2244060332048834
7,2024-05-15,qqq,20,0.5,QQQ,0.5,2.3891987217310007
7,2024-06-14,qqq,20,0.5,QQQ,0.5,1.5840134252389282
7,2024-07-17,qqq,20,0.5,QQQ,0.5,-2.585613889223981
7,2024-08-15,qqq,20,0.5,QQQ,0.5,0.036947357309813356
7,2024-09-16,qqq,20,0.5,QQQ,0.5,2.0391228720504806
7,2024-10-15,qqq,20,0.5,QQQ,0.5,1.9516099614398152
7,2024-11-13,qqq,20,0.5,QQQ,0.5,1.1685714933282743
7,2024-12-13,qqq,20,0.5,QQQ,0.5,-1.7003095380046074
7,2025-01-16,qqq,20,0.5,QQQ,0.5,1.2064587700580276
7,2025-02-18,qqq,20,0.5,QQQ,0.5,-6.1641682173783074
7,2025-03-19,qqq,20,0.5,,0.0,0.0
7,2025-04-17,qqq,20,0.5,,0.0,0.0
7,2025-05-19,qqq,20,0.5,QQQ,0.5,0.6710017249475397
7,2025-06-18,qqq,20,0.5,QQQ,0.5,2.5201877218840707
7,2025-07-21,qqq,20,0.5,QQQ,0.5,0.8799994126650335
7,2025-08-19,qqq,20,0.5,QQQ,0.5,1.647584773970956
7,2025-09-18,qqq,20,0.5,QQQ,0.5,0.030099335041833264
7,2025-10-17,qqq,20,0.5,QQQ,0.5,-0.10843672092059053
7,2025-11-17,qqq,20,0.5,QQQ,0.5,0.757056528527289
7,2025-12-17,qqq,20,0.5,QQQ,0.5,0.7508940758703231
7,2026-01-20,qqq,20,0.5,QQQ,0.5,-0.5497712591324033
7,2026-02-19,qqq,20,0.5,QQQ,0.5,-0.8379746284515099
7,2026-03-20,qqq,20,0.5,,0.0,0.0
7,2026-04-21,qqq,20,0.5,QQQ,0.5,3.6823111049299584
7,2026-05-20,qqq,20,0.5,QQQ,0.5,1.970138993750603
7,2026-06-22,qqq,20,0.5,QQQ,0.5,-0.719956234163921
7,2026-07-22,qqq,20,0.5,QQQ,0.5,1.2839595211833643
14,2016-07-21,high,20,0.5,PLD JNJ UNH DHR RTX,0.5,0.016062845155118133
14,2016-08-19,high,20,0.5,AMAT AMD APD EOG GEN,0.5,-2.1596481759892705
14,2016-09-20,high,20,0.5,AMAT PG TSM MA ISRG,0.5,-0.4608461769243899
14,2016-10-19,high,20,0.5,GOOGL SLB UNH MA JPM,0.5,0.9349356638728157
14,2016-11-17,high,20,0.5,AMAT AMD BRK-B CGNX DE,0.5,5.186609126893238
14,2016-12-19,high,20,0.5,ADP AMD ANET AVGO CGNX,0.5,-1.7997504919542329
14,2017-01-20,high,20,0.5,AAPL AMAT AVGO CHKP DE,0.5,3.433657369712262
14,2017-02-21,high,20,0.5,AAPL ABT AMAT AMD AMZN,0.5,0.06938884961342762
14,2017-03-22,high,20,0.5,ACN ANET ASML CHKP KLAC,0.5,0.386866091169602
14,2017-04-21,high,20,0.5,ABBNY ADBE ANET FTNT HD,0.5,1.2593164237362675
14,2017-05-22,high,20,0.5,ADBE AMZN AON BLK BSX,0.5,1.907182562343035
14,2017-06-21,high,20,0.5,ABBV ADBE ANET ISRG JNJ,0.5,0.7054483429006497
14,2017-07-21,high,20,0.5,ABBV ACN AON ASML CB,0.5,-1.3300554062584014
14,2017-08-21,high,20,0.5,DUK NEE PG SQM STLA,0.5,6.68174115756861
14,2017-09-20,high,20,0.5,ACN ALB ANET AON APD,0.5,0.601724139908888
14,2017-10-19,high,20,0.5,ABBV ABT ACN ADBE AON,0.5,-0.06627917821601104
14,2017-11-17,high,20,0.5,ANET CGNX CRM DE DHI,0.5,0.1507964613199464
14,2017-12-19,high,20,0.5,ABBNY ABT CAT DE DHR,0.5,3.7192211373914708
14,2018-01-22,high,20,0.5,ABBV ABT ADBE ADP AMGN,0.5,-0.14586747363074526
14,2018-02-21,high,20,0.5,AMZN CRM HII NOW SEDG,0.5,3.0968062768312654
14,2018-03-22,high,20,0.5,NEE MPC FTNT INTU VST,0.5,2.179741262066237
14,2018-04-23,high,20,0.5,LHX MPC OKTA OXY VLO,0.5,2.5591110640252435
14,2018-05-22,high,20,0.5,AXP ILMN SCHW TJX NKE,0.5,1.0215127411532743
14,2018-06-21,high,20,0.5,COST PYPL META NFLX TJX,0.5,-0.6087297337231345
14,2018-07-23,high,20,0.5,ASML COST FTNT MDT META,0.5,-1.4695101537540167
14,2018-08-21,high,20,0.5,ADP AMD AXP COST EMR,0.5,6.382140522275059
14,2018-09-20,high,20,0.5,ABT ACN ADP AMGN AXP,0.5,-2.6075296693154226
14,2018-10-19,high,20,0.5,DIS MRK VZ NEE ELV,0.5,1.5013467127964253
14,2018-11-19,high,20,0.5,,0.0,0.0
14,2018-12-20,high,20,0.5,,0.0,0.0
14,2019-01-23,high,20,0.5,,0.0,0.0
14,2019-02-22,high,20,0.5,ABT ADP BSX CHKP DHR,0.5,-0.1615477066430726
14,2019-03-25,high,20,0.5,DUK LLY MDLZ PEP SBUX,0.5,-0.2863525777637266
14,2019-04-24,high,20,0.5,ACN APD AXP COST DELL,0.5,1.0761542002398983
14,2019-05-23,high,20,0.5,KTOS LHX NEE SO KO,0.5,1.4892253954957857
14,2019-06-24,high,20,0.5,AON APD BSX CB KO,0.5,0.46855919407513547
14,2019-07-24,high,20,0.5,ADBE CB CVX ITW KLAC,0.5,-1.5228267392570216
14,2019-08-22,high,20,0.5,DUK HD KLAC LMT MDT,0.5,1.8299531484021525
14,2019-09-23,high,20,0.5,DHI DUK FSLR LEN LRCX,0.5,-0.6500586966311062
14,2019-10-22,high,20,0.5,BAC DE ITW JPM NEE,0.5,1.4575620195549588
14,2019-11-20,high,20,0.5,AMGN AON LOW SO SPGI,0.5,1.1492907830894294
14,2019-12-20,high,20,0.5,ACN AMD AON BSX C,0.5,1.1640574905786405
14,2020-01-23,high,20,0.5,AAPL ADBE AMAT AMD AON,0.5,1.0701153660861884
14,2020-02-24,high,20,0.5,GILD DUK NVR MCD KO,0.5,-15.667647625223868
14,2020-03-24,high,20,0.5,,0.0,0.0
14,2020-04-23,high,20,0.5,LLY AMZN OKTA REGN VRTX,0.5,1.8735237986959197
14,2020-05-22,high,20,0.5,ADBE CGNX MDB META NVDA,0.5,0.32643534495517823
14,2020-06-23,high,20,0.5,AAPL ABBV ADBE AMZN ASML,0.5,2.6525837067767455
14,2020-07-23,high,20,0.5,ABT CCJ CGNX DHR ISRG,0.5,0.32338909705564856
14,2020-08-21,high,20,0.5,AAPL ACN CHKP COST DE,0.5,-2.4826109231330773
14,2020-09-22,high,20,0.5,LEN PACB RUN ORCL CRWD,0.5,5.619571843078819
14,2020-10-21,high,20,0.5,FCX PYPL SQM TER TMO,0.5,3.8244224344431865
14,2020-11-19,high,20,0.5,ABBV AMAT AVGO ENPH ETN,0.5,5.098017630147966
14,2020-12-21,high,20,0.5,CGNX CRSP CRWD ENPH FSLR,0.5,4.084365162240444
14,2021-01-22,high,20,0.5,AAPL AVAV BEP GOOGL ILMN,0.5,-1.0828909054672708
14,2021-02-23,high,20,0.5,AXP BKNG BRK-B CAT DIS,0.5,-1.2922102925101542
14,2021-03-24,high,20,0.5,ACN ELV HD IBM UNH,0.5,3.6824187879168635
14,2021-04-23,high,20,0.5,ABBV ACN ADP ASML BSX,0.5,-0.6868541956448593
14,2021-05-24,high,20,0.5,ADP ANET BMY C FTNT,0.5,0.49505897869579485
14,2021-06-23,high,20,0.5,DHR INTU ISRG META NET,0.5,3.0771369355720557
14,2021-07-23,high,20,0.5,ABBNY ABBV ACN ADBE ANET,0.5,0.5311940831173922
14,2021-08-23,high,20,0.5,ACN ADBE ASML BLK ETN,0.5,-1.5821609907320622
14,2021-09-22,high,20,0.5,AON DDOG MDB NET TMO,0.5,3.348276433092079
14,2021-10-21,high,20,0.5,AMD ANET AON AVGO CB,0.5,6.6259412649636085
14,2021-11-19,high,20,0.5,AAPL ADBE ALB AMD COST,0.5,-5.295552788999702
14,2021-12-21,high,20,0.5,AVGO ZTS ELV CVS MCD,0.5,-3.2604532406588893
14,2022-01-21,high,20,0.5,,0.0,0.0
14,2022-02-22,high,20,0.5,,0.0,0.0
14,2022-03-23,high,20,0.5,,0.0,0.0
14,2022-04-22,high,20,0.5,,0.0,0.0
14,2022-05-23,high,20,0.5,,0.0,0.0
14,2022-06-23,high,20,0.5,,0.0,0.0
14,2022-07-25,high,20,0.5,,0.0,0.0
14,2022-08-23,high,20,0.5,,0.0,0.0
14,2022-09-22,high,20,0.5,,0.0,0.0
14,2022-10-21,high,20,0.5,,0.0,0.0
14,2022-11-21,high,20,0.5,,0.0,0.0
14,2022-12-21,high,20,0.5,,0.0,0.0
14,2023-01-24,high,20,0.5,,0.0,0.0
14,2023-02-23,high,20,0.5,PWR PGR ETN ORCL ROK,0.5,-1.0239110825318143
14,2023-03-24,high,20,0.5,MDLZ REGN ANET BSX MCD,0.5,0.5103329936264389
14,2023-04-25,high,20,0.5,ABBNY ABBV HUBB MDLZ MRK,0.5,-0.30726859924444794
14,2023-05-24,high,20,0.5,META PANW NU AVGO VMC,0.5,6.893024778602586
14,2023-06-26,high,20,0.5,MLM UBER VMC NVR PWR,0.5,2.0526875691216473
14,2023-07-26,high,20,0.5,ABNB BRK-B CCJ GOOGL IONQ,0.5,-1.3711964612869498
14,2023-08-24,high,20,0.5,ETN NVDA EMR LLY IBM,0.5,-1.5136898860541814
14,2023-09-25,high,20,0.5,CCJ NXE UUUU VLO CEG,0.5,-4.220353253733833
14,2023-10-24,high,20,0.5,AVAV UEC CHKP WMT VRTX,0.5,1.460355061848162
14,2023-11-22,high,20,0.5,ACN ADBE AMZN ANET AVAV,0.5,0.942193747083242
14,2023-12-22,high,20,0.5,ACN BKNG CHKP COIN ETN,0.5,-2.4687950810522885
14,2024-01-25,high,20,0.5,ACN AMD AMZN ASML BRK-B,0.5,2.772061636297729
14,2024-02-26,high,20,0.5,ABBV ACN AMAT AVGO AXP,0.5,-0.4114126630500592
14,2024-03-26,high,20,0.5,BSX C CI DIS ELV,0.5,-0.03047064348495887
14,2024-04-25,high,20,0.5,BSX ELV GM NOC VRT,0.5,0.16832851730728127
14,2024-05-24,high,20,0.5,AMAT AVAV CEG COST CRWD,0.5,0.8556152115994697
14,2024-06-26,high,20,0.5,AMZN ISRG KO MSFT NU,0.5,-1.8163065867865646
14,2024-07-26,high,20,0.5,ABBV ASTS BLK CHKP DHR,0.5,8.501006108397636
14,2024-08-26,high,20,0.5,ADP BLK BRK-B COST DUK,0.5,1.0631549734185786
14,2024-09-25,high,20,0.5,ANET CEG IBM MCD META,0.5,0.026269431028658197
14,2024-10-24,high,20,0.5,GILD MSTR NOW PLTR PM,0.5,11.329187880109393
14,2024-11-22,high,20,0.5,AXP BAC C COST CRM,0.5,-1.4470118307703395
14,2024-12-24,high,20,0.5,AAPL IONQ LUNR MA PLTR,0.5,-0.7507729567161392
14,2025-01-28,high,20,0.5,AMZN BSX CRWD FTNT JPM,0.5,-1.038899956227679
14,2025-02-27,high,20,0.5,ABBV AON BRK-B GILD PGR,0.5,-0.20693282112952405
14,2025-03-28,high,20,0.5,,0.0,0.0
14,2025-04-29,high,20,0.5,,0.0,0.0
14,2025-05-29,high,20,0.5,BKNG INTU ADP PM RTX,0.5,0.6539014950967648
14,2025-06-30,high,20,0.5,AVGO BKNG BSX C CRWD,0.5,0.4958035275359318
14,2025-07-30,high,20,0.5,AMD AVGO CAT GEV INTU,0.5,-3.5225109444162683
14,2025-08-28,high,20,0.5,BAC CVS GOOGL GS JPM,0.5,3.5477874429111544
14,2025-09-29,high,20,0.5,ABBV AVAV AXP BAC BLK,0.5,2.718893870358996
14,2025-10-28,high,20,0.5,AAPL AVGO CCJ CRWD DELL,0.5,-4.22016544530277
14,2025-11-26,high,20,0.5,AAPL AMAT AMGN AVGO GM,0.5,-0.02432080558417704
14,2025-12-29,high,20,0.5,CB MU XOM MRK GM,0.5,5.7319495102365
14,2026-01-29,high,20,0.5,ABBNY AMAT ASML ASTS CAT,0.5,-0.34925600611428465
14,2026-03-02,high,20,0.5,CB COP CVX DUK GEV,0.5,0.9558041452687682
14,2026-03-31,high,20,0.5,,0.0,0.0
14,2026-04-30,high,20,0.5,ABBNY AMD AMZN CAT ETN,0.5,4.2036715243508604
14,2026-06-01,high,20,0.5,AMAT AVGO DDOG DELL ELV,0.5,1.8119384851110754
14,2026-07-01,high,20,0.5,ABNB APD BAC CB CVS,0.5,0.4808905253125273
14,2016-07-21,momentum,20,0.5,AMD NVDA ALB KLAC AMZN,0.5,2.754275840551945
14,2016-08-19,momentum,20,0.5,AMD NVDA DHR ALB AMAT,0.5,-2.8676387836326533
14,2016-09-20,momentum,20,0.5,AMD NVDA DHR AMAT ALB,0.5,0.815318296567491
14,2016-10-19,momentum,20,0.5,AMD NVDA AMAT DHR GEN,0.5,5.397875287905229
14,2016-11-17,momentum,20,0.5,AMD NVDA ALB DHR HPE,0.5,3.5424717912238224
14,2016-12-19,momentum,20,0.5,AMD NVDA FCX DHR CGNX,0.5,0.1703133268049939
14,2017-01-20,momentum,20,0.5,AMD NVDA FCX CGNX PWR,0.5,5.741468576568143
14,2017-02-21,momentum,20,0.5,AMD NVDA URI MU FCX,0.5,-1.9446594683956708
14,2017-03-22,momentum,20,0.5,AMD NVDA MU ANET URI,0.5,-0.9228097660207601
14,2017-04-21,momentum,20,0.5,AMD NVDA MU CGNX ANET,0.5,2.918955380706967
14,2017-05-22,momentum,20,0.5,AMD MU NVDA CGNX ANET,0.5,4.220566922750302
14,2017-06-21,momentum,20,0.5,NVDA XYZ MU CGNX AMD,0.5,0.711240491217624
14,2017-07-21,momentum,20,0.5,NVDA AMD XYZ MU ANET,0.5,-1.7943250576830327
14,2017-08-21,momentum,20,0.5,NVDA XYZ MU NFLX ANET,0.5,6.615801989668113
14,2017-09-20,momentum,20,0.5,NVDA STLA ANET XYZ CGNX,0.5,3.0986313102448593
14,2017-10-19,momentum,20,0.5,NVDA STLA XYZ ANET CGNX,0.5,7.325508590324459
14,2017-11-17,momentum,20,0.5,XYZ SEDG SQM STLA ANET,0.5,-0.9793655472306262
14,2017-12-19,momentum,20,0.5,XYZ SEDG ANET MU CGNX,0.5,2.039195494398016
14,2018-01-22,momentum,20,0.5,ANET XYZ NVR MU FSLR,0.5,-2.6562922952188206
14,2018-02-21,momentum,20,0.5,XYZ SEDG ANET STLA NVDA,0.5,6.148396829135927
14,2018-03-22,momentum,20,0.5,SEDG XYZ FSLR NVDA CRSP,0.5,-0.1755499129990512
14,2018-04-23,momentum,20,0.5,SEDG XYZ CRSP FSLR NVDA,0.5,6.755298675816079
14,2018-05-22,momentum,20,0.5,CRSP SEDG XYZ STLA FSLR,0.5,-3.1747394801574513
14,2018-06-21,momentum,20,0.5,ENPH CRSP SEDG XYZ NFLX,0.5,-0.8554393488751755
14,2018-07-23,momentum,20,0.5,ENPH CRSP XYZ SEDG NFLX,0.5,-6.620214136577596
14,2018-08-21,momentum,20,0.5,ENPH CRSP XYZ OKTA NFLX,0.5,3.0483622950360223
14,2018-09-20,momentum,20,0.5,CRSP XYZ RUN FTNT AMZN,0.5,-5.21865964376188
14,2018-10-19,momentum,20,0.5,XYZ MDB OKTA AMD AVAV,0.5,1.2596574931685645
14,2018-11-19,momentum,20,0.5,,0.0,0.0
14,2018-12-20,momentum,20,0.5,,0.0,0.0
14,2019-01-23,momentum,20,0.5,,0.0,0.0
14,2019-02-22,momentum,20,0.5,MDB OKTA AMD XYZ LLY,0.5,4.038101313315501
14,2019-03-25,momentum,20,0.5,MDB AMD OKTA IRDM KTOS,0.5,1.4852394979154138
14,2019-04-24,momentum,20,0.5,MDB AMD ZS IRDM OKTA,0.5,0.7556447746938089
14,2019-05-23,momentum,20,0.5,MDB ZS AMD IRDM OKTA,0.5,5.58049672306995
14,2019-06-24,momentum,20,0.5,MDB ENPH ZS OKTA KTOS,0.5,3.044985079371365
14,2019-07-24,momentum,20,0.5,MDB ENPH OKTA ZS AMD,0.5,4.006965795063322
14,2019-08-22,momentum,20,0.5,ENPH OKTA MDB ZS KTOS,0.5,-6.876376120375561
14,2019-09-23,momentum,20,0.5,ENPH SEDG OKTA SBUX MDB,0.5,-3.168877607474807
14,2019-10-22,momentum,20,0.5,ENPH SEDG TER KLAC PHM,0.5,-1.9821709678575994
14,2019-11-20,momentum,20,0.5,ENPH SEDG OKTA KLAC TER,0.5,6.2303008544116745
14,2019-12-20,momentum,20,0.5,ENPH CRSP AMD SEDG OKTA,0.5,3.8845573025866997
14,2020-01-23,momentum,20,0.5,ENPH SEDG AMD TER LRCX,0.5,9.848411101415099
14,2020-02-24,momentum,20,0.5,ENPH SEDG AMD TSLA AAPL,0.5,-19.525878630813388
14,2020-03-24,momentum,20,0.5,,0.0,0.0
14,2020-04-23,momentum,20,0.5,ENPH TSLA SEDG AMD REGN,0.5,9.761099873880497
14,2020-05-22,momentum,20,0.5,TSLA ENPH MRNA AMD NVDA,0.5,-0.7794967798078423
14,2020-06-23,momentum,20,0.5,MRNA TSLA ENPH NVDA SEDG,0.5,15.373473554583272
14,2020-07-23,momentum,20,0.5,MRNA TSLA SEDG ENPH NVDA,0.5,10.661996002703834
14,2020-08-21,momentum,20,0.5,TSLA MRNA RUN NVDA SEDG,0.5,1.493004834096201
14,2020-09-22,momentum,20,0.5,TSLA MRNA NVDA RUN AMD,0.5,1.96075458184497
14,2020-10-21,momentum,20,0.5,TSLA MRNA RUN ZS DDOG,0.5,1.3281694521148024
14,2020-11-19,momentum,20,0.5,TSLA ENPH RUN TWST SEDG,0.5,12.03407907198275
14,2020-12-21,momentum,20,0.5,TSLA ENPH TWST MRNA RUN,0.5,9.946857370187413
14,2021-01-22,momentum,20,0.5,TWST MRNA TSLA ENPH NET,0.5,-6.229838352055895
14,2021-02-23,momentum,20,0.5,PACB MRNA NTLA TWST TSLA,0.5,-2.5896038353497186
14,2021-03-24,momentum,20,0.5,PACB TSLA MSTR MRNA UUUU,0.5,5.72377023775319
14,2021-04-23,momentum,20,0.5,PACB MSTR BEAM TSLA NTLA,0.5,-9.705802049562385
14,2021-05-24,momentum,20,0.5,PACB MSTR TSLA FCX NTLA,0.5,4.234071983975607
14,2021-06-23,momentum,20,0.5,PACB MSTR UUUU FCX ENPH,0.5,-2.6141466010991765
14,2021-07-23,momentum,20,0.5,PACB MSTR NTLA BEAM NET,0.5,2.584501837389741
14,2021-08-23,momentum,20,0.5,NTLA MRNA MSTR BEAM NET,0.5,-2.8015748435339938
14,2021-09-22,momentum,20,0.5,NTLA MRNA BEAM NET UUUU,0.5,0.9165988244483891
14,2021-10-21,momentum,20,0.5,MRNA NTLA UUUU MSTR UEC,0.5,1.6585035013645388
14,2021-11-19,momentum,20,0.5,UUUU NTLA UEC MRNA MSTR,0.5,-7.620072296387437
14,2021-12-21,momentum,20,0.5,UUUU UEC NVDA NET FTNT,0.5,-9.45431608467765
14,2022-01-21,momentum,20,0.5,,0.0,0.0
14,2022-02-22,momentum,20,0.5,,0.0,0.0
14,2022-03-23,momentum,20,0.5,,0.0,0.0
14,2022-04-22,momentum,20,0.5,,0.0,0.0
14,2022-05-23,momentum,20,0.5,,0.0,0.0
14,2022-06-23,momentum,20,0.5,,0.0,0.0
14,2022-07-25,momentum,20,0.5,,0.0,0.0
14,2022-08-23,momentum,20,0.5,,0.0,0.0
14,2022-09-22,momentum,20,0.5,,0.0,0.0
14,2022-10-21,momentum,20,0.5,,0.0,0.0
14,2022-11-21,momentum,20,0.5,,0.0,0.0
14,2022-12-21,momentum,20,0.5,,0.0,0.0
14,2023-01-24,momentum,20,0.5,,0.0,0.0
14,2023-02-23,momentum,20,0.5,FSLR CEG MPC VLO IRDM,0.5,1.8159232109958179
14,2023-03-24,momentum,20,0.5,FSLR MPC IRDM GILD VLO,0.5,0.5173180635429597
14,2023-04-25,momentum,20,0.5,FSLR IRDM NFLX MPC ANET,0.5,-2.1486794541800247
14,2023-05-24,momentum,20,0.5,FSLR PACB IRDM NFLX DHI,0.5,2.8228436603125795
14,2023-06-26,momentum,20,0.5,FSLR PACB SYM NFLX IONQ,0.5,5.646072201984453
14,2023-07-26,momentum,20,0.5,PACB FSLR NVDA VRT IONQ,0.5,0.24048528504116984
14,2023-08-24,momentum,20,0.5,SYM NVDA IONQ VRT PHM,0.5,-4.611720954839804
14,2023-09-25,momentum,20,0.5,NVDA SYM VRT IONQ PHM,0.5,2.1733846313454652
14,2023-10-24,momentum,20,0.5,NVDA VRT IONQ SYM META,0.5,6.275703763348051
14,2023-11-22,momentum,20,0.5,SYM NVDA META VRT MSTR,0.5,3.0503237323507237
14,2023-12-22,momentum,20,0.5,SYM IONQ VRT COIN PLTR,0.5,-7.333344515044226
14,2024-01-25,momentum,20,0.5,SYM COIN VRT NVDA MSTR,0.5,12.121589037751178
14,2024-02-26,momentum,20,0.5,VRT NVDA CRWD META AMD,0.5,4.606285764554019
14,2024-03-26,momentum,20,0.5,VRT MSTR NVDA PLTR COIN,0.5,-8.18314479797536
14,2024-04-25,momentum,20,0.5,VRT MSTR COIN NVDA PLTR,0.5,4.924765905691286
14,2024-05-24,momentum,20,0.5,VRT MSTR COIN VST DELL,0.5,-6.402409905387141
14,2024-06-26,momentum,20,0.5,MSTR VRT VST COIN DELL,0.5,-3.5914965166899293
14,2024-07-26,momentum,20,0.5,VRT MSTR VST ASTS NVDA,0.5,8.866113657698115
14,2024-08-26,momentum,20,0.5,MSTR ASTS COIN TWST VST,0.5,0.7929593130317159
14,2024-09-25,momentum,20,0.5,ASTS MSTR NVDA VST PLTR,0.5,6.895493417645637
14,2024-10-24,momentum,20,0.5,ASTS VST MSTR SMR NVDA,0.5,14.30779598135219
14,2024-11-22,momentum,20,0.5,SMR ASTS MSTR VST HOOD,0.5,-9.00004214160367
14,2024-12-24,momentum,20,0.5,SMR MSTR LUNR VST RKLB,0.5,2.461089120374793
14,2025-01-28,momentum,20,0.5,QBTS RGTI SMR ASTS MSTR,0.5,-2.095030280446919
14,2025-02-27,momentum,20,0.5,SMR RGTI RDW RKLB ASTS,0.5,-0.543639358985093
14,2025-03-28,momentum,20,0.5,,0.0,0.0
14,2025-04-29,momentum,20,0.5,,0.0,0.0
14,2025-05-29,momentum,20,0.5,RGTI QBTS PLTR RKLB IONQ,0.5,1.1747078734478889
14,2025-06-30,momentum,20,0.5,QBTS RGTI IONQ OKLO RKLB,0.5,8.10087755363016
14,2025-07-30,momentum,20,0.5,QBTS RGTI RKLB OKLO IONQ,0.5,-1.5398745466931985
14,2025-08-28,momentum,20,0.5,QBTS RGTI OKLO RKLB SMR,0.5,19.54720898238589
14,2025-09-29,momentum,20,0.5,RGTI QBTS OKLO IONQ RKLB,0.5,13.182592853059138
14,2025-10-28,momentum,20,0.5,RGTI QBTS OKLO PL HOOD,0.5,-12.967689217177691
14,2025-11-26,momentum,20,0.5,RGTI QBTS OKLO LEU HOOD,0.5,-2.826489407273658
14,2025-12-29,momentum,20,0.5,OKLO LEU MP SYM HOOD,0.5,6.886020981282104
14,2026-01-29,momentum,20,0.5,QBTS PL ASTS MU LEU,0.5,-9.931714367011324
14,2026-03-02,momentum,20,0.5,UUUU PL MU ASTS RKLB,0.5,-7.00038243152723
14,2026-03-31,momentum,20,0.5,,0.0,0.0
14,2026-04-30,momentum,20,0.5,PL MU UUUU SEDG TER,0.5,19.616313509054173
14,2026-06-01,momentum,20,0.5,PL MU TER ALB MP,0.5,-3.214257344563598
14,2026-07-01,momentum,20,0.5,MU PL TER DELL SEDG,0.5,-9.74139736825581
14,2016-07-21,qqq,20,0.5,QQQ,0.5,1.5208444999207593
14,2016-08-19,qqq,20,0.5,QQQ,0.5,-0.2567644092361765
14,2016-09-20,qqq,20,0.5,QQQ,0.5,-0.09694430401376852
14,2016-10-19,qqq,20,0.5,QQQ,0.5,-0.5958868897072978
14,2016-11-17,qqq,20,0.5,QQQ,0.5,0.6172187580935518
14,2016-12-19,qqq,20,0.5,QQQ,0.5,0.7871870603395337
14,2017-01-20,qqq,20,0.5,QQQ,0.5,2.432634178119697
14,2017-02-21,qqq,20,0.5,QQQ,0.5,-0.3448173834986523
14,2017-03-22,qqq,20,0.5,QQQ,0.5,0.5396228730936148
14,2017-04-21,qqq,20,0.5,QQQ,0.5,1.1648841091933981
14,2017-05-22,qqq,20,0.5,QQQ,0.5,-0.13176818979767635
14,2017-06-21,qqq,20,0.5,QQQ,0.5,0.8835525006959388
14,2017-07-21,qqq,20,0.5,QQQ,0.5,-1.2368512935874931
14,2017-08-21,qqq,20,0.5,QQQ,0.5,1.2623694902119453
14,2017-09-20,qqq,20,0.5,QQQ,0.5,0.9871128284525188
14,2017-10-19,qqq,20,0.5,QQQ,0.5,1.6316112673828709
14,2017-11-17,qqq,20,0.5,QQQ,0.5,1.3367778681292908
14,2017-12-19,qqq,20,0.5,QQQ,0.5,2.29396692392565
14,2018-01-22,qqq,20,0.5,QQQ,0.5,-1.2376831820522183
14,2018-02-21,qqq,20,0.5,QQQ,0.5,0.2467315443871021
14,2018-03-22,qqq,20,0.5,QQQ,0.5,-0.3442047760821909
14,2018-04-23,qqq,20,0.5,QQQ,0.5,1.5062413186127
14,2018-05-22,qqq,20,0.5,QQQ,0.5,2.9489068755940373
14,2018-06-21,qqq,20,0.5,QQQ,0.5,0.5097257463604565
14,2018-07-23,qqq,20,0.5,QQQ,0.5,-0.7183401572260717
14,2018-08-21,qqq,20,0.5,QQQ,0.5,0.5024962561631208
14,2018-09-20,qqq,20,0.5,QQQ,0.5,-3.3996455693056427
14,2018-10-19,qqq,20,0.5,QQQ,0.5,-2.124385308400145
14,2018-11-19,qqq,20,0.5,,0.0,0.0
14,2018-12-20,qqq,20,0.5,,0.0,0.0
14,2019-01-23,qqq,20,0.5,,0.0,0.0
14,2019-02-22,qqq,20,0.5,QQQ,0.5,1.0856981644027597
14,2019-03-25,qqq,20,0.5,QQQ,0.5,2.7173642293924605
14,2019-04-24,qqq,20,0.5,QQQ,0.5,-2.881001493267088
14,2019-05-23,qqq,20,0.5,QQQ,0.5,2.3490784389282204
14,2019-06-24,qqq,20,0.5,QQQ,0.5,1.2746551451952692
14,2019-07-24,qqq,20,0.5,QQQ,0.5,-1.7483535320755306
14,2019-08-22,qqq,20,0.5,QQQ,0.5,0.8322657255846577
14,2019-09-23,qqq,20,0.5,QQQ,0.5,0.2757433186239888
14,2019-10-22,qqq,20,0.5,QQQ,0.5,2.845414337110941
14,2019-11-20,qqq,20,0.5,QQQ,0.5,1.9507593740966556
14,2019-12-20,qqq,20,0.5,QQQ,0.5,2.5361849202514053
14,2020-01-23,qqq,20,0.5,QQQ,0.5,0.7714780873992577
14,2020-02-24,qqq,20,0.5,QQQ,0.5,-11.932513501669328
14,2020-03-24,qqq,20,0.5,,0.0,0.0
14,2020-04-23,qqq,20,0.5,QQQ,0.5,3.9717846270678647
14,2020-05-22,qqq,20,0.5,QQQ,0.5,2.6946141450321592
14,2020-06-23,qqq,20,0.5,QQQ,0.5,3.1340270990275254
14,2020-07-23,qqq,20,0.5,QQQ,0.5,4.820854777323658
14,2020-08-21,qqq,20,0.5,QQQ,0.5,-3.3434202658626178
14,2020-09-22,qqq,20,0.5,QQQ,0.5,1.9918387393177195
14,2020-10-21,qqq,20,0.5,QQQ,0.5,0.6337699032784583
14,2020-11-19,qqq,20,0.5,QQQ,0.5,2.773453019179062
14,2020-12-21,qqq,20,0.5,QQQ,0.5,2.4015100784692933
14,2021-01-22,qqq,20,0.5,QQQ,0.5,-1.2280135087443078
14,2021-02-23,qqq,20,0.5,QQQ,0.5,-0.42409249228929635
14,2021-03-24,qqq,20,0.5,QQQ,0.5,3.8000764249778385
14,2021-04-23,qqq,20,0.5,QQQ,0.5,-2.103670938017732
14,2021-05-24,qqq,20,0.5,QQQ,0.5,1.8211259951697034
14,2021-06-23,qqq,20,0.5,QQQ,0.5,1.7734855953723816
14,2021-07-23,qqq,20,0.5,QQQ,0.5,-0.2168780060108011
14,2021-08-23,qqq,20,0.5,QQQ,0.5,-1.2187479892328157
14,2021-09-22,qqq,20,0.5,QQQ,0.5,0.31688437494463706
14,2021-10-21,qqq,20,0.5,QQQ,0.5,3.1605682271047764
14,2021-11-19,qqq,20,0.5,QQQ,0.5,-3.241712636239946
14,2021-12-21,qqq,20,0.5,QQQ,0.5,-3.7276045121861556
14,2022-01-21,qqq,20,0.5,,0.0,0.0
14,2022-02-22,qqq,20,0.5,,0.0,0.0
14,2022-03-23,qqq,20,0.5,,0.0,0.0
14,2022-04-22,qqq,20,0.5,,0.0,0.0
14,2022-05-23,qqq,20,0.5,,0.0,0.0
14,2022-06-23,qqq,20,0.5,,0.0,0.0
14,2022-07-25,qqq,20,0.5,,0.0,0.0
14,2022-08-23,qqq,20,0.5,,0.0,0.0
14,2022-09-22,qqq,20,0.5,,0.0,0.0
14,2022-10-21,qqq,20,0.5,,0.0,0.0
14,2022-11-21,qqq,20,0.5,,0.0,0.0
14,2022-12-21,qqq,20,0.5,,0.0,0.0
14,2023-01-24,qqq,20,0.5,,0.0,0.0
14,2023-02-23,qqq,20,0.5,QQQ,0.5,2.9000315798230814
14,2023-03-24,qqq,20,0.5,QQQ,0.5,0.4451604478250326
14,2023-04-25,qqq,20,0.5,QQQ,0.5,2.9124123099938393
14,2023-05-24,qqq,20,0.5,QQQ,0.5,3.256281570514785
14,2023-06-26,qqq,20,0.5,QQQ,0.5,2.4552289421067686
14,2023-07-26,qqq,20,0.5,QQQ,0.5,-2.0624253934334758
14,2023-08-24,qqq,20,0.5,QQQ,0.5,-0.7498073690360152
14,2023-09-25,qqq,20,0.5,QQQ,0.5,-0.43333055208740756
14,2023-10-24,qqq,20,0.5,QQQ,0.5,4.181733447505165
14,2023-11-22,qqq,20,0.5,QQQ,0.5,2.168191365052774
14,2023-12-22,qqq,20,0.5,QQQ,0.5,1.7934057617429833
14,2024-01-25,qqq,20,0.5,QQQ,0.5,1.1970522197213729
14,2024-02-26,qqq,20,0.5,QQQ,0.5,0.6234013329550869
14,2024-03-26,qqq,20,0.5,QQQ,0.5,-2.4703496819684645
14,2024-04-25,qqq,20,0.5,QQQ,0.5,2.7801955296007375
14,2024-05-24,qqq,20,0.5,QQQ,0.5,2.0217793756208913
14,2024-06-26,qqq,20,0.5,QQQ,0.5,-2.513496440612073
14,2024-07-26,qqq,20,0.5,QQQ,0.5,1.2771867648593505
14,2024-08-26,qqq,20,0.5,QQQ,0.5,1.0489838104095872
14,2024-09-25,qqq,20,0.5,QQQ,0.5,-0.7545774812176997
14,2024-10-24,qqq,20,0.5,QQQ,0.5,0.7393254801157267
14,2024-11-22,qqq,20,0.5,QQQ,0.5,1.0983568722036985
14,2024-12-24,qqq,20,0.5,QQQ,0.5,-1.5780789291942598
14,2025-01-28,qqq,20,0.5,QQQ,0.5,-1.001653480262954
14,2025-02-27,qqq,20,0.5,QQQ,0.5,-2.019220987488435
14,2025-03-28,qqq,20,0.5,,0.0,0.0
14,2025-04-29,qqq,20,0.5,,0.0,0.0
14,2025-05-29,qqq,20,0.5,QQQ,0.5,2.5536006518716015
14,2025-06-30,qqq,20,0.5,QQQ,0.5,1.3370919029038975
14,2025-07-30,qqq,20,0.5,QQQ,0.5,-0.3402921919706481
14,2025-08-28,qqq,20,0.5,QQQ,0.5,1.6553326499774812
14,2025-09-29,qqq,20,0.5,QQQ,0.5,2.2164117638068914
14,2025-10-28,qqq,20,0.5,QQQ,0.5,-2.3393111089613727
14,2025-11-26,qqq,20,0.5,QQQ,0.5,0.44376479518886125
14,2025-12-29,qqq,20,0.5,QQQ,0.5,0.8245527131458319
14,2026-01-29,qqq,20,0.5,QQQ,0.5,-1.7139700784572498
14,2026-03-02,qqq,20,0.5,QQQ,0.5,-3.365084587933931
14,2026-03-31,qqq,20,0.5,,0.0,0.0
14,2026-04-30,qqq,20,0.5,QQQ,0.5,4.891780759291597
14,2026-06-01,qqq,20,0.5,QQQ,0.5,-0.5972243923077936
14,2026-07-01,qqq,20,0.5,QQQ,0.5,-3.1312367415318287
